source_path	research_path	chunk_id	chunk_order	chunk_start_line	chunk_end_line	chunk_bytes	chunk_research_file	status
sources/os/plan9/9front/sys/src/cmd/audio/libvorbis/books/coupled/res_books_51.h	Docs/researches/sources/os/plan9/9front/sys/src/cmd/audio/libvorbis/books/coupled/res_books_51.h_research.md	chunk_sources_os_plan9_9front_sys_src_cmd_audio_libvorbis_books_coupled_res_bo_76c5ded57884	1	1	7052	262111	Docs/researches/chunks/chunk_sources_os_plan9_9front_sys_src_cmd_audio_libvorbis_books_coupled_res_bo_76c5ded57884_research.md	ok
sources/os/plan9/9front/sys/src/cmd/audio/libvorbis/books/coupled/res_books_51.h	Docs/researches/sources/os/plan9/9front/sys/src/cmd/audio/libvorbis/books/coupled/res_books_51.h_research.md	chunk_sources_os_plan9_9front_sys_src_cmd_audio_libvorbis_books_coupled_res_bo_37f115d9e336	2	7053	12273	197481	Docs/researches/chunks/chunk_sources_os_plan9_9front_sys_src_cmd_audio_libvorbis_books_coupled_res_bo_37f115d9e336_research.md	ok
sources/os/plan9/9front/sys/src/cmd/audio/libvorbis/books/coupled/res_books_stereo.h	Docs/researches/sources/os/plan9/9front/sys/src/cmd/audio/libvorbis/books/coupled/res_books_stereo.h_research.md	chunk_sources_os_plan9_9front_sys_src_cmd_audio_libvorbis_books_coupled_res_bo_67a0944e899d	1	1	6319	262125	Docs/researches/chunks/chunk_sources_os_plan9_9front_sys_src_cmd_audio_libvorbis_books_coupled_res_bo_67a0944e899d_research.md	ok
sources/os/plan9/9front/sys/src/cmd/audio/libvorbis/books/coupled/res_books_stereo.h	Docs/researches/sources/os/plan9/9front/sys/src/cmd/audio/libvorbis/books/coupled/res_books_stereo.h_research.md	chunk_sources_os_plan9_9front_sys_src_cmd_audio_libvorbis_books_coupled_res_bo_baf3ef464269	2	6320	13303	262100	Docs/researches/chunks/chunk_sources_os_plan9_9front_sys_src_cmd_audio_libvorbis_books_coupled_res_bo_baf3ef464269_research.md	ok
sources/os/plan9/9front/sys/src/cmd/audio/libvorbis/books/coupled/res_books_stereo.h	Docs/researches/sources/os/plan9/9front/sys/src/cmd/audio/libvorbis/books/coupled/res_books_stereo.h_research.md	chunk_sources_os_plan9_9front_sys_src_cmd_audio_libvorbis_books_coupled_res_bo_2e22d0e34269	3	13304	15782	105310	Docs/researches/chunks/chunk_sources_os_plan9_9front_sys_src_cmd_audio_libvorbis_books_coupled_res_bo_2e22d0e34269_research.md	ok
sources/os/plan9/9front/sys/src/cmd/gs/icclib/icc.c	Docs/researches/sources/os/plan9/9front/sys/src/cmd/gs/icclib/icc.c_research.md	chunk_sources_os_plan9_9front_sys_src_cmd_gs_icclib_icc_c_1_1_9299_097a14b7666f	1	1	9299	262143	Docs/researches/chunks/chunk_sources_os_plan9_9front_sys_src_cmd_gs_icclib_icc_c_1_1_9299_097a14b7666f_research.md	ok
sources/os/plan9/9front/sys/src/cmd/gs/icclib/icc.c	Docs/researches/sources/os/plan9/9front/sys/src/cmd/gs/icclib/icc.c_research.md	chunk_sources_os_plan9_9front_sys_src_cmd_gs_icclib_icc_c_2_9300_12776_a01e27881288	2	9300	12776	100576	Docs/researches/chunks/chunk_sources_os_plan9_9front_sys_src_cmd_gs_icclib_icc_c_2_9300_12776_a01e27881288_research.md	ok
sources/os/plan9/9front/sys/src/cmd/gs/src/gdevupd.c	Docs/researches/sources/os/plan9/9front/sys/src/cmd/gs/src/gdevupd.c_research.md	chunk_sources_os_plan9_9front_sys_src_cmd_gs_src_gdevupd_c_1_1_7500_04212c3af4f5	1	1	7500	262126	Docs/researches/chunks/chunk_sources_os_plan9_9front_sys_src_cmd_gs_src_gdevupd_c_1_1_7500_04212c3af4f5_research.md	ok
sources/os/plan9/9front/sys/src/cmd/gs/src/gdevupd.c	Docs/researches/sources/os/plan9/9front/sys/src/cmd/gs/src/gdevupd.c_research.md	chunk_sources_os_plan9_9front_sys_src_cmd_gs_src_gdevupd_c_2_7501_7642_724fcc7e6725	2	7501	7642	2898	Docs/researches/chunks/chunk_sources_os_plan9_9front_sys_src_cmd_gs_src_gdevupd_c_2_7501_7642_724fcc7e6725_research.md	ok
sources/cow-pools/bcachefs-tools/linux/unicode/utf8data.c	Docs/researches/sources/cow-pools/bcachefs-tools/linux/unicode/utf8data.c_research.md	chunk_sources_cow_pools_bcachefs_tools_linux_unicode_utf8data_c_1_1_3268_fe075f187e2d	1	1	3268	262070	Docs/researches/chunks/chunk_sources_cow_pools_bcachefs_tools_linux_unicode_utf8data_c_1_1_3268_fe075f187e2d_research.md	ok
sources/cow-pools/bcachefs-tools/linux/unicode/utf8data.c	Docs/researches/sources/cow-pools/bcachefs-tools/linux/unicode/utf8data.c_research.md	chunk_sources_cow_pools_bcachefs_tools_linux_unicode_utf8data_c_2_3269_4124_1c474454cf03	2	3269	4124	69216	Docs/researches/chunks/chunk_sources_cow_pools_bcachefs_tools_linux_unicode_utf8data_c_2_3269_4124_1c474454cf03_research.md	ok
sources/cow-pools/bcachefs-tools/raid/tables.c	Docs/researches/sources/cow-pools/bcachefs-tools/raid/tables.c_research.md	chunk_sources_cow_pools_bcachefs_tools_raid_tables_c_1_1_5550_593a78c75e17	1	1	5550	262115	Docs/researches/chunks/chunk_sources_cow_pools_bcachefs_tools_raid_tables_c_1_1_5550_593a78c75e17_research.md	ok
sources/cow-pools/bcachefs-tools/raid/tables.c	Docs/researches/sources/cow-pools/bcachefs-tools/raid/tables.c_research.md	chunk_sources_cow_pools_bcachefs_tools_raid_tables_c_2_5551_10950_5457c1428a40	2	5551	10950	262044	Docs/researches/chunks/chunk_sources_cow_pools_bcachefs_tools_raid_tables_c_2_5551_10950_5457c1428a40_research.md	ok
sources/cow-pools/bcachefs-tools/raid/tables.c	Docs/researches/sources/cow-pools/bcachefs-tools/raid/tables.c_research.md	chunk_sources_cow_pools_bcachefs_tools_raid_tables_c_3_10951_14696_0327d36dcc0b	3	10951	14696	184636	Docs/researches/chunks/chunk_sources_cow_pools_bcachefs_tools_raid_tables_c_3_10951_14696_0327d36dcc0b_research.md	ok
sources/local-fs/btrfs-linux/fs/btrfs/inode.c	Docs/researches/sources/local-fs/btrfs-linux/fs/btrfs/inode.c_research.md	chunk_sources_local_fs_btrfs_linux_fs_btrfs_inode_c_1_1_8840_c02e9cd2b428	1	1	8840	262079	Docs/researches/chunks/chunk_sources_local_fs_btrfs_linux_fs_btrfs_inode_c_1_1_8840_c02e9cd2b428_research.md	ok
sources/local-fs/btrfs-linux/fs/btrfs/inode.c	Docs/researches/sources/local-fs/btrfs-linux/fs/btrfs/inode.c_research.md	chunk_sources_local_fs_btrfs_linux_fs_btrfs_inode_c_2_8841_10805_c03661321e47	2	8841	10805	56053	Docs/researches/chunks/chunk_sources_local_fs_btrfs_linux_fs_btrfs_inode_c_2_8841_10805_c03661321e47_research.md	ok
sources/local-fs/btrfs-progs/check/main.c	Docs/researches/sources/local-fs/btrfs-progs/check/main.c_research.md	chunk_sources_local_fs_btrfs_progs_check_main_c_1_1_10053_2da56e08050c	1	1	10053	262134	Docs/researches/chunks/chunk_sources_local_fs_btrfs_progs_check_main_c_1_1_10053_2da56e08050c_research.md	ok
sources/local-fs/btrfs-progs/check/main.c	Docs/researches/sources/local-fs/btrfs-progs/check/main.c_research.md	chunk_sources_local_fs_btrfs_progs_check_main_c_2_10054_11197_cfa2d051d725	2	10054	11197	31395	Docs/researches/chunks/chunk_sources_local_fs_btrfs_progs_check_main_c_2_10054_11197_cfa2d051d725_research.md	ok
sources/local-fs/btrfs-progs/kernel-lib/tables.c	Docs/researches/sources/local-fs/btrfs-progs/kernel-lib/tables.c_research.md	chunk_sources_local_fs_btrfs_progs_kernel_lib_tables_c_1_1_5550_75501801234d	1	1	5550	262135	Docs/researches/chunks/chunk_sources_local_fs_btrfs_progs_kernel_lib_tables_c_1_1_5550_75501801234d_research.md	ok
sources/local-fs/btrfs-progs/kernel-lib/tables.c	Docs/researches/sources/local-fs/btrfs-progs/kernel-lib/tables.c_research.md	chunk_sources_local_fs_btrfs_progs_kernel_lib_tables_c_2_5551_10362_216240e207a8	2	5551	10362	207309	Docs/researches/chunks/chunk_sources_local_fs_btrfs_progs_kernel_lib_tables_c_2_5551_10362_216240e207a8_research.md	ok
sources/local-fs/e2fsprogs/lib/ext2fs/utf8data.h	Docs/researches/sources/local-fs/e2fsprogs/lib/ext2fs/utf8data.h_research.md	chunk_sources_local_fs_e2fsprogs_lib_ext2fs_utf8data_h_1_1_3269_2bb4d7e366be	1	1	3269	262143	Docs/researches/chunks/chunk_sources_local_fs_e2fsprogs_lib_ext2fs_utf8data_h_1_1_3269_2bb4d7e366be_research.md	ok
sources/local-fs/e2fsprogs/lib/ext2fs/utf8data.h	Docs/researches/sources/local-fs/e2fsprogs/lib/ext2fs/utf8data.h_research.md	chunk_sources_local_fs_e2fsprogs_lib_ext2fs_utf8data_h_2_3270_4109_8951243e34b4	2	3270	4109	68800	Docs/researches/chunks/chunk_sources_local_fs_e2fsprogs_lib_ext2fs_utf8data_h_2_3270_4109_8951243e34b4_research.md	ok
sources/os/bsd/freebsd-src/sbin/camcontrol/camcontrol.c	Docs/researches/sources/os/bsd/freebsd-src/sbin/camcontrol/camcontrol.c_research.md	chunk_sources_os_bsd_freebsd_src_sbin_camcontrol_camcontrol_c_1_1_10176_dc522f0a1b7b	1	1	10176	262134	Docs/researches/chunks/chunk_sources_os_bsd_freebsd_src_sbin_camcontrol_camcontrol_c_1_1_10176_dc522f0a1b7b_research.md	ok
sources/os/bsd/freebsd-src/sbin/camcontrol/camcontrol.c	Docs/researches/sources/os/bsd/freebsd-src/sbin/camcontrol/camcontrol.c_research.md	chunk_sources_os_bsd_freebsd_src_sbin_camcontrol_camcontrol_c_2_10177_10823_ae1bc8d8b3e7	2	10177	10823	24058	Docs/researches/chunks/chunk_sources_os_bsd_freebsd_src_sbin_camcontrol_camcontrol_c_2_10177_10823_ae1bc8d8b3e7_research.md	ok
sources/os/bsd/freebsd-src/sys/fs/nfsclient/nfs_clrpcops.c	Docs/researches/sources/os/bsd/freebsd-src/sys/fs/nfsclient/nfs_clrpcops.c_research.md	chunk_sources_os_bsd_freebsd_src_sys_fs_nfsclient_nfs_clrpcops_c_1_1_8651_6f1131018eac	1	1	8651	262123	Docs/researches/chunks/chunk_sources_os_bsd_freebsd_src_sys_fs_nfsclient_nfs_clrpcops_c_1_1_8651_6f1131018eac_research.md	ok
sources/os/bsd/freebsd-src/sys/fs/nfsclient/nfs_clrpcops.c	Docs/researches/sources/os/bsd/freebsd-src/sys/fs/nfsclient/nfs_clrpcops.c_research.md	chunk_sources_os_bsd_freebsd_src_sys_fs_nfsclient_nfs_clrpcops_c_2_8652_9979_6867bbc367d5	2	8652	9979	39746	Docs/researches/chunks/chunk_sources_os_bsd_freebsd_src_sys_fs_nfsclient_nfs_clrpcops_c_2_8652_9979_6867bbc367d5_research.md	ok
sources/os/bsd/freebsd-src/sys/ufs/ffs/ffs_softdep.c	Docs/researches/sources/os/bsd/freebsd-src/sys/ufs/ffs/ffs_softdep.c_research.md	chunk_sources_os_bsd_freebsd_src_sys_ufs_ffs_ffs_softdep_c_1_1_8878_8237500410aa	1	1	8878	262108	Docs/researches/chunks/chunk_sources_os_bsd_freebsd_src_sys_ufs_ffs_ffs_softdep_c_1_1_8878_8237500410aa_research.md	ok
sources/os/bsd/freebsd-src/sys/ufs/ffs/ffs_softdep.c	Docs/researches/sources/os/bsd/freebsd-src/sys/ufs/ffs/ffs_softdep.c_research.md	chunk_sources_os_bsd_freebsd_src_sys_ufs_ffs_ffs_softdep_c_2_8879_15020_27b5e3ebbd0b	2	8879	15020	176949	Docs/researches/chunks/chunk_sources_os_bsd_freebsd_src_sys_ufs_ffs_ffs_softdep_c_2_8879_15020_27b5e3ebbd0b_research.md	ok
sources/os/illumos/illumos-gate/usr/src/uts/common/fs/nfs/nfs4_srv.c	Docs/researches/sources/os/illumos/illumos-gate/usr/src/uts/common/fs/nfs/nfs4_srv.c_research.md	chunk_sources_os_illumos_illumos_gate_usr_src_uts_common_fs_nfs_nfs4_srv_c_1_1_aaf06cf9ec1f	1	1	10241	262093	Docs/researches/chunks/chunk_sources_os_illumos_illumos_gate_usr_src_uts_common_fs_nfs_nfs4_srv_c_1_1_aaf06cf9ec1f_research.md	ok
sources/os/illumos/illumos-gate/usr/src/uts/common/fs/nfs/nfs4_srv.c	Docs/researches/sources/os/illumos/illumos-gate/usr/src/uts/common/fs/nfs/nfs4_srv.c_research.md	chunk_sources_os_illumos_illumos_gate_usr_src_uts_common_fs_nfs_nfs4_srv_c_2_1_f573cab820d6	2	10242	10676	10556	Docs/researches/chunks/chunk_sources_os_illumos_illumos_gate_usr_src_uts_common_fs_nfs_nfs4_srv_c_2_1_f573cab820d6_research.md	ok
sources/os/illumos/illumos-gate/usr/src/uts/common/fs/nfs/nfs4_vnops.c	Docs/researches/sources/os/illumos/illumos-gate/usr/src/uts/common/fs/nfs/nfs4_vnops.c_research.md	chunk_sources_os_illumos_illumos_gate_usr_src_uts_common_fs_nfs_nfs4_vnops_c_1_473a3c3ffae8	1	1	9830	262136	Docs/researches/chunks/chunk_sources_os_illumos_illumos_gate_usr_src_uts_common_fs_nfs_nfs4_vnops_c_1_473a3c3ffae8_research.md	ok
sources/os/illumos/illumos-gate/usr/src/uts/common/fs/nfs/nfs4_vnops.c	Docs/researches/sources/os/illumos/illumos-gate/usr/src/uts/common/fs/nfs/nfs4_vnops.c_research.md	chunk_sources_os_illumos_illumos_gate_usr_src_uts_common_fs_nfs_nfs4_vnops_c_2_a52383817e0a	2	9831	16006	167484	Docs/researches/chunks/chunk_sources_os_illumos_illumos_gate_usr_src_uts_common_fs_nfs_nfs4_vnops_c_2_a52383817e0a_research.md	ok
sources/os/illumos/illumos-gate/usr/src/uts/common/fs/zfs/arc.c	Docs/researches/sources/os/illumos/illumos-gate/usr/src/uts/common/fs/zfs/arc.c_research.md	chunk_sources_os_illumos_illumos_gate_usr_src_uts_common_fs_zfs_arc_c_1_1_8413_77d747229b5c	1	1	8413	262128	Docs/researches/chunks/chunk_sources_os_illumos_illumos_gate_usr_src_uts_common_fs_zfs_arc_c_1_1_8413_77d747229b5c_research.md	ok
sources/os/illumos/illumos-gate/usr/src/uts/common/fs/zfs/arc.c	Docs/researches/sources/os/illumos/illumos-gate/usr/src/uts/common/fs/zfs/arc.c_research.md	chunk_sources_os_illumos_illumos_gate_usr_src_uts_common_fs_zfs_arc_c_2_8414_1_814f185db0d5	2	8414	10052	49975	Docs/researches/chunks/chunk_sources_os_illumos_illumos_gate_usr_src_uts_common_fs_zfs_arc_c_2_8414_1_814f185db0d5_research.md	ok
sources/os/illumos/illumos-gate/usr/src/uts/common/sys/fibre-channel/fca/emlxs/fw_lp10000.h	Docs/researches/sources/os/illumos/illumos-gate/usr/src/uts/common/sys/fibre-channel/fca/emlxs/fw_lp10000.h_research.md	chunk_sources_os_illumos_illumos_gate_usr_src_uts_common_sys_fibre_channel_fca_1739d1b83eae	1	1	3335	262144	Docs/researches/chunks/chunk_sources_os_illumos_illumos_gate_usr_src_uts_common_sys_fibre_channel_fca_1739d1b83eae_research.md	ok
sources/os/illumos/illumos-gate/usr/src/uts/common/sys/fibre-channel/fca/emlxs/fw_lp10000.h	Docs/researches/sources/os/illumos/illumos-gate/usr/src/uts/common/sys/fibre-channel/fca/emlxs/fw_lp10000.h_research.md	chunk_sources_os_illumos_illumos_gate_usr_src_uts_common_sys_fibre_channel_fca_45cc43fcd9a3	2	3336	6653	262122	Docs/researches/chunks/chunk_sources_os_illumos_illumos_gate_usr_src_uts_common_sys_fibre_channel_fca_45cc43fcd9a3_research.md	ok
sources/os/illumos/illumos-gate/usr/src/uts/common/sys/fibre-channel/fca/emlxs/fw_lp10000.h	Docs/researches/sources/os/illumos/illumos-gate/usr/src/uts/common/sys/fibre-channel/fca/emlxs/fw_lp10000.h_research.md	chunk_sources_os_illumos_illumos_gate_usr_src_uts_common_sys_fibre_channel_fca_65590f147b84	3	6654	9971	262122	Docs/researches/chunks/chunk_sources_os_illumos_illumos_gate_usr_src_uts_common_sys_fibre_channel_fca_65590f147b84_research.md	ok
sources/os/illumos/illumos-gate/usr/src/uts/common/sys/fibre-channel/fca/emlxs/fw_lp10000.h	Docs/researches/sources/os/illumos/illumos-gate/usr/src/uts/common/sys/fibre-channel/fca/emlxs/fw_lp10000.h_research.md	chunk_sources_os_illumos_illumos_gate_usr_src_uts_common_sys_fibre_channel_fca_a99a3e6f4ed9	4	9972	13289	262122	Docs/researches/chunks/chunk_sources_os_illumos_illumos_gate_usr_src_uts_common_sys_fibre_channel_fca_a99a3e6f4ed9_research.md	ok
sources/os/illumos/illumos-gate/usr/src/uts/common/sys/fibre-channel/fca/emlxs/fw_lp10000.h	Docs/researches/sources/os/illumos/illumos-gate/usr/src/uts/common/sys/fibre-channel/fca/emlxs/fw_lp10000.h_research.md	chunk_sources_os_illumos_illumos_gate_usr_src_uts_common_sys_fibre_channel_fca_25aece8532a7	5	13290	16607	262122	Docs/researches/chunks/chunk_sources_os_illumos_illumos_gate_usr_src_uts_common_sys_fibre_channel_fca_25aece8532a7_research.md	ok
sources/os/illumos/illumos-gate/usr/src/uts/common/sys/fibre-channel/fca/emlxs/fw_lp10000.h	Docs/researches/sources/os/illumos/illumos-gate/usr/src/uts/common/sys/fibre-channel/fca/emlxs/fw_lp10000.h_research.md	chunk_sources_os_illumos_illumos_gate_usr_src_uts_common_sys_fibre_channel_fca_ad94bfd2aed5	6	16608	19925	262122	Docs/researches/chunks/chunk_sources_os_illumos_illumos_gate_usr_src_uts_common_sys_fibre_channel_fca_ad94bfd2aed5_research.md	ok
sources/os/illumos/illumos-gate/usr/src/uts/common/sys/fibre-channel/fca/emlxs/fw_lp10000.h	Docs/researches/sources/os/illumos/illumos-gate/usr/src/uts/common/sys/fibre-channel/fca/emlxs/fw_lp10000.h_research.md	chunk_sources_os_illumos_illumos_gate_usr_src_uts_common_sys_fibre_channel_fca_2ef8cc70cb38	7	19926	23243	262122	Docs/researches/chunks/chunk_sources_os_illumos_illumos_gate_usr_src_uts_common_sys_fibre_channel_fca_2ef8cc70cb38_research.md	ok
sources/os/illumos/illumos-gate/usr/src/uts/common/sys/fibre-channel/fca/emlxs/fw_lp10000.h	Docs/researches/sources/os/illumos/illumos-gate/usr/src/uts/common/sys/fibre-channel/fca/emlxs/fw_lp10000.h_research.md	chunk_sources_os_illumos_illumos_gate_usr_src_uts_common_sys_fibre_channel_fca_d8ea1e50d862	8	23244	26561	262122	Docs/researches/chunks/chunk_sources_os_illumos_illumos_gate_usr_src_uts_common_sys_fibre_channel_fca_d8ea1e50d862_research.md	ok
sources/os/illumos/illumos-gate/usr/src/uts/common/sys/fibre-channel/fca/emlxs/fw_lp10000.h	Docs/researches/sources/os/illumos/illumos-gate/usr/src/uts/common/sys/fibre-channel/fca/emlxs/fw_lp10000.h_research.md	chunk_sources_os_illumos_illumos_gate_usr_src_uts_common_sys_fibre_channel_fca_402db5dbc1dd	9	26562	29879	262122	Docs/researches/chunks/chunk_sources_os_illumos_illumos_gate_usr_src_uts_common_sys_fibre_channel_fca_402db5dbc1dd_research.md	ok
sources/os/illumos/illumos-gate/usr/src/uts/common/sys/fibre-channel/fca/emlxs/fw_lp10000.h	Docs/researches/sources/os/illumos/illumos-gate/usr/src/uts/common/sys/fibre-channel/fca/emlxs/fw_lp10000.h_research.md	chunk_sources_os_illumos_illumos_gate_usr_src_uts_common_sys_fibre_channel_fca_048cf4902ee9	10	29880	33197	262122	Docs/researches/chunks/chunk_sources_os_illumos_illumos_gate_usr_src_uts_common_sys_fibre_channel_fca_048cf4902ee9_research.md	ok
sources/os/illumos/illumos-gate/usr/src/uts/common/sys/fibre-channel/fca/emlxs/fw_lp10000.h	Docs/researches/sources/os/illumos/illumos-gate/usr/src/uts/common/sys/fibre-channel/fca/emlxs/fw_lp10000.h_research.md	chunk_sources_os_illumos_illumos_gate_usr_src_uts_common_sys_fibre_channel_fca_108d43e7d513	11	33198	36515	262122	Docs/researches/chunks/chunk_sources_os_illumos_illumos_gate_usr_src_uts_common_sys_fibre_channel_fca_108d43e7d513_research.md	ok
sources/os/illumos/illumos-gate/usr/src/uts/common/sys/fibre-channel/fca/emlxs/fw_lp10000.h	Docs/researches/sources/os/illumos/illumos-gate/usr/src/uts/common/sys/fibre-channel/fca/emlxs/fw_lp10000.h_research.md	chunk_sources_os_illumos_illumos_gate_usr_src_uts_common_sys_fibre_channel_fca_7ee112fc2008	12	36516	39833	262122	Docs/researches/chunks/chunk_sources_os_illumos_illumos_gate_usr_src_uts_common_sys_fibre_channel_fca_7ee112fc2008_research.md	ok
sources/os/illumos/illumos-gate/usr/src/uts/common/sys/fibre-channel/fca/emlxs/fw_lp10000.h	Docs/researches/sources/os/illumos/illumos-gate/usr/src/uts/common/sys/fibre-channel/fca/emlxs/fw_lp10000.h_research.md	chunk_sources_os_illumos_illumos_gate_usr_src_uts_common_sys_fibre_channel_fca_289fbbfbb843	13	39834	43151	262122	Docs/researches/chunks/chunk_sources_os_illumos_illumos_gate_usr_src_uts_common_sys_fibre_channel_fca_289fbbfbb843_research.md	ok
sources/os/illumos/illumos-gate/usr/src/uts/common/sys/fibre-channel/fca/emlxs/fw_lp10000.h	Docs/researches/sources/os/illumos/illumos-gate/usr/src/uts/common/sys/fibre-channel/fca/emlxs/fw_lp10000.h_research.md	chunk_sources_os_illumos_illumos_gate_usr_src_uts_common_sys_fibre_channel_fca_7f7b8285be96	14	43152	46469	262122	Docs/researches/chunks/chunk_sources_os_illumos_illumos_gate_usr_src_uts_common_sys_fibre_channel_fca_7f7b8285be96_research.md	ok
sources/os/illumos/illumos-gate/usr/src/uts/common/sys/fibre-channel/fca/emlxs/fw_lp10000.h	Docs/researches/sources/os/illumos/illumos-gate/usr/src/uts/common/sys/fibre-channel/fca/emlxs/fw_lp10000.h_research.md	chunk_sources_os_illumos_illumos_gate_usr_src_uts_common_sys_fibre_channel_fca_c867571b9d83	15	46470	47050	44822	Docs/researches/chunks/chunk_sources_os_illumos_illumos_gate_usr_src_uts_common_sys_fibre_channel_fca_c867571b9d83_research.md	ok
sources/os/illumos/illumos-gate/usr/src/uts/common/sys/fibre-channel/fca/emlxs/fw_lp11000.h	Docs/researches/sources/os/illumos/illumos-gate/usr/src/uts/common/sys/fibre-channel/fca/emlxs/fw_lp11000.h_research.md	chunk_sources_os_illumos_illumos_gate_usr_src_uts_common_sys_fibre_channel_fca_acbe890ccbe1	1	1	3335	262144	Docs/researches/chunks/chunk_sources_os_illumos_illumos_gate_usr_src_uts_common_sys_fibre_channel_fca_acbe890ccbe1_research.md	ok
sources/os/illumos/illumos-gate/usr/src/uts/common/sys/fibre-channel/fca/emlxs/fw_lp11000.h	Docs/researches/sources/os/illumos/illumos-gate/usr/src/uts/common/sys/fibre-channel/fca/emlxs/fw_lp11000.h_research.md	chunk_sources_os_illumos_illumos_gate_usr_src_uts_common_sys_fibre_channel_fca_de7a282f8f12	2	3336	6653	262122	Docs/researches/chunks/chunk_sources_os_illumos_illumos_gate_usr_src_uts_common_sys_fibre_channel_fca_de7a282f8f12_research.md	ok
sources/os/illumos/illumos-gate/usr/src/uts/common/sys/fibre-channel/fca/emlxs/fw_lp11000.h	Docs/researches/sources/os/illumos/illumos-gate/usr/src/uts/common/sys/fibre-channel/fca/emlxs/fw_lp11000.h_research.md	chunk_sources_os_illumos_illumos_gate_usr_src_uts_common_sys_fibre_channel_fca_cdb883604135	3	6654	9971	262122	Docs/researches/chunks/chunk_sources_os_illumos_illumos_gate_usr_src_uts_common_sys_fibre_channel_fca_cdb883604135_research.md	ok
sources/os/illumos/illumos-gate/usr/src/uts/common/sys/fibre-channel/fca/emlxs/fw_lp11000.h	Docs/researches/sources/os/illumos/illumos-gate/usr/src/uts/common/sys/fibre-channel/fca/emlxs/fw_lp11000.h_research.md	chunk_sources_os_illumos_illumos_gate_usr_src_uts_common_sys_fibre_channel_fca_ae52f659f7eb	4	9972	13289	262122	Docs/researches/chunks/chunk_sources_os_illumos_illumos_gate_usr_src_uts_common_sys_fibre_channel_fca_ae52f659f7eb_research.md	ok
sources/os/illumos/illumos-gate/usr/src/uts/common/sys/fibre-channel/fca/emlxs/fw_lp11000.h	Docs/researches/sources/os/illumos/illumos-gate/usr/src/uts/common/sys/fibre-channel/fca/emlxs/fw_lp11000.h_research.md	chunk_sources_os_illumos_illumos_gate_usr_src_uts_common_sys_fibre_channel_fca_93f56fe813e8	5	13290	16607	262122	Docs/researches/chunks/chunk_sources_os_illumos_illumos_gate_usr_src_uts_common_sys_fibre_channel_fca_93f56fe813e8_research.md	ok
sources/os/illumos/illumos-gate/usr/src/uts/common/sys/fibre-channel/fca/emlxs/fw_lp11000.h	Docs/researches/sources/os/illumos/illumos-gate/usr/src/uts/common/sys/fibre-channel/fca/emlxs/fw_lp11000.h_research.md	chunk_sources_os_illumos_illumos_gate_usr_src_uts_common_sys_fibre_channel_fca_90661df2152e	6	16608	19925	262122	Docs/researches/chunks/chunk_sources_os_illumos_illumos_gate_usr_src_uts_common_sys_fibre_channel_fca_90661df2152e_research.md	ok
sources/os/illumos/illumos-gate/usr/src/uts/common/sys/fibre-channel/fca/emlxs/fw_lp11000.h	Docs/researches/sources/os/illumos/illumos-gate/usr/src/uts/common/sys/fibre-channel/fca/emlxs/fw_lp11000.h_research.md	chunk_sources_os_illumos_illumos_gate_usr_src_uts_common_sys_fibre_channel_fca_e202f101e3f0	7	19926	23243	262122	Docs/researches/chunks/chunk_sources_os_illumos_illumos_gate_usr_src_uts_common_sys_fibre_channel_fca_e202f101e3f0_research.md	ok
sources/os/illumos/illumos-gate/usr/src/uts/common/sys/fibre-channel/fca/emlxs/fw_lp11000.h	Docs/researches/sources/os/illumos/illumos-gate/usr/src/uts/common/sys/fibre-channel/fca/emlxs/fw_lp11000.h_research.md	chunk_sources_os_illumos_illumos_gate_usr_src_uts_common_sys_fibre_channel_fca_75b656a389e6	8	23244	26561	262122	Docs/researches/chunks/chunk_sources_os_illumos_illumos_gate_usr_src_uts_common_sys_fibre_channel_fca_75b656a389e6_research.md	ok
sources/os/illumos/illumos-gate/usr/src/uts/common/sys/fibre-channel/fca/emlxs/fw_lp11000.h	Docs/researches/sources/os/illumos/illumos-gate/usr/src/uts/common/sys/fibre-channel/fca/emlxs/fw_lp11000.h_research.md	chunk_sources_os_illumos_illumos_gate_usr_src_uts_common_sys_fibre_channel_fca_c0851181ba9f	9	26562	29879	262122	Docs/researches/chunks/chunk_sources_os_illumos_illumos_gate_usr_src_uts_common_sys_fibre_channel_fca_c0851181ba9f_research.md	ok
sources/os/illumos/illumos-gate/usr/src/uts/common/sys/fibre-channel/fca/emlxs/fw_lp11000.h	Docs/researches/sources/os/illumos/illumos-gate/usr/src/uts/common/sys/fibre-channel/fca/emlxs/fw_lp11000.h_research.md	chunk_sources_os_illumos_illumos_gate_usr_src_uts_common_sys_fibre_channel_fca_6cb0400f05e6	10	29880	33197	262122	Docs/researches/chunks/chunk_sources_os_illumos_illumos_gate_usr_src_uts_common_sys_fibre_channel_fca_6cb0400f05e6_research.md	ok
sources/os/illumos/illumos-gate/usr/src/uts/common/sys/fibre-channel/fca/emlxs/fw_lp11000.h	Docs/researches/sources/os/illumos/illumos-gate/usr/src/uts/common/sys/fibre-channel/fca/emlxs/fw_lp11000.h_research.md	chunk_sources_os_illumos_illumos_gate_usr_src_uts_common_sys_fibre_channel_fca_88aef9097957	11	33198	36515	262122	Docs/researches/chunks/chunk_sources_os_illumos_illumos_gate_usr_src_uts_common_sys_fibre_channel_fca_88aef9097957_research.md	ok
sources/os/illumos/illumos-gate/usr/src/uts/common/sys/fibre-channel/fca/emlxs/fw_lp11000.h	Docs/researches/sources/os/illumos/illumos-gate/usr/src/uts/common/sys/fibre-channel/fca/emlxs/fw_lp11000.h_research.md	chunk_sources_os_illumos_illumos_gate_usr_src_uts_common_sys_fibre_channel_fca_8ff339dced19	12	36516	39833	262122	Docs/researches/chunks/chunk_sources_os_illumos_illumos_gate_usr_src_uts_common_sys_fibre_channel_fca_8ff339dced19_research.md	ok
sources/os/illumos/illumos-gate/usr/src/uts/common/sys/fibre-channel/fca/emlxs/fw_lp11000.h	Docs/researches/sources/os/illumos/illumos-gate/usr/src/uts/common/sys/fibre-channel/fca/emlxs/fw_lp11000.h_research.md	chunk_sources_os_illumos_illumos_gate_usr_src_uts_common_sys_fibre_channel_fca_2b20707a306f	13	39834	43151	262122	Docs/researches/chunks/chunk_sources_os_illumos_illumos_gate_usr_src_uts_common_sys_fibre_channel_fca_2b20707a306f_research.md	ok
sources/os/illumos/illumos-gate/usr/src/uts/common/sys/fibre-channel/fca/emlxs/fw_lp11000.h	Docs/researches/sources/os/illumos/illumos-gate/usr/src/uts/common/sys/fibre-channel/fca/emlxs/fw_lp11000.h_research.md	chunk_sources_os_illumos_illumos_gate_usr_src_uts_common_sys_fibre_channel_fca_b79edccaecaa	14	43152	46469	262122	Docs/researches/chunks/chunk_sources_os_illumos_illumos_gate_usr_src_uts_common_sys_fibre_channel_fca_b79edccaecaa_research.md	ok
sources/os/illumos/illumos-gate/usr/src/uts/common/sys/fibre-channel/fca/emlxs/fw_lp11000.h	Docs/researches/sources/os/illumos/illumos-gate/usr/src/uts/common/sys/fibre-channel/fca/emlxs/fw_lp11000.h_research.md	chunk_sources_os_illumos_illumos_gate_usr_src_uts_common_sys_fibre_channel_fca_f088c16f2e60	15	46470	49787	262122	Docs/researches/chunks/chunk_sources_os_illumos_illumos_gate_usr_src_uts_common_sys_fibre_channel_fca_f088c16f2e60_research.md	ok
sources/os/illumos/illumos-gate/usr/src/uts/common/sys/fibre-channel/fca/emlxs/fw_lp11000.h	Docs/researches/sources/os/illumos/illumos-gate/usr/src/uts/common/sys/fibre-channel/fca/emlxs/fw_lp11000.h_research.md	chunk_sources_os_illumos_illumos_gate_usr_src_uts_common_sys_fibre_channel_fca_894b059e1f92	16	49788	53105	262122	Docs/researches/chunks/chunk_sources_os_illumos_illumos_gate_usr_src_uts_common_sys_fibre_channel_fca_894b059e1f92_research.md	ok
sources/os/illumos/illumos-gate/usr/src/uts/common/sys/fibre-channel/fca/emlxs/fw_lp11000.h	Docs/researches/sources/os/illumos/illumos-gate/usr/src/uts/common/sys/fibre-channel/fca/emlxs/fw_lp11000.h_research.md	chunk_sources_os_illumos_illumos_gate_usr_src_uts_common_sys_fibre_channel_fca_2cf47a5913e3	17	53106	56423	262122	Docs/researches/chunks/chunk_sources_os_illumos_illumos_gate_usr_src_uts_common_sys_fibre_channel_fca_2cf47a5913e3_research.md	ok
sources/os/illumos/illumos-gate/usr/src/uts/common/sys/fibre-channel/fca/emlxs/fw_lp11000.h	Docs/researches/sources/os/illumos/illumos-gate/usr/src/uts/common/sys/fibre-channel/fca/emlxs/fw_lp11000.h_research.md	chunk_sources_os_illumos_illumos_gate_usr_src_uts_common_sys_fibre_channel_fca_2eb8295efe71	18	56424	59741	262122	Docs/researches/chunks/chunk_sources_os_illumos_illumos_gate_usr_src_uts_common_sys_fibre_channel_fca_2eb8295efe71_research.md	ok
sources/os/illumos/illumos-gate/usr/src/uts/common/sys/fibre-channel/fca/emlxs/fw_lp11000.h	Docs/researches/sources/os/illumos/illumos-gate/usr/src/uts/common/sys/fibre-channel/fca/emlxs/fw_lp11000.h_research.md	chunk_sources_os_illumos_illumos_gate_usr_src_uts_common_sys_fibre_channel_fca_de89250fd8d3	19	59742	63059	262122	Docs/researches/chunks/chunk_sources_os_illumos_illumos_gate_usr_src_uts_common_sys_fibre_channel_fca_de89250fd8d3_research.md	ok
sources/os/illumos/illumos-gate/usr/src/uts/common/sys/fibre-channel/fca/emlxs/fw_lp11000.h	Docs/researches/sources/os/illumos/illumos-gate/usr/src/uts/common/sys/fibre-channel/fca/emlxs/fw_lp11000.h_research.md	chunk_sources_os_illumos_illumos_gate_usr_src_uts_common_sys_fibre_channel_fca_88ffcc05bcaa	20	63060	66377	262122	Docs/researches/chunks/chunk_sources_os_illumos_illumos_gate_usr_src_uts_common_sys_fibre_channel_fca_88ffcc05bcaa_research.md	ok
sources/os/illumos/illumos-gate/usr/src/uts/common/sys/fibre-channel/fca/emlxs/fw_lp11000.h	Docs/researches/sources/os/illumos/illumos-gate/usr/src/uts/common/sys/fibre-channel/fca/emlxs/fw_lp11000.h_research.md	chunk_sources_os_illumos_illumos_gate_usr_src_uts_common_sys_fibre_channel_fca_7020d5ed294f	21	66378	69695	262122	Docs/researches/chunks/chunk_sources_os_illumos_illumos_gate_usr_src_uts_common_sys_fibre_channel_fca_7020d5ed294f_research.md	ok
sources/os/illumos/illumos-gate/usr/src/uts/common/sys/fibre-channel/fca/emlxs/fw_lp11000.h	Docs/researches/sources/os/illumos/illumos-gate/usr/src/uts/common/sys/fibre-channel/fca/emlxs/fw_lp11000.h_research.md	chunk_sources_os_illumos_illumos_gate_usr_src_uts_common_sys_fibre_channel_fca_6f2dc7007f48	22	69696	70310	47484	Docs/researches/chunks/chunk_sources_os_illumos_illumos_gate_usr_src_uts_common_sys_fibre_channel_fca_6f2dc7007f48_research.md	ok
sources/os/illumos/illumos-gate/usr/src/uts/common/sys/fibre-channel/fca/emlxs/fw_lp11002.h	Docs/researches/sources/os/illumos/illumos-gate/usr/src/uts/common/sys/fibre-channel/fca/emlxs/fw_lp11002.h_research.md	chunk_sources_os_illumos_illumos_gate_usr_src_uts_common_sys_fibre_channel_fca_11d467c7df1f	1	1	3335	262144	Docs/researches/chunks/chunk_sources_os_illumos_illumos_gate_usr_src_uts_common_sys_fibre_channel_fca_11d467c7df1f_research.md	ok
sources/os/illumos/illumos-gate/usr/src/uts/common/sys/fibre-channel/fca/emlxs/fw_lp11002.h	Docs/researches/sources/os/illumos/illumos-gate/usr/src/uts/common/sys/fibre-channel/fca/emlxs/fw_lp11002.h_research.md	chunk_sources_os_illumos_illumos_gate_usr_src_uts_common_sys_fibre_channel_fca_8fe0f56131fa	2	3336	6653	262122	Docs/researches/chunks/chunk_sources_os_illumos_illumos_gate_usr_src_uts_common_sys_fibre_channel_fca_8fe0f56131fa_research.md	ok
sources/os/illumos/illumos-gate/usr/src/uts/common/sys/fibre-channel/fca/emlxs/fw_lp11002.h	Docs/researches/sources/os/illumos/illumos-gate/usr/src/uts/common/sys/fibre-channel/fca/emlxs/fw_lp11002.h_research.md	chunk_sources_os_illumos_illumos_gate_usr_src_uts_common_sys_fibre_channel_fca_f851c5444954	3	6654	9971	262122	Docs/researches/chunks/chunk_sources_os_illumos_illumos_gate_usr_src_uts_common_sys_fibre_channel_fca_f851c5444954_research.md	ok
sources/os/illumos/illumos-gate/usr/src/uts/common/sys/fibre-channel/fca/emlxs/fw_lp11002.h	Docs/researches/sources/os/illumos/illumos-gate/usr/src/uts/common/sys/fibre-channel/fca/emlxs/fw_lp11002.h_research.md	chunk_sources_os_illumos_illumos_gate_usr_src_uts_common_sys_fibre_channel_fca_2072e76f3b80	4	9972	13289	262122	Docs/researches/chunks/chunk_sources_os_illumos_illumos_gate_usr_src_uts_common_sys_fibre_channel_fca_2072e76f3b80_research.md	ok
sources/os/illumos/illumos-gate/usr/src/uts/common/sys/fibre-channel/fca/emlxs/fw_lp11002.h	Docs/researches/sources/os/illumos/illumos-gate/usr/src/uts/common/sys/fibre-channel/fca/emlxs/fw_lp11002.h_research.md	chunk_sources_os_illumos_illumos_gate_usr_src_uts_common_sys_fibre_channel_fca_8427e0a7ac39	5	13290	16607	262122	Docs/researches/chunks/chunk_sources_os_illumos_illumos_gate_usr_src_uts_common_sys_fibre_channel_fca_8427e0a7ac39_research.md	ok
sources/os/illumos/illumos-gate/usr/src/uts/common/sys/fibre-channel/fca/emlxs/fw_lp11002.h	Docs/researches/sources/os/illumos/illumos-gate/usr/src/uts/common/sys/fibre-channel/fca/emlxs/fw_lp11002.h_research.md	chunk_sources_os_illumos_illumos_gate_usr_src_uts_common_sys_fibre_channel_fca_42f348ec6c23	6	16608	19925	262122	Docs/researches/chunks/chunk_sources_os_illumos_illumos_gate_usr_src_uts_common_sys_fibre_channel_fca_42f348ec6c23_research.md	ok
sources/os/illumos/illumos-gate/usr/src/uts/common/sys/fibre-channel/fca/emlxs/fw_lp11002.h	Docs/researches/sources/os/illumos/illumos-gate/usr/src/uts/common/sys/fibre-channel/fca/emlxs/fw_lp11002.h_research.md	chunk_sources_os_illumos_illumos_gate_usr_src_uts_common_sys_fibre_channel_fca_f7662810b015	7	19926	23243	262122	Docs/researches/chunks/chunk_sources_os_illumos_illumos_gate_usr_src_uts_common_sys_fibre_channel_fca_f7662810b015_research.md	ok
sources/os/illumos/illumos-gate/usr/src/uts/common/sys/fibre-channel/fca/emlxs/fw_lp11002.h	Docs/researches/sources/os/illumos/illumos-gate/usr/src/uts/common/sys/fibre-channel/fca/emlxs/fw_lp11002.h_research.md	chunk_sources_os_illumos_illumos_gate_usr_src_uts_common_sys_fibre_channel_fca_14966e7a5c6e	8	23244	26561	262122	Docs/researches/chunks/chunk_sources_os_illumos_illumos_gate_usr_src_uts_common_sys_fibre_channel_fca_14966e7a5c6e_research.md	ok
sources/os/illumos/illumos-gate/usr/src/uts/common/sys/fibre-channel/fca/emlxs/fw_lp11002.h	Docs/researches/sources/os/illumos/illumos-gate/usr/src/uts/common/sys/fibre-channel/fca/emlxs/fw_lp11002.h_research.md	chunk_sources_os_illumos_illumos_gate_usr_src_uts_common_sys_fibre_channel_fca_b317105ecb83	9	26562	29879	262122	Docs/researches/chunks/chunk_sources_os_illumos_illumos_gate_usr_src_uts_common_sys_fibre_channel_fca_b317105ecb83_research.md	ok
sources/os/illumos/illumos-gate/usr/src/uts/common/sys/fibre-channel/fca/emlxs/fw_lp11002.h	Docs/researches/sources/os/illumos/illumos-gate/usr/src/uts/common/sys/fibre-channel/fca/emlxs/fw_lp11002.h_research.md	chunk_sources_os_illumos_illumos_gate_usr_src_uts_common_sys_fibre_channel_fca_a46a807f57a6	10	29880	33197	262122	Docs/researches/chunks/chunk_sources_os_illumos_illumos_gate_usr_src_uts_common_sys_fibre_channel_fca_a46a807f57a6_research.md	ok
sources/os/illumos/illumos-gate/usr/src/uts/common/sys/fibre-channel/fca/emlxs/fw_lp11002.h	Docs/researches/sources/os/illumos/illumos-gate/usr/src/uts/common/sys/fibre-channel/fca/emlxs/fw_lp11002.h_research.md	chunk_sources_os_illumos_illumos_gate_usr_src_uts_common_sys_fibre_channel_fca_7203cc7c4787	11	33198	36515	262122	Docs/researches/chunks/chunk_sources_os_illumos_illumos_gate_usr_src_uts_common_sys_fibre_channel_fca_7203cc7c4787_research.md	ok
sources/os/illumos/illumos-gate/usr/src/uts/common/sys/fibre-channel/fca/emlxs/fw_lp11002.h	Docs/researches/sources/os/illumos/illumos-gate/usr/src/uts/common/sys/fibre-channel/fca/emlxs/fw_lp11002.h_research.md	chunk_sources_os_illumos_illumos_gate_usr_src_uts_common_sys_fibre_channel_fca_f7690388e7e9	12	36516	39833	262122	Docs/researches/chunks/chunk_sources_os_illumos_illumos_gate_usr_src_uts_common_sys_fibre_channel_fca_f7690388e7e9_research.md	ok
sources/os/illumos/illumos-gate/usr/src/uts/common/sys/fibre-channel/fca/emlxs/fw_lp11002.h	Docs/researches/sources/os/illumos/illumos-gate/usr/src/uts/common/sys/fibre-channel/fca/emlxs/fw_lp11002.h_research.md	chunk_sources_os_illumos_illumos_gate_usr_src_uts_common_sys_fibre_channel_fca_5fd488fb327f	13	39834	43151	262122	Docs/researches/chunks/chunk_sources_os_illumos_illumos_gate_usr_src_uts_common_sys_fibre_channel_fca_5fd488fb327f_research.md	ok
sources/os/illumos/illumos-gate/usr/src/uts/common/sys/fibre-channel/fca/emlxs/fw_lp11002.h	Docs/researches/sources/os/illumos/illumos-gate/usr/src/uts/common/sys/fibre-channel/fca/emlxs/fw_lp11002.h_research.md	chunk_sources_os_illumos_illumos_gate_usr_src_uts_common_sys_fibre_channel_fca_ea36dac78674	14	43152	46469	262122	Docs/researches/chunks/chunk_sources_os_illumos_illumos_gate_usr_src_uts_common_sys_fibre_channel_fca_ea36dac78674_research.md	ok
sources/os/illumos/illumos-gate/usr/src/uts/common/sys/fibre-channel/fca/emlxs/fw_lp11002.h	Docs/researches/sources/os/illumos/illumos-gate/usr/src/uts/common/sys/fibre-channel/fca/emlxs/fw_lp11002.h_research.md	chunk_sources_os_illumos_illumos_gate_usr_src_uts_common_sys_fibre_channel_fca_30d734f09d4d	15	46470	49787	262122	Docs/researches/chunks/chunk_sources_os_illumos_illumos_gate_usr_src_uts_common_sys_fibre_channel_fca_30d734f09d4d_research.md	ok
sources/os/illumos/illumos-gate/usr/src/uts/common/sys/fibre-channel/fca/emlxs/fw_lp11002.h	Docs/researches/sources/os/illumos/illumos-gate/usr/src/uts/common/sys/fibre-channel/fca/emlxs/fw_lp11002.h_research.md	chunk_sources_os_illumos_illumos_gate_usr_src_uts_common_sys_fibre_channel_fca_25c8b8a0eec9	16	49788	53105	262122	Docs/researches/chunks/chunk_sources_os_illumos_illumos_gate_usr_src_uts_common_sys_fibre_channel_fca_25c8b8a0eec9_research.md	ok
sources/os/illumos/illumos-gate/usr/src/uts/common/sys/fibre-channel/fca/emlxs/fw_lp11002.h	Docs/researches/sources/os/illumos/illumos-gate/usr/src/uts/common/sys/fibre-channel/fca/emlxs/fw_lp11002.h_research.md	chunk_sources_os_illumos_illumos_gate_usr_src_uts_common_sys_fibre_channel_fca_88d830e3ccf8	17	53106	56423	262122	Docs/researches/chunks/chunk_sources_os_illumos_illumos_gate_usr_src_uts_common_sys_fibre_channel_fca_88d830e3ccf8_research.md	ok
sources/os/illumos/illumos-gate/usr/src/uts/common/sys/fibre-channel/fca/emlxs/fw_lp11002.h	Docs/researches/sources/os/illumos/illumos-gate/usr/src/uts/common/sys/fibre-channel/fca/emlxs/fw_lp11002.h_research.md	chunk_sources_os_illumos_illumos_gate_usr_src_uts_common_sys_fibre_channel_fca_d159884d08de	18	56424	59741	262122	Docs/researches/chunks/chunk_sources_os_illumos_illumos_gate_usr_src_uts_common_sys_fibre_channel_fca_d159884d08de_research.md	ok
sources/os/illumos/illumos-gate/usr/src/uts/common/sys/fibre-channel/fca/emlxs/fw_lp11002.h	Docs/researches/sources/os/illumos/illumos-gate/usr/src/uts/common/sys/fibre-channel/fca/emlxs/fw_lp11002.h_research.md	chunk_sources_os_illumos_illumos_gate_usr_src_uts_common_sys_fibre_channel_fca_1a0d02d77b9b	19	59742	63059	262122	Docs/researches/chunks/chunk_sources_os_illumos_illumos_gate_usr_src_uts_common_sys_fibre_channel_fca_1a0d02d77b9b_research.md	ok
sources/os/illumos/illumos-gate/usr/src/uts/common/sys/fibre-channel/fca/emlxs/fw_lp11002.h	Docs/researches/sources/os/illumos/illumos-gate/usr/src/uts/common/sys/fibre-channel/fca/emlxs/fw_lp11002.h_research.md	chunk_sources_os_illumos_illumos_gate_usr_src_uts_common_sys_fibre_channel_fca_5ed4d87c3894	20	63060	66377	262122	Docs/researches/chunks/chunk_sources_os_illumos_illumos_gate_usr_src_uts_common_sys_fibre_channel_fca_5ed4d87c3894_research.md	ok
sources/os/illumos/illumos-gate/usr/src/uts/common/sys/fibre-channel/fca/emlxs/fw_lp11002.h	Docs/researches/sources/os/illumos/illumos-gate/usr/src/uts/common/sys/fibre-channel/fca/emlxs/fw_lp11002.h_research.md	chunk_sources_os_illumos_illumos_gate_usr_src_uts_common_sys_fibre_channel_fca_743daed9afd0	21	66378	69695	262122	Docs/researches/chunks/chunk_sources_os_illumos_illumos_gate_usr_src_uts_common_sys_fibre_channel_fca_743daed9afd0_research.md	ok
sources/os/illumos/illumos-gate/usr/src/uts/common/sys/fibre-channel/fca/emlxs/fw_lp11002.h	Docs/researches/sources/os/illumos/illumos-gate/usr/src/uts/common/sys/fibre-channel/fca/emlxs/fw_lp11002.h_research.md	chunk_sources_os_illumos_illumos_gate_usr_src_uts_common_sys_fibre_channel_fca_690e64c23b8d	22	69696	72641	231657	Docs/researches/chunks/chunk_sources_os_illumos_illumos_gate_usr_src_uts_common_sys_fibre_channel_fca_690e64c23b8d_research.md	ok
sources/os/illumos/illumos-gate/usr/src/uts/common/sys/fibre-channel/fca/emlxs/fw_lpe11000.h	Docs/researches/sources/os/illumos/illumos-gate/usr/src/uts/common/sys/fibre-channel/fca/emlxs/fw_lpe11000.h_research.md	chunk_sources_os_illumos_illumos_gate_usr_src_uts_common_sys_fibre_channel_fca_8a0f7cc6563c	1	1	3334	262077	Docs/researches/chunks/chunk_sources_os_illumos_illumos_gate_usr_src_uts_common_sys_fibre_channel_fca_8a0f7cc6563c_research.md	ok
sources/os/illumos/illumos-gate/usr/src/uts/common/sys/fibre-channel/fca/emlxs/fw_lpe11000.h	Docs/researches/sources/os/illumos/illumos-gate/usr/src/uts/common/sys/fibre-channel/fca/emlxs/fw_lpe11000.h_research.md	chunk_sources_os_illumos_illumos_gate_usr_src_uts_common_sys_fibre_channel_fca_4d1de8d6cf64	2	3335	6652	262122	Docs/researches/chunks/chunk_sources_os_illumos_illumos_gate_usr_src_uts_common_sys_fibre_channel_fca_4d1de8d6cf64_research.md	ok
sources/os/illumos/illumos-gate/usr/src/uts/common/sys/fibre-channel/fca/emlxs/fw_lpe11000.h	Docs/researches/sources/os/illumos/illumos-gate/usr/src/uts/common/sys/fibre-channel/fca/emlxs/fw_lpe11000.h_research.md	chunk_sources_os_illumos_illumos_gate_usr_src_uts_common_sys_fibre_channel_fca_c6430ad14f79	3	6653	9970	262122	Docs/researches/chunks/chunk_sources_os_illumos_illumos_gate_usr_src_uts_common_sys_fibre_channel_fca_c6430ad14f79_research.md	ok
sources/os/illumos/illumos-gate/usr/src/uts/common/sys/fibre-channel/fca/emlxs/fw_lpe11000.h	Docs/researches/sources/os/illumos/illumos-gate/usr/src/uts/common/sys/fibre-channel/fca/emlxs/fw_lpe11000.h_research.md	chunk_sources_os_illumos_illumos_gate_usr_src_uts_common_sys_fibre_channel_fca_5d79e3974c98	4	9971	13288	262122	Docs/researches/chunks/chunk_sources_os_illumos_illumos_gate_usr_src_uts_common_sys_fibre_channel_fca_5d79e3974c98_research.md	ok
sources/os/illumos/illumos-gate/usr/src/uts/common/sys/fibre-channel/fca/emlxs/fw_lpe11000.h	Docs/researches/sources/os/illumos/illumos-gate/usr/src/uts/common/sys/fibre-channel/fca/emlxs/fw_lpe11000.h_research.md	chunk_sources_os_illumos_illumos_gate_usr_src_uts_common_sys_fibre_channel_fca_577aa53937fe	5	13289	16606	262122	Docs/researches/chunks/chunk_sources_os_illumos_illumos_gate_usr_src_uts_common_sys_fibre_channel_fca_577aa53937fe_research.md	ok
sources/os/illumos/illumos-gate/usr/src/uts/common/sys/fibre-channel/fca/emlxs/fw_lpe11000.h	Docs/researches/sources/os/illumos/illumos-gate/usr/src/uts/common/sys/fibre-channel/fca/emlxs/fw_lpe11000.h_research.md	chunk_sources_os_illumos_illumos_gate_usr_src_uts_common_sys_fibre_channel_fca_fa17f50f5a7a	6	16607	19924	262122	Docs/researches/chunks/chunk_sources_os_illumos_illumos_gate_usr_src_uts_common_sys_fibre_channel_fca_fa17f50f5a7a_research.md	ok
sources/os/illumos/illumos-gate/usr/src/uts/common/sys/fibre-channel/fca/emlxs/fw_lpe11000.h	Docs/researches/sources/os/illumos/illumos-gate/usr/src/uts/common/sys/fibre-channel/fca/emlxs/fw_lpe11000.h_research.md	chunk_sources_os_illumos_illumos_gate_usr_src_uts_common_sys_fibre_channel_fca_f33be182726e	7	19925	23242	262122	Docs/researches/chunks/chunk_sources_os_illumos_illumos_gate_usr_src_uts_common_sys_fibre_channel_fca_f33be182726e_research.md	ok
sources/os/illumos/illumos-gate/usr/src/uts/common/sys/fibre-channel/fca/emlxs/fw_lpe11000.h	Docs/researches/sources/os/illumos/illumos-gate/usr/src/uts/common/sys/fibre-channel/fca/emlxs/fw_lpe11000.h_research.md	chunk_sources_os_illumos_illumos_gate_usr_src_uts_common_sys_fibre_channel_fca_2700cfea40f8	8	23243	26560	262122	Docs/researches/chunks/chunk_sources_os_illumos_illumos_gate_usr_src_uts_common_sys_fibre_channel_fca_2700cfea40f8_research.md	ok
sources/os/illumos/illumos-gate/usr/src/uts/common/sys/fibre-channel/fca/emlxs/fw_lpe11000.h	Docs/researches/sources/os/illumos/illumos-gate/usr/src/uts/common/sys/fibre-channel/fca/emlxs/fw_lpe11000.h_research.md	chunk_sources_os_illumos_illumos_gate_usr_src_uts_common_sys_fibre_channel_fca_e49035c2f3ea	9	26561	29878	262122	Docs/researches/chunks/chunk_sources_os_illumos_illumos_gate_usr_src_uts_common_sys_fibre_channel_fca_e49035c2f3ea_research.md	ok
sources/os/illumos/illumos-gate/usr/src/uts/common/sys/fibre-channel/fca/emlxs/fw_lpe11000.h	Docs/researches/sources/os/illumos/illumos-gate/usr/src/uts/common/sys/fibre-channel/fca/emlxs/fw_lpe11000.h_research.md	chunk_sources_os_illumos_illumos_gate_usr_src_uts_common_sys_fibre_channel_fca_f9fb547352a2	10	29879	33196	262122	Docs/researches/chunks/chunk_sources_os_illumos_illumos_gate_usr_src_uts_common_sys_fibre_channel_fca_f9fb547352a2_research.md	ok
sources/os/illumos/illumos-gate/usr/src/uts/common/sys/fibre-channel/fca/emlxs/fw_lpe11000.h	Docs/researches/sources/os/illumos/illumos-gate/usr/src/uts/common/sys/fibre-channel/fca/emlxs/fw_lpe11000.h_research.md	chunk_sources_os_illumos_illumos_gate_usr_src_uts_common_sys_fibre_channel_fca_bbf7042781bf	11	33197	36514	262122	Docs/researches/chunks/chunk_sources_os_illumos_illumos_gate_usr_src_uts_common_sys_fibre_channel_fca_bbf7042781bf_research.md	ok
sources/os/illumos/illumos-gate/usr/src/uts/common/sys/fibre-channel/fca/emlxs/fw_lpe11000.h	Docs/researches/sources/os/illumos/illumos-gate/usr/src/uts/common/sys/fibre-channel/fca/emlxs/fw_lpe11000.h_research.md	chunk_sources_os_illumos_illumos_gate_usr_src_uts_common_sys_fibre_channel_fca_d16af50fa036	12	36515	39832	262122	Docs/researches/chunks/chunk_sources_os_illumos_illumos_gate_usr_src_uts_common_sys_fibre_channel_fca_d16af50fa036_research.md	ok
sources/os/illumos/illumos-gate/usr/src/uts/common/sys/fibre-channel/fca/emlxs/fw_lpe11000.h	Docs/researches/sources/os/illumos/illumos-gate/usr/src/uts/common/sys/fibre-channel/fca/emlxs/fw_lpe11000.h_research.md	chunk_sources_os_illumos_illumos_gate_usr_src_uts_common_sys_fibre_channel_fca_a06a04f0ed14	13	39833	43150	262122	Docs/researches/chunks/chunk_sources_os_illumos_illumos_gate_usr_src_uts_common_sys_fibre_channel_fca_a06a04f0ed14_research.md	ok
sources/os/illumos/illumos-gate/usr/src/uts/common/sys/fibre-channel/fca/emlxs/fw_lpe11000.h	Docs/researches/sources/os/illumos/illumos-gate/usr/src/uts/common/sys/fibre-channel/fca/emlxs/fw_lpe11000.h_research.md	chunk_sources_os_illumos_illumos_gate_usr_src_uts_common_sys_fibre_channel_fca_0c8611eed281	14	43151	46468	262122	Docs/researches/chunks/chunk_sources_os_illumos_illumos_gate_usr_src_uts_common_sys_fibre_channel_fca_0c8611eed281_research.md	ok
sources/os/illumos/illumos-gate/usr/src/uts/common/sys/fibre-channel/fca/emlxs/fw_lpe11000.h	Docs/researches/sources/os/illumos/illumos-gate/usr/src/uts/common/sys/fibre-channel/fca/emlxs/fw_lpe11000.h_research.md	chunk_sources_os_illumos_illumos_gate_usr_src_uts_common_sys_fibre_channel_fca_7387fbe27b88	15	46469	49786	262122	Docs/researches/chunks/chunk_sources_os_illumos_illumos_gate_usr_src_uts_common_sys_fibre_channel_fca_7387fbe27b88_research.md	ok
sources/os/illumos/illumos-gate/usr/src/uts/common/sys/fibre-channel/fca/emlxs/fw_lpe11000.h	Docs/researches/sources/os/illumos/illumos-gate/usr/src/uts/common/sys/fibre-channel/fca/emlxs/fw_lpe11000.h_research.md	chunk_sources_os_illumos_illumos_gate_usr_src_uts_common_sys_fibre_channel_fca_99e810108c01	16	49787	53104	262122	Docs/researches/chunks/chunk_sources_os_illumos_illumos_gate_usr_src_uts_common_sys_fibre_channel_fca_99e810108c01_research.md	ok
sources/os/illumos/illumos-gate/usr/src/uts/common/sys/fibre-channel/fca/emlxs/fw_lpe11000.h	Docs/researches/sources/os/illumos/illumos-gate/usr/src/uts/common/sys/fibre-channel/fca/emlxs/fw_lpe11000.h_research.md	chunk_sources_os_illumos_illumos_gate_usr_src_uts_common_sys_fibre_channel_fca_64de2c2335e9	17	53105	56422	262122	Docs/researches/chunks/chunk_sources_os_illumos_illumos_gate_usr_src_uts_common_sys_fibre_channel_fca_64de2c2335e9_research.md	ok
sources/os/illumos/illumos-gate/usr/src/uts/common/sys/fibre-channel/fca/emlxs/fw_lpe11000.h	Docs/researches/sources/os/illumos/illumos-gate/usr/src/uts/common/sys/fibre-channel/fca/emlxs/fw_lpe11000.h_research.md	chunk_sources_os_illumos_illumos_gate_usr_src_uts_common_sys_fibre_channel_fca_68be6466c9c2	18	56423	59740	262122	Docs/researches/chunks/chunk_sources_os_illumos_illumos_gate_usr_src_uts_common_sys_fibre_channel_fca_68be6466c9c2_research.md	ok
sources/os/illumos/illumos-gate/usr/src/uts/common/sys/fibre-channel/fca/emlxs/fw_lpe11000.h	Docs/researches/sources/os/illumos/illumos-gate/usr/src/uts/common/sys/fibre-channel/fca/emlxs/fw_lpe11000.h_research.md	chunk_sources_os_illumos_illumos_gate_usr_src_uts_common_sys_fibre_channel_fca_6b3abf601b74	19	59741	63058	262122	Docs/researches/chunks/chunk_sources_os_illumos_illumos_gate_usr_src_uts_common_sys_fibre_channel_fca_6b3abf601b74_research.md	ok
sources/os/illumos/illumos-gate/usr/src/uts/common/sys/fibre-channel/fca/emlxs/fw_lpe11000.h	Docs/researches/sources/os/illumos/illumos-gate/usr/src/uts/common/sys/fibre-channel/fca/emlxs/fw_lpe11000.h_research.md	chunk_sources_os_illumos_illumos_gate_usr_src_uts_common_sys_fibre_channel_fca_0e21932d98fe	20	63059	66376	262122	Docs/researches/chunks/chunk_sources_os_illumos_illumos_gate_usr_src_uts_common_sys_fibre_channel_fca_0e21932d98fe_research.md	ok
sources/os/illumos/illumos-gate/usr/src/uts/common/sys/fibre-channel/fca/emlxs/fw_lpe11000.h	Docs/researches/sources/os/illumos/illumos-gate/usr/src/uts/common/sys/fibre-channel/fca/emlxs/fw_lpe11000.h_research.md	chunk_sources_os_illumos_illumos_gate_usr_src_uts_common_sys_fibre_channel_fca_e604c8ef0d0b	21	66377	69694	262122	Docs/researches/chunks/chunk_sources_os_illumos_illumos_gate_usr_src_uts_common_sys_fibre_channel_fca_e604c8ef0d0b_research.md	ok
sources/os/illumos/illumos-gate/usr/src/uts/common/sys/fibre-channel/fca/emlxs/fw_lpe11000.h	Docs/researches/sources/os/illumos/illumos-gate/usr/src/uts/common/sys/fibre-channel/fca/emlxs/fw_lpe11000.h_research.md	chunk_sources_os_illumos_illumos_gate_usr_src_uts_common_sys_fibre_channel_fca_01aae6e89a4b	22	69695	70884	92915	Docs/researches/chunks/chunk_sources_os_illumos_illumos_gate_usr_src_uts_common_sys_fibre_channel_fca_01aae6e89a4b_research.md	ok
sources/os/illumos/illumos-gate/usr/src/uts/common/sys/fibre-channel/fca/emlxs/fw_lpe11002.h	Docs/researches/sources/os/illumos/illumos-gate/usr/src/uts/common/sys/fibre-channel/fca/emlxs/fw_lpe11002.h_research.md	chunk_sources_os_illumos_illumos_gate_usr_src_uts_common_sys_fibre_channel_fca_10a2c7362ad1	1	1	3334	262077	Docs/researches/chunks/chunk_sources_os_illumos_illumos_gate_usr_src_uts_common_sys_fibre_channel_fca_10a2c7362ad1_research.md	ok
sources/os/illumos/illumos-gate/usr/src/uts/common/sys/fibre-channel/fca/emlxs/fw_lpe11002.h	Docs/researches/sources/os/illumos/illumos-gate/usr/src/uts/common/sys/fibre-channel/fca/emlxs/fw_lpe11002.h_research.md	chunk_sources_os_illumos_illumos_gate_usr_src_uts_common_sys_fibre_channel_fca_e3a5621ecb29	2	3335	6652	262122	Docs/researches/chunks/chunk_sources_os_illumos_illumos_gate_usr_src_uts_common_sys_fibre_channel_fca_e3a5621ecb29_research.md	ok
sources/os/illumos/illumos-gate/usr/src/uts/common/sys/fibre-channel/fca/emlxs/fw_lpe11002.h	Docs/researches/sources/os/illumos/illumos-gate/usr/src/uts/common/sys/fibre-channel/fca/emlxs/fw_lpe11002.h_research.md	chunk_sources_os_illumos_illumos_gate_usr_src_uts_common_sys_fibre_channel_fca_2df9a81fa96a	3	6653	9970	262122	Docs/researches/chunks/chunk_sources_os_illumos_illumos_gate_usr_src_uts_common_sys_fibre_channel_fca_2df9a81fa96a_research.md	ok
sources/os/illumos/illumos-gate/usr/src/uts/common/sys/fibre-channel/fca/emlxs/fw_lpe11002.h	Docs/researches/sources/os/illumos/illumos-gate/usr/src/uts/common/sys/fibre-channel/fca/emlxs/fw_lpe11002.h_research.md	chunk_sources_os_illumos_illumos_gate_usr_src_uts_common_sys_fibre_channel_fca_e2ebaf646dc0	4	9971	13288	262122	Docs/researches/chunks/chunk_sources_os_illumos_illumos_gate_usr_src_uts_common_sys_fibre_channel_fca_e2ebaf646dc0_research.md	ok
sources/os/illumos/illumos-gate/usr/src/uts/common/sys/fibre-channel/fca/emlxs/fw_lpe11002.h	Docs/researches/sources/os/illumos/illumos-gate/usr/src/uts/common/sys/fibre-channel/fca/emlxs/fw_lpe11002.h_research.md	chunk_sources_os_illumos_illumos_gate_usr_src_uts_common_sys_fibre_channel_fca_ba452d47e7b1	5	13289	16606	262122	Docs/researches/chunks/chunk_sources_os_illumos_illumos_gate_usr_src_uts_common_sys_fibre_channel_fca_ba452d47e7b1_research.md	ok
sources/os/illumos/illumos-gate/usr/src/uts/common/sys/fibre-channel/fca/emlxs/fw_lpe11002.h	Docs/researches/sources/os/illumos/illumos-gate/usr/src/uts/common/sys/fibre-channel/fca/emlxs/fw_lpe11002.h_research.md	chunk_sources_os_illumos_illumos_gate_usr_src_uts_common_sys_fibre_channel_fca_caa1eb5ace8d	6	16607	19924	262122	Docs/researches/chunks/chunk_sources_os_illumos_illumos_gate_usr_src_uts_common_sys_fibre_channel_fca_caa1eb5ace8d_research.md	ok
sources/os/illumos/illumos-gate/usr/src/uts/common/sys/fibre-channel/fca/emlxs/fw_lpe11002.h	Docs/researches/sources/os/illumos/illumos-gate/usr/src/uts/common/sys/fibre-channel/fca/emlxs/fw_lpe11002.h_research.md	chunk_sources_os_illumos_illumos_gate_usr_src_uts_common_sys_fibre_channel_fca_95dddb83a925	7	19925	23242	262122	Docs/researches/chunks/chunk_sources_os_illumos_illumos_gate_usr_src_uts_common_sys_fibre_channel_fca_95dddb83a925_research.md	ok
sources/os/illumos/illumos-gate/usr/src/uts/common/sys/fibre-channel/fca/emlxs/fw_lpe11002.h	Docs/researches/sources/os/illumos/illumos-gate/usr/src/uts/common/sys/fibre-channel/fca/emlxs/fw_lpe11002.h_research.md	chunk_sources_os_illumos_illumos_gate_usr_src_uts_common_sys_fibre_channel_fca_75e304865aee	8	23243	26560	262122	Docs/researches/chunks/chunk_sources_os_illumos_illumos_gate_usr_src_uts_common_sys_fibre_channel_fca_75e304865aee_research.md	ok
sources/os/illumos/illumos-gate/usr/src/uts/common/sys/fibre-channel/fca/emlxs/fw_lpe11002.h	Docs/researches/sources/os/illumos/illumos-gate/usr/src/uts/common/sys/fibre-channel/fca/emlxs/fw_lpe11002.h_research.md	chunk_sources_os_illumos_illumos_gate_usr_src_uts_common_sys_fibre_channel_fca_ae2110e3316e	9	26561	29878	262122	Docs/researches/chunks/chunk_sources_os_illumos_illumos_gate_usr_src_uts_common_sys_fibre_channel_fca_ae2110e3316e_research.md	ok
sources/os/illumos/illumos-gate/usr/src/uts/common/sys/fibre-channel/fca/emlxs/fw_lpe11002.h	Docs/researches/sources/os/illumos/illumos-gate/usr/src/uts/common/sys/fibre-channel/fca/emlxs/fw_lpe11002.h_research.md	chunk_sources_os_illumos_illumos_gate_usr_src_uts_common_sys_fibre_channel_fca_97946dfb5e4e	10	29879	33196	262122	Docs/researches/chunks/chunk_sources_os_illumos_illumos_gate_usr_src_uts_common_sys_fibre_channel_fca_97946dfb5e4e_research.md	ok
sources/os/illumos/illumos-gate/usr/src/uts/common/sys/fibre-channel/fca/emlxs/fw_lpe11002.h	Docs/researches/sources/os/illumos/illumos-gate/usr/src/uts/common/sys/fibre-channel/fca/emlxs/fw_lpe11002.h_research.md	chunk_sources_os_illumos_illumos_gate_usr_src_uts_common_sys_fibre_channel_fca_3ee29ffa5826	11	33197	36514	262122	Docs/researches/chunks/chunk_sources_os_illumos_illumos_gate_usr_src_uts_common_sys_fibre_channel_fca_3ee29ffa5826_research.md	ok
sources/os/illumos/illumos-gate/usr/src/uts/common/sys/fibre-channel/fca/emlxs/fw_lpe11002.h	Docs/researches/sources/os/illumos/illumos-gate/usr/src/uts/common/sys/fibre-channel/fca/emlxs/fw_lpe11002.h_research.md	chunk_sources_os_illumos_illumos_gate_usr_src_uts_common_sys_fibre_channel_fca_87b28b9f81fd	12	36515	39832	262122	Docs/researches/chunks/chunk_sources_os_illumos_illumos_gate_usr_src_uts_common_sys_fibre_channel_fca_87b28b9f81fd_research.md	ok
sources/os/illumos/illumos-gate/usr/src/uts/common/sys/fibre-channel/fca/emlxs/fw_lpe11002.h	Docs/researches/sources/os/illumos/illumos-gate/usr/src/uts/common/sys/fibre-channel/fca/emlxs/fw_lpe11002.h_research.md	chunk_sources_os_illumos_illumos_gate_usr_src_uts_common_sys_fibre_channel_fca_94a3e9b3e274	13	39833	43150	262122	Docs/researches/chunks/chunk_sources_os_illumos_illumos_gate_usr_src_uts_common_sys_fibre_channel_fca_94a3e9b3e274_research.md	ok
sources/os/illumos/illumos-gate/usr/src/uts/common/sys/fibre-channel/fca/emlxs/fw_lpe11002.h	Docs/researches/sources/os/illumos/illumos-gate/usr/src/uts/common/sys/fibre-channel/fca/emlxs/fw_lpe11002.h_research.md	chunk_sources_os_illumos_illumos_gate_usr_src_uts_common_sys_fibre_channel_fca_8b20e97f85c8	14	43151	46468	262122	Docs/researches/chunks/chunk_sources_os_illumos_illumos_gate_usr_src_uts_common_sys_fibre_channel_fca_8b20e97f85c8_research.md	ok
sources/os/illumos/illumos-gate/usr/src/uts/common/sys/fibre-channel/fca/emlxs/fw_lpe11002.h	Docs/researches/sources/os/illumos/illumos-gate/usr/src/uts/common/sys/fibre-channel/fca/emlxs/fw_lpe11002.h_research.md	chunk_sources_os_illumos_illumos_gate_usr_src_uts_common_sys_fibre_channel_fca_b4b298fa44ff	15	46469	49786	262122	Docs/researches/chunks/chunk_sources_os_illumos_illumos_gate_usr_src_uts_common_sys_fibre_channel_fca_b4b298fa44ff_research.md	ok
sources/os/illumos/illumos-gate/usr/src/uts/common/sys/fibre-channel/fca/emlxs/fw_lpe11002.h	Docs/researches/sources/os/illumos/illumos-gate/usr/src/uts/common/sys/fibre-channel/fca/emlxs/fw_lpe11002.h_research.md	chunk_sources_os_illumos_illumos_gate_usr_src_uts_common_sys_fibre_channel_fca_42cf091f7f03	16	49787	53104	262122	Docs/researches/chunks/chunk_sources_os_illumos_illumos_gate_usr_src_uts_common_sys_fibre_channel_fca_42cf091f7f03_research.md	ok
sources/os/illumos/illumos-gate/usr/src/uts/common/sys/fibre-channel/fca/emlxs/fw_lpe11002.h	Docs/researches/sources/os/illumos/illumos-gate/usr/src/uts/common/sys/fibre-channel/fca/emlxs/fw_lpe11002.h_research.md	chunk_sources_os_illumos_illumos_gate_usr_src_uts_common_sys_fibre_channel_fca_ab008024f054	17	53105	56422	262122	Docs/researches/chunks/chunk_sources_os_illumos_illumos_gate_usr_src_uts_common_sys_fibre_channel_fca_ab008024f054_research.md	ok
sources/os/illumos/illumos-gate/usr/src/uts/common/sys/fibre-channel/fca/emlxs/fw_lpe11002.h	Docs/researches/sources/os/illumos/illumos-gate/usr/src/uts/common/sys/fibre-channel/fca/emlxs/fw_lpe11002.h_research.md	chunk_sources_os_illumos_illumos_gate_usr_src_uts_common_sys_fibre_channel_fca_291c2d232a54	18	56423	59740	262122	Docs/researches/chunks/chunk_sources_os_illumos_illumos_gate_usr_src_uts_common_sys_fibre_channel_fca_291c2d232a54_research.md	ok
sources/os/illumos/illumos-gate/usr/src/uts/common/sys/fibre-channel/fca/emlxs/fw_lpe11002.h	Docs/researches/sources/os/illumos/illumos-gate/usr/src/uts/common/sys/fibre-channel/fca/emlxs/fw_lpe11002.h_research.md	chunk_sources_os_illumos_illumos_gate_usr_src_uts_common_sys_fibre_channel_fca_0b97296b2114	19	59741	63058	262122	Docs/researches/chunks/chunk_sources_os_illumos_illumos_gate_usr_src_uts_common_sys_fibre_channel_fca_0b97296b2114_research.md	ok
sources/os/illumos/illumos-gate/usr/src/uts/common/sys/fibre-channel/fca/emlxs/fw_lpe11002.h	Docs/researches/sources/os/illumos/illumos-gate/usr/src/uts/common/sys/fibre-channel/fca/emlxs/fw_lpe11002.h_research.md	chunk_sources_os_illumos_illumos_gate_usr_src_uts_common_sys_fibre_channel_fca_c20b026bc141	20	63059	66376	262122	Docs/researches/chunks/chunk_sources_os_illumos_illumos_gate_usr_src_uts_common_sys_fibre_channel_fca_c20b026bc141_research.md	ok
sources/os/illumos/illumos-gate/usr/src/uts/common/sys/fibre-channel/fca/emlxs/fw_lpe11002.h	Docs/researches/sources/os/illumos/illumos-gate/usr/src/uts/common/sys/fibre-channel/fca/emlxs/fw_lpe11002.h_research.md	chunk_sources_os_illumos_illumos_gate_usr_src_uts_common_sys_fibre_channel_fca_9e6cf316adf5	21	66377	69694	262122	Docs/researches/chunks/chunk_sources_os_illumos_illumos_gate_usr_src_uts_common_sys_fibre_channel_fca_9e6cf316adf5_research.md	ok
sources/os/illumos/illumos-gate/usr/src/uts/common/sys/fibre-channel/fca/emlxs/fw_lpe11002.h	Docs/researches/sources/os/illumos/illumos-gate/usr/src/uts/common/sys/fibre-channel/fca/emlxs/fw_lpe11002.h_research.md	chunk_sources_os_illumos_illumos_gate_usr_src_uts_common_sys_fibre_channel_fca_523426906bb2	22	69695	73012	262122	Docs/researches/chunks/chunk_sources_os_illumos_illumos_gate_usr_src_uts_common_sys_fibre_channel_fca_523426906bb2_research.md	ok
sources/os/illumos/illumos-gate/usr/src/uts/common/sys/fibre-channel/fca/emlxs/fw_lpe11002.h	Docs/researches/sources/os/illumos/illumos-gate/usr/src/uts/common/sys/fibre-channel/fca/emlxs/fw_lpe11002.h_research.md	chunk_sources_os_illumos_illumos_gate_usr_src_uts_common_sys_fibre_channel_fca_eeca5d571c99	23	73013	73375	27606	Docs/researches/chunks/chunk_sources_os_illumos_illumos_gate_usr_src_uts_common_sys_fibre_channel_fca_eeca5d571c99_research.md	ok
sources/os/illumos/illumos-gate/usr/src/uts/common/sys/fibre-channel/fca/emlxs/fw_lpe12000.h	Docs/researches/sources/os/illumos/illumos-gate/usr/src/uts/common/sys/fibre-channel/fca/emlxs/fw_lpe12000.h_research.md	chunk_sources_os_illumos_illumos_gate_usr_src_uts_common_sys_fibre_channel_fca_34848bd78a48	1	1	3334	262077	Docs/researches/chunks/chunk_sources_os_illumos_illumos_gate_usr_src_uts_common_sys_fibre_channel_fca_34848bd78a48_research.md	ok
sources/os/illumos/illumos-gate/usr/src/uts/common/sys/fibre-channel/fca/emlxs/fw_lpe12000.h	Docs/researches/sources/os/illumos/illumos-gate/usr/src/uts/common/sys/fibre-channel/fca/emlxs/fw_lpe12000.h_research.md	chunk_sources_os_illumos_illumos_gate_usr_src_uts_common_sys_fibre_channel_fca_2d80dc46e11e	2	3335	6652	262122	Docs/researches/chunks/chunk_sources_os_illumos_illumos_gate_usr_src_uts_common_sys_fibre_channel_fca_2d80dc46e11e_research.md	ok
sources/os/illumos/illumos-gate/usr/src/uts/common/sys/fibre-channel/fca/emlxs/fw_lpe12000.h	Docs/researches/sources/os/illumos/illumos-gate/usr/src/uts/common/sys/fibre-channel/fca/emlxs/fw_lpe12000.h_research.md	chunk_sources_os_illumos_illumos_gate_usr_src_uts_common_sys_fibre_channel_fca_03b66d183016	3	6653	9970	262122	Docs/researches/chunks/chunk_sources_os_illumos_illumos_gate_usr_src_uts_common_sys_fibre_channel_fca_03b66d183016_research.md	ok
sources/os/illumos/illumos-gate/usr/src/uts/common/sys/fibre-channel/fca/emlxs/fw_lpe12000.h	Docs/researches/sources/os/illumos/illumos-gate/usr/src/uts/common/sys/fibre-channel/fca/emlxs/fw_lpe12000.h_research.md	chunk_sources_os_illumos_illumos_gate_usr_src_uts_common_sys_fibre_channel_fca_9126b6a90404	4	9971	13288	262122	Docs/researches/chunks/chunk_sources_os_illumos_illumos_gate_usr_src_uts_common_sys_fibre_channel_fca_9126b6a90404_research.md	ok
sources/os/illumos/illumos-gate/usr/src/uts/common/sys/fibre-channel/fca/emlxs/fw_lpe12000.h	Docs/researches/sources/os/illumos/illumos-gate/usr/src/uts/common/sys/fibre-channel/fca/emlxs/fw_lpe12000.h_research.md	chunk_sources_os_illumos_illumos_gate_usr_src_uts_common_sys_fibre_channel_fca_74e153a94608	5	13289	16606	262122	Docs/researches/chunks/chunk_sources_os_illumos_illumos_gate_usr_src_uts_common_sys_fibre_channel_fca_74e153a94608_research.md	ok
sources/os/illumos/illumos-gate/usr/src/uts/common/sys/fibre-channel/fca/emlxs/fw_lpe12000.h	Docs/researches/sources/os/illumos/illumos-gate/usr/src/uts/common/sys/fibre-channel/fca/emlxs/fw_lpe12000.h_research.md	chunk_sources_os_illumos_illumos_gate_usr_src_uts_common_sys_fibre_channel_fca_3e72c3e64e86	6	16607	19924	262122	Docs/researches/chunks/chunk_sources_os_illumos_illumos_gate_usr_src_uts_common_sys_fibre_channel_fca_3e72c3e64e86_research.md	ok
sources/os/illumos/illumos-gate/usr/src/uts/common/sys/fibre-channel/fca/emlxs/fw_lpe12000.h	Docs/researches/sources/os/illumos/illumos-gate/usr/src/uts/common/sys/fibre-channel/fca/emlxs/fw_lpe12000.h_research.md	chunk_sources_os_illumos_illumos_gate_usr_src_uts_common_sys_fibre_channel_fca_cf744d851acb	7	19925	23242	262122	Docs/researches/chunks/chunk_sources_os_illumos_illumos_gate_usr_src_uts_common_sys_fibre_channel_fca_cf744d851acb_research.md	ok
sources/os/illumos/illumos-gate/usr/src/uts/common/sys/fibre-channel/fca/emlxs/fw_lpe12000.h	Docs/researches/sources/os/illumos/illumos-gate/usr/src/uts/common/sys/fibre-channel/fca/emlxs/fw_lpe12000.h_research.md	chunk_sources_os_illumos_illumos_gate_usr_src_uts_common_sys_fibre_channel_fca_c0b7e5a7c9b5	8	23243	26560	262122	Docs/researches/chunks/chunk_sources_os_illumos_illumos_gate_usr_src_uts_common_sys_fibre_channel_fca_c0b7e5a7c9b5_research.md	ok
sources/os/illumos/illumos-gate/usr/src/uts/common/sys/fibre-channel/fca/emlxs/fw_lpe12000.h	Docs/researches/sources/os/illumos/illumos-gate/usr/src/uts/common/sys/fibre-channel/fca/emlxs/fw_lpe12000.h_research.md	chunk_sources_os_illumos_illumos_gate_usr_src_uts_common_sys_fibre_channel_fca_8ab2907177e5	9	26561	29878	262122	Docs/researches/chunks/chunk_sources_os_illumos_illumos_gate_usr_src_uts_common_sys_fibre_channel_fca_8ab2907177e5_research.md	ok
sources/os/illumos/illumos-gate/usr/src/uts/common/sys/fibre-channel/fca/emlxs/fw_lpe12000.h	Docs/researches/sources/os/illumos/illumos-gate/usr/src/uts/common/sys/fibre-channel/fca/emlxs/fw_lpe12000.h_research.md	chunk_sources_os_illumos_illumos_gate_usr_src_uts_common_sys_fibre_channel_fca_bc1a2f73c6ea	10	29879	33196	262122	Docs/researches/chunks/chunk_sources_os_illumos_illumos_gate_usr_src_uts_common_sys_fibre_channel_fca_bc1a2f73c6ea_research.md	ok
sources/os/illumos/illumos-gate/usr/src/uts/common/sys/fibre-channel/fca/emlxs/fw_lpe12000.h	Docs/researches/sources/os/illumos/illumos-gate/usr/src/uts/common/sys/fibre-channel/fca/emlxs/fw_lpe12000.h_research.md	chunk_sources_os_illumos_illumos_gate_usr_src_uts_common_sys_fibre_channel_fca_4767dadb4e9a	11	33197	36514	262122	Docs/researches/chunks/chunk_sources_os_illumos_illumos_gate_usr_src_uts_common_sys_fibre_channel_fca_4767dadb4e9a_research.md	ok
sources/os/illumos/illumos-gate/usr/src/uts/common/sys/fibre-channel/fca/emlxs/fw_lpe12000.h	Docs/researches/sources/os/illumos/illumos-gate/usr/src/uts/common/sys/fibre-channel/fca/emlxs/fw_lpe12000.h_research.md	chunk_sources_os_illumos_illumos_gate_usr_src_uts_common_sys_fibre_channel_fca_e5728c2fc671	12	36515	39832	262122	Docs/researches/chunks/chunk_sources_os_illumos_illumos_gate_usr_src_uts_common_sys_fibre_channel_fca_e5728c2fc671_research.md	ok
sources/os/illumos/illumos-gate/usr/src/uts/common/sys/fibre-channel/fca/emlxs/fw_lpe12000.h	Docs/researches/sources/os/illumos/illumos-gate/usr/src/uts/common/sys/fibre-channel/fca/emlxs/fw_lpe12000.h_research.md	chunk_sources_os_illumos_illumos_gate_usr_src_uts_common_sys_fibre_channel_fca_959d27774b82	13	39833	43150	262122	Docs/researches/chunks/chunk_sources_os_illumos_illumos_gate_usr_src_uts_common_sys_fibre_channel_fca_959d27774b82_research.md	ok
sources/os/illumos/illumos-gate/usr/src/uts/common/sys/fibre-channel/fca/emlxs/fw_lpe12000.h	Docs/researches/sources/os/illumos/illumos-gate/usr/src/uts/common/sys/fibre-channel/fca/emlxs/fw_lpe12000.h_research.md	chunk_sources_os_illumos_illumos_gate_usr_src_uts_common_sys_fibre_channel_fca_a2cfe9b7c952	14	43151	46468	262122	Docs/researches/chunks/chunk_sources_os_illumos_illumos_gate_usr_src_uts_common_sys_fibre_channel_fca_a2cfe9b7c952_research.md	ok
sources/os/illumos/illumos-gate/usr/src/uts/common/sys/fibre-channel/fca/emlxs/fw_lpe12000.h	Docs/researches/sources/os/illumos/illumos-gate/usr/src/uts/common/sys/fibre-channel/fca/emlxs/fw_lpe12000.h_research.md	chunk_sources_os_illumos_illumos_gate_usr_src_uts_common_sys_fibre_channel_fca_c984b281d243	15	46469	49786	262122	Docs/researches/chunks/chunk_sources_os_illumos_illumos_gate_usr_src_uts_common_sys_fibre_channel_fca_c984b281d243_research.md	ok
sources/os/illumos/illumos-gate/usr/src/uts/common/sys/fibre-channel/fca/emlxs/fw_lpe12000.h	Docs/researches/sources/os/illumos/illumos-gate/usr/src/uts/common/sys/fibre-channel/fca/emlxs/fw_lpe12000.h_research.md	chunk_sources_os_illumos_illumos_gate_usr_src_uts_common_sys_fibre_channel_fca_920e26806448	16	49787	53104	262122	Docs/researches/chunks/chunk_sources_os_illumos_illumos_gate_usr_src_uts_common_sys_fibre_channel_fca_920e26806448_research.md	ok
sources/os/illumos/illumos-gate/usr/src/uts/common/sys/fibre-channel/fca/emlxs/fw_lpe12000.h	Docs/researches/sources/os/illumos/illumos-gate/usr/src/uts/common/sys/fibre-channel/fca/emlxs/fw_lpe12000.h_research.md	chunk_sources_os_illumos_illumos_gate_usr_src_uts_common_sys_fibre_channel_fca_141a57fe56a9	17	53105	56422	262122	Docs/researches/chunks/chunk_sources_os_illumos_illumos_gate_usr_src_uts_common_sys_fibre_channel_fca_141a57fe56a9_research.md	ok
sources/os/illumos/illumos-gate/usr/src/uts/common/sys/fibre-channel/fca/emlxs/fw_lpe12000.h	Docs/researches/sources/os/illumos/illumos-gate/usr/src/uts/common/sys/fibre-channel/fca/emlxs/fw_lpe12000.h_research.md	chunk_sources_os_illumos_illumos_gate_usr_src_uts_common_sys_fibre_channel_fca_e4f7f6cc5367	18	56423	59740	262122	Docs/researches/chunks/chunk_sources_os_illumos_illumos_gate_usr_src_uts_common_sys_fibre_channel_fca_e4f7f6cc5367_research.md	ok
sources/os/illumos/illumos-gate/usr/src/uts/common/sys/fibre-channel/fca/emlxs/fw_lpe12000.h	Docs/researches/sources/os/illumos/illumos-gate/usr/src/uts/common/sys/fibre-channel/fca/emlxs/fw_lpe12000.h_research.md	chunk_sources_os_illumos_illumos_gate_usr_src_uts_common_sys_fibre_channel_fca_1f274bcab99d	19	59741	60332	45673	Docs/researches/chunks/chunk_sources_os_illumos_illumos_gate_usr_src_uts_common_sys_fibre_channel_fca_1f274bcab99d_research.md	ok
sources/os/illumos/illumos-gate/usr/src/uts/common/sys/kiconv_big5_utf8.h	Docs/researches/sources/os/illumos/illumos-gate/usr/src/uts/common/sys/kiconv_big5_utf8.h_research.md	chunk_sources_os_illumos_illumos_gate_usr_src_uts_common_sys_kiconv_big5_utf8__4d8094fe16ef	1	1	8444	262140	Docs/researches/chunks/chunk_sources_os_illumos_illumos_gate_usr_src_uts_common_sys_kiconv_big5_utf8__4d8094fe16ef_research.md	ok
sources/os/illumos/illumos-gate/usr/src/uts/common/sys/kiconv_big5_utf8.h	Docs/researches/sources/os/illumos/illumos-gate/usr/src/uts/common/sys/kiconv_big5_utf8.h_research.md	chunk_sources_os_illumos_illumos_gate_usr_src_uts_common_sys_kiconv_big5_utf8__ca3270b4f410	2	8445	13808	166096	Docs/researches/chunks/chunk_sources_os_illumos_illumos_gate_usr_src_uts_common_sys_kiconv_big5_utf8__ca3270b4f410_research.md	ok
sources/os/illumos/illumos-gate/usr/src/uts/common/sys/kiconv_cp950hkscs_utf8.h	Docs/researches/sources/os/illumos/illumos-gate/usr/src/uts/common/sys/kiconv_cp950hkscs_utf8.h_research.md	chunk_sources_os_illumos_illumos_gate_usr_src_uts_common_sys_kiconv_cp950hkscs_6ff328ae6497	1	1	8439	262128	Docs/researches/chunks/chunk_sources_os_illumos_illumos_gate_usr_src_uts_common_sys_kiconv_cp950hkscs_6ff328ae6497_research.md	ok
sources/os/illumos/illumos-gate/usr/src/uts/common/sys/kiconv_cp950hkscs_utf8.h	Docs/researches/sources/os/illumos/illumos-gate/usr/src/uts/common/sys/kiconv_cp950hkscs_utf8.h_research.md	chunk_sources_os_illumos_illumos_gate_usr_src_uts_common_sys_kiconv_cp950hkscs_165d8ee02570	2	8440	16910	262133	Docs/researches/chunks/chunk_sources_os_illumos_illumos_gate_usr_src_uts_common_sys_kiconv_cp950hkscs_165d8ee02570_research.md	ok
sources/os/illumos/illumos-gate/usr/src/uts/common/sys/kiconv_cp950hkscs_utf8.h	Docs/researches/sources/os/illumos/illumos-gate/usr/src/uts/common/sys/kiconv_cp950hkscs_utf8.h_research.md	chunk_sources_os_illumos_illumos_gate_usr_src_uts_common_sys_kiconv_cp950hkscs_310019403723	3	16911	18412	46380	Docs/researches/chunks/chunk_sources_os_illumos_illumos_gate_usr_src_uts_common_sys_kiconv_cp950hkscs_310019403723_research.md	ok
sources/os/illumos/illumos-gate/usr/src/uts/common/sys/kiconv_euctw_utf8.h	Docs/researches/sources/os/illumos/illumos-gate/usr/src/uts/common/sys/kiconv_euctw_utf8.h_research.md	chunk_sources_os_illumos_illumos_gate_usr_src_uts_common_sys_kiconv_euctw_utf8_3b4d5de28abd	1	1	8428	262138	Docs/researches/chunks/chunk_sources_os_illumos_illumos_gate_usr_src_uts_common_sys_kiconv_euctw_utf8_3b4d5de28abd_research.md	ok
sources/os/illumos/illumos-gate/usr/src/uts/common/sys/kiconv_euctw_utf8.h	Docs/researches/sources/os/illumos/illumos-gate/usr/src/uts/common/sys/kiconv_euctw_utf8.h_research.md	chunk_sources_os_illumos_illumos_gate_usr_src_uts_common_sys_kiconv_euctw_utf8_c6bb328c2f7c	2	8429	16875	262144	Docs/researches/chunks/chunk_sources_os_illumos_illumos_gate_usr_src_uts_common_sys_kiconv_euctw_utf8_c6bb328c2f7c_research.md	ok
sources/os/illumos/illumos-gate/usr/src/uts/common/sys/kiconv_euctw_utf8.h	Docs/researches/sources/os/illumos/illumos-gate/usr/src/uts/common/sys/kiconv_euctw_utf8.h_research.md	chunk_sources_os_illumos_illumos_gate_usr_src_uts_common_sys_kiconv_euctw_utf8_2c25fbf3229d	3	16876	24891	262133	Docs/researches/chunks/chunk_sources_os_illumos_illumos_gate_usr_src_uts_common_sys_kiconv_euctw_utf8_2c25fbf3229d_research.md	ok
sources/os/illumos/illumos-gate/usr/src/uts/common/sys/kiconv_euctw_utf8.h	Docs/researches/sources/os/illumos/illumos-gate/usr/src/uts/common/sys/kiconv_euctw_utf8.h_research.md	chunk_sources_os_illumos_illumos_gate_usr_src_uts_common_sys_kiconv_euctw_utf8_e97990443b4c	4	24892	32217	262115	Docs/researches/chunks/chunk_sources_os_illumos_illumos_gate_usr_src_uts_common_sys_kiconv_euctw_utf8_e97990443b4c_research.md	ok
sources/os/illumos/illumos-gate/usr/src/uts/common/sys/kiconv_euctw_utf8.h	Docs/researches/sources/os/illumos/illumos-gate/usr/src/uts/common/sys/kiconv_euctw_utf8.h_research.md	chunk_sources_os_illumos_illumos_gate_usr_src_uts_common_sys_kiconv_euctw_utf8_165812130db1	5	32218	39351	262121	Docs/researches/chunks/chunk_sources_os_illumos_illumos_gate_usr_src_uts_common_sys_kiconv_euctw_utf8_165812130db1_research.md	ok
sources/os/illumos/illumos-gate/usr/src/uts/common/sys/kiconv_euctw_utf8.h	Docs/researches/sources/os/illumos/illumos-gate/usr/src/uts/common/sys/kiconv_euctw_utf8.h_research.md	chunk_sources_os_illumos_illumos_gate_usr_src_uts_common_sys_kiconv_euctw_utf8_5aebd3c059aa	6	39352	46468	262140	Docs/researches/chunks/chunk_sources_os_illumos_illumos_gate_usr_src_uts_common_sys_kiconv_euctw_utf8_5aebd3c059aa_research.md	ok
sources/os/illumos/illumos-gate/usr/src/uts/common/sys/kiconv_euctw_utf8.h	Docs/researches/sources/os/illumos/illumos-gate/usr/src/uts/common/sys/kiconv_euctw_utf8.h_research.md	chunk_sources_os_illumos_illumos_gate_usr_src_uts_common_sys_kiconv_euctw_utf8_fb0586632c97	7	46469	53594	262139	Docs/researches/chunks/chunk_sources_os_illumos_illumos_gate_usr_src_uts_common_sys_kiconv_euctw_utf8_fb0586632c97_research.md	ok
sources/os/illumos/illumos-gate/usr/src/uts/common/sys/kiconv_euctw_utf8.h	Docs/researches/sources/os/illumos/illumos-gate/usr/src/uts/common/sys/kiconv_euctw_utf8.h_research.md	chunk_sources_os_illumos_illumos_gate_usr_src_uts_common_sys_kiconv_euctw_utf8_bbbbcb7fad1d	8	53595	55578	72867	Docs/researches/chunks/chunk_sources_os_illumos_illumos_gate_usr_src_uts_common_sys_kiconv_euctw_utf8_bbbbcb7fad1d_research.md	ok
sources/os/illumos/illumos-gate/usr/src/uts/common/sys/kiconv_gb18030_utf8.h	Docs/researches/sources/os/illumos/illumos-gate/usr/src/uts/common/sys/kiconv_gb18030_utf8.h_research.md	chunk_sources_os_illumos_illumos_gate_usr_src_uts_common_sys_kiconv_gb18030_ut_7e071de4db64	1	1	8450	262121	Docs/researches/chunks/chunk_sources_os_illumos_illumos_gate_usr_src_uts_common_sys_kiconv_gb18030_ut_7e071de4db64_research.md	ok
sources/os/illumos/illumos-gate/usr/src/uts/common/sys/kiconv_gb18030_utf8.h	Docs/researches/sources/os/illumos/illumos-gate/usr/src/uts/common/sys/kiconv_gb18030_utf8.h_research.md	chunk_sources_os_illumos_illumos_gate_usr_src_uts_common_sys_kiconv_gb18030_ut_b497b6ac091f	2	8451	16906	262136	Docs/researches/chunks/chunk_sources_os_illumos_illumos_gate_usr_src_uts_common_sys_kiconv_gb18030_ut_b497b6ac091f_research.md	ok
sources/os/illumos/illumos-gate/usr/src/uts/common/sys/kiconv_gb18030_utf8.h	Docs/researches/sources/os/illumos/illumos-gate/usr/src/uts/common/sys/kiconv_gb18030_utf8.h_research.md	chunk_sources_os_illumos_illumos_gate_usr_src_uts_common_sys_kiconv_gb18030_ut_253dd6ad3b22	3	16907	25455	262130	Docs/researches/chunks/chunk_sources_os_illumos_illumos_gate_usr_src_uts_common_sys_kiconv_gb18030_ut_253dd6ad3b22_research.md	ok
sources/os/illumos/illumos-gate/usr/src/uts/common/sys/kiconv_gb18030_utf8.h	Docs/researches/sources/os/illumos/illumos-gate/usr/src/uts/common/sys/kiconv_gb18030_utf8.h_research.md	chunk_sources_os_illumos_illumos_gate_usr_src_uts_common_sys_kiconv_gb18030_ut_2c8f7fa57fd5	4	25456	33002	262135	Docs/researches/chunks/chunk_sources_os_illumos_illumos_gate_usr_src_uts_common_sys_kiconv_gb18030_ut_2c8f7fa57fd5_research.md	ok
sources/os/illumos/illumos-gate/usr/src/uts/common/sys/kiconv_gb18030_utf8.h	Docs/researches/sources/os/illumos/illumos-gate/usr/src/uts/common/sys/kiconv_gb18030_utf8.h_research.md	chunk_sources_os_illumos_illumos_gate_usr_src_uts_common_sys_kiconv_gb18030_ut_fd8da32c8e57	5	33003	40491	262115	Docs/researches/chunks/chunk_sources_os_illumos_illumos_gate_usr_src_uts_common_sys_kiconv_gb18030_ut_fd8da32c8e57_research.md	ok
sources/os/illumos/illumos-gate/usr/src/uts/common/sys/kiconv_gb18030_utf8.h	Docs/researches/sources/os/illumos/illumos-gate/usr/src/uts/common/sys/kiconv_gb18030_utf8.h_research.md	chunk_sources_os_illumos_illumos_gate_usr_src_uts_common_sys_kiconv_gb18030_ut_98cf8c45216f	6	40492	47980	262115	Docs/researches/chunks/chunk_sources_os_illumos_illumos_gate_usr_src_uts_common_sys_kiconv_gb18030_ut_98cf8c45216f_research.md	ok
sources/os/illumos/illumos-gate/usr/src/uts/common/sys/kiconv_gb18030_utf8.h	Docs/researches/sources/os/illumos/illumos-gate/usr/src/uts/common/sys/kiconv_gb18030_utf8.h_research.md	chunk_sources_os_illumos_illumos_gate_usr_src_uts_common_sys_kiconv_gb18030_ut_48036989b978	7	47981	55469	262115	Docs/researches/chunks/chunk_sources_os_illumos_illumos_gate_usr_src_uts_common_sys_kiconv_gb18030_ut_48036989b978_research.md	ok
sources/os/illumos/illumos-gate/usr/src/uts/common/sys/kiconv_gb18030_utf8.h	Docs/researches/sources/os/illumos/illumos-gate/usr/src/uts/common/sys/kiconv_gb18030_utf8.h_research.md	chunk_sources_os_illumos_illumos_gate_usr_src_uts_common_sys_kiconv_gb18030_ut_4aeee84f92d9	8	55470	62958	262115	Docs/researches/chunks/chunk_sources_os_illumos_illumos_gate_usr_src_uts_common_sys_kiconv_gb18030_ut_4aeee84f92d9_research.md	ok
sources/os/illumos/illumos-gate/usr/src/uts/common/sys/kiconv_gb18030_utf8.h	Docs/researches/sources/os/illumos/illumos-gate/usr/src/uts/common/sys/kiconv_gb18030_utf8.h_research.md	chunk_sources_os_illumos_illumos_gate_usr_src_uts_common_sys_kiconv_gb18030_ut_52f2ab032db3	9	62959	63457	17244	Docs/researches/chunks/chunk_sources_os_illumos_illumos_gate_usr_src_uts_common_sys_kiconv_gb18030_ut_52f2ab032db3_research.md	ok
sources/os/illumos/illumos-gate/usr/src/uts/common/sys/kiconv_hkscs_utf8.h	Docs/researches/sources/os/illumos/illumos-gate/usr/src/uts/common/sys/kiconv_hkscs_utf8.h_research.md	chunk_sources_os_illumos_illumos_gate_usr_src_uts_common_sys_kiconv_hkscs_utf8_c32285a21fa2	1	1	8168	262130	Docs/researches/chunks/chunk_sources_os_illumos_illumos_gate_usr_src_uts_common_sys_kiconv_hkscs_utf8_c32285a21fa2_research.md	ok
sources/os/illumos/illumos-gate/usr/src/uts/common/sys/kiconv_hkscs_utf8.h	Docs/researches/sources/os/illumos/illumos-gate/usr/src/uts/common/sys/kiconv_hkscs_utf8.h_research.md	chunk_sources_os_illumos_illumos_gate_usr_src_uts_common_sys_kiconv_hkscs_utf8_dde57a153ec0	2	8169	16638	262120	Docs/researches/chunks/chunk_sources_os_illumos_illumos_gate_usr_src_uts_common_sys_kiconv_hkscs_utf8_dde57a153ec0_research.md	ok
sources/os/illumos/illumos-gate/usr/src/uts/common/sys/kiconv_hkscs_utf8.h	Docs/researches/sources/os/illumos/illumos-gate/usr/src/uts/common/sys/kiconv_hkscs_utf8.h_research.md	chunk_sources_os_illumos_illumos_gate_usr_src_uts_common_sys_kiconv_hkscs_utf8_946c43bae506	3	16639	18497	59170	Docs/researches/chunks/chunk_sources_os_illumos_illumos_gate_usr_src_uts_common_sys_kiconv_hkscs_utf8_946c43bae506_research.md	ok
sources/os/illumos/illumos-gate/usr/src/uts/common/sys/kiconv_ja_unicode_to_jis.h	Docs/researches/sources/os/illumos/illumos-gate/usr/src/uts/common/sys/kiconv_ja_unicode_to_jis.h_research.md	chunk_sources_os_illumos_illumos_gate_usr_src_uts_common_sys_kiconv_ja_unicode_c0be363ae220	1	1	7089	262116	Docs/researches/chunks/chunk_sources_os_illumos_illumos_gate_usr_src_uts_common_sys_kiconv_ja_unicode_c0be363ae220_research.md	ok
sources/os/illumos/illumos-gate/usr/src/uts/common/sys/kiconv_ja_unicode_to_jis.h	Docs/researches/sources/os/illumos/illumos-gate/usr/src/uts/common/sys/kiconv_ja_unicode_to_jis.h_research.md	chunk_sources_os_illumos_illumos_gate_usr_src_uts_common_sys_kiconv_ja_unicode_6fb396351a07	2	7090	7616	21661	Docs/researches/chunks/chunk_sources_os_illumos_illumos_gate_usr_src_uts_common_sys_kiconv_ja_unicode_6fb396351a07_research.md	ok
sources/os/illumos/illumos-gate/usr/src/uts/common/sys/kiconv_uhc_utf8.h	Docs/researches/sources/os/illumos/illumos-gate/usr/src/uts/common/sys/kiconv_uhc_utf8.h_research.md	chunk_sources_os_illumos_illumos_gate_usr_src_uts_common_sys_kiconv_uhc_utf8_h_f2ac9d54d85e	1	1	8453	262137	Docs/researches/chunks/chunk_sources_os_illumos_illumos_gate_usr_src_uts_common_sys_kiconv_uhc_utf8_h_f2ac9d54d85e_research.md	ok
sources/os/illumos/illumos-gate/usr/src/uts/common/sys/kiconv_uhc_utf8.h	Docs/researches/sources/os/illumos/illumos-gate/usr/src/uts/common/sys/kiconv_uhc_utf8.h_research.md	chunk_sources_os_illumos_illumos_gate_usr_src_uts_common_sys_kiconv_uhc_utf8_h_24b0e893478e	2	8454	16909	262136	Docs/researches/chunks/chunk_sources_os_illumos_illumos_gate_usr_src_uts_common_sys_kiconv_uhc_utf8_h_24b0e893478e_research.md	ok
sources/os/illumos/illumos-gate/usr/src/uts/common/sys/kiconv_uhc_utf8.h	Docs/researches/sources/os/illumos/illumos-gate/usr/src/uts/common/sys/kiconv_uhc_utf8.h_research.md	chunk_sources_os_illumos_illumos_gate_usr_src_uts_common_sys_kiconv_uhc_utf8_h_c1bdf8022969	3	16910	17136	6848	Docs/researches/chunks/chunk_sources_os_illumos_illumos_gate_usr_src_uts_common_sys_kiconv_uhc_utf8_h_c1bdf8022969_research.md	ok
sources/os/illumos/illumos-gate/usr/src/uts/common/sys/kiconv_utf8_big5.h	Docs/researches/sources/os/illumos/illumos-gate/usr/src/uts/common/sys/kiconv_utf8_big5.h_research.md	chunk_sources_os_illumos_illumos_gate_usr_src_uts_common_sys_kiconv_utf8_big5__20577447e3db	1	1	13699	262141	Docs/researches/chunks/chunk_sources_os_illumos_illumos_gate_usr_src_uts_common_sys_kiconv_utf8_big5__20577447e3db_research.md	ok
sources/os/illumos/illumos-gate/usr/src/uts/common/sys/kiconv_utf8_big5.h	Docs/researches/sources/os/illumos/illumos-gate/usr/src/uts/common/sys/kiconv_utf8_big5.h_research.md	chunk_sources_os_illumos_illumos_gate_usr_src_uts_common_sys_kiconv_utf8_big5__3ae87638a735	2	13700	13801	1858	Docs/researches/chunks/chunk_sources_os_illumos_illumos_gate_usr_src_uts_common_sys_kiconv_utf8_big5__3ae87638a735_research.md	ok
sources/os/illumos/illumos-gate/usr/src/uts/common/sys/kiconv_utf8_cp950hkscs.h	Docs/researches/sources/os/illumos/illumos-gate/usr/src/uts/common/sys/kiconv_utf8_cp950hkscs.h_research.md	chunk_sources_os_illumos_illumos_gate_usr_src_uts_common_sys_kiconv_utf8_cp950_a76a22810ec9	1	1	13705	262139	Docs/researches/chunks/chunk_sources_os_illumos_illumos_gate_usr_src_uts_common_sys_kiconv_utf8_cp950_a76a22810ec9_research.md	ok
sources/os/illumos/illumos-gate/usr/src/uts/common/sys/kiconv_utf8_cp950hkscs.h	Docs/researches/sources/os/illumos/illumos-gate/usr/src/uts/common/sys/kiconv_utf8_cp950hkscs.h_research.md	chunk_sources_os_illumos_illumos_gate_usr_src_uts_common_sys_kiconv_utf8_cp950_dfe5517a5dd5	2	13706	18477	90594	Docs/researches/chunks/chunk_sources_os_illumos_illumos_gate_usr_src_uts_common_sys_kiconv_utf8_cp950_dfe5517a5dd5_research.md	ok
sources/os/illumos/illumos-gate/usr/src/uts/common/sys/kiconv_utf8_euctw.h	Docs/researches/sources/os/illumos/illumos-gate/usr/src/uts/common/sys/kiconv_utf8_euctw.h_research.md	chunk_sources_os_illumos_illumos_gate_usr_src_uts_common_sys_kiconv_utf8_euctw_376b56891390	1	1	13007	262135	Docs/researches/chunks/chunk_sources_os_illumos_illumos_gate_usr_src_uts_common_sys_kiconv_utf8_euctw_376b56891390_research.md	ok
sources/os/illumos/illumos-gate/usr/src/uts/common/sys/kiconv_utf8_euctw.h	Docs/researches/sources/os/illumos/illumos-gate/usr/src/uts/common/sys/kiconv_utf8_euctw.h_research.md	chunk_sources_os_illumos_illumos_gate_usr_src_uts_common_sys_kiconv_utf8_euctw_47b83b287746	2	13008	25996	262136	Docs/researches/chunks/chunk_sources_os_illumos_illumos_gate_usr_src_uts_common_sys_kiconv_utf8_euctw_47b83b287746_research.md	ok
sources/os/illumos/illumos-gate/usr/src/uts/common/sys/kiconv_utf8_euctw.h	Docs/researches/sources/os/illumos/illumos-gate/usr/src/uts/common/sys/kiconv_utf8_euctw.h_research.md	chunk_sources_os_illumos_illumos_gate_usr_src_uts_common_sys_kiconv_utf8_euctw_c1bbc0b0b16c	3	25997	37911	262130	Docs/researches/chunks/chunk_sources_os_illumos_illumos_gate_usr_src_uts_common_sys_kiconv_utf8_euctw_c1bbc0b0b16c_research.md	ok
sources/os/illumos/illumos-gate/usr/src/uts/common/sys/kiconv_utf8_euctw.h	Docs/researches/sources/os/illumos/illumos-gate/usr/src/uts/common/sys/kiconv_utf8_euctw.h_research.md	chunk_sources_os_illumos_illumos_gate_usr_src_uts_common_sys_kiconv_utf8_euctw_3f47fe2c0ceb	4	37912	49826	262130	Docs/researches/chunks/chunk_sources_os_illumos_illumos_gate_usr_src_uts_common_sys_kiconv_utf8_euctw_3f47fe2c0ceb_research.md	ok
sources/os/illumos/illumos-gate/usr/src/uts/common/sys/kiconv_utf8_euctw.h	Docs/researches/sources/os/illumos/illumos-gate/usr/src/uts/common/sys/kiconv_utf8_euctw.h_research.md	chunk_sources_os_illumos_illumos_gate_usr_src_uts_common_sys_kiconv_utf8_euctw_70711169f840	5	49827	55539	125580	Docs/researches/chunks/chunk_sources_os_illumos_illumos_gate_usr_src_uts_common_sys_kiconv_utf8_euctw_70711169f840_research.md	ok
sources/os/illumos/illumos-gate/usr/src/uts/common/sys/kiconv_utf8_gb18030.h	Docs/researches/sources/os/illumos/illumos-gate/usr/src/uts/common/sys/kiconv_utf8_gb18030.h_research.md	chunk_sources_os_illumos_illumos_gate_usr_src_uts_common_sys_kiconv_utf8_gb180_8c3e6c55d1f9	1	1	11564	262129	Docs/researches/chunks/chunk_sources_os_illumos_illumos_gate_usr_src_uts_common_sys_kiconv_utf8_gb180_8c3e6c55d1f9_research.md	ok
sources/os/illumos/illumos-gate/usr/src/uts/common/sys/kiconv_utf8_gb18030.h	Docs/researches/sources/os/illumos/illumos-gate/usr/src/uts/common/sys/kiconv_utf8_gb18030.h_research.md	chunk_sources_os_illumos_illumos_gate_usr_src_uts_common_sys_kiconv_utf8_gb180_40d67577ad8f	2	11565	23674	262126	Docs/researches/chunks/chunk_sources_os_illumos_illumos_gate_usr_src_uts_common_sys_kiconv_utf8_gb180_40d67577ad8f_research.md	ok
sources/os/illumos/illumos-gate/usr/src/uts/common/sys/kiconv_utf8_gb18030.h	Docs/researches/sources/os/illumos/illumos-gate/usr/src/uts/common/sys/kiconv_utf8_gb18030.h_research.md	chunk_sources_os_illumos_illumos_gate_usr_src_uts_common_sys_kiconv_utf8_gb180_b43910e0740f	3	23675	37471	262143	Docs/researches/chunks/chunk_sources_os_illumos_illumos_gate_usr_src_uts_common_sys_kiconv_utf8_gb180_b43910e0740f_research.md	ok
sources/os/illumos/illumos-gate/usr/src/uts/common/sys/kiconv_utf8_gb18030.h	Docs/researches/sources/os/illumos/illumos-gate/usr/src/uts/common/sys/kiconv_utf8_gb18030.h_research.md	chunk_sources_os_illumos_illumos_gate_usr_src_uts_common_sys_kiconv_utf8_gb180_cd9899b98bc8	4	37472	49451	262128	Docs/researches/chunks/chunk_sources_os_illumos_illumos_gate_usr_src_uts_common_sys_kiconv_utf8_gb180_cd9899b98bc8_research.md	ok
sources/os/illumos/illumos-gate/usr/src/uts/common/sys/kiconv_utf8_gb18030.h	Docs/researches/sources/os/illumos/illumos-gate/usr/src/uts/common/sys/kiconv_utf8_gb18030.h_research.md	chunk_sources_os_illumos_illumos_gate_usr_src_uts_common_sys_kiconv_utf8_gb180_71fe82cb3480	5	49452	61208	262139	Docs/researches/chunks/chunk_sources_os_illumos_illumos_gate_usr_src_uts_common_sys_kiconv_utf8_gb180_71fe82cb3480_research.md	ok
sources/os/illumos/illumos-gate/usr/src/uts/common/sys/kiconv_utf8_gb18030.h	Docs/researches/sources/os/illumos/illumos-gate/usr/src/uts/common/sys/kiconv_utf8_gb18030.h_research.md	chunk_sources_os_illumos_illumos_gate_usr_src_uts_common_sys_kiconv_utf8_gb180_1e9eeacd7573	6	61209	63451	50785	Docs/researches/chunks/chunk_sources_os_illumos_illumos_gate_usr_src_uts_common_sys_kiconv_utf8_gb180_1e9eeacd7573_research.md	ok
sources/os/illumos/illumos-gate/usr/src/uts/common/sys/kiconv_utf8_hkscs.h	Docs/researches/sources/os/illumos/illumos-gate/usr/src/uts/common/sys/kiconv_utf8_hkscs.h_research.md	chunk_sources_os_illumos_illumos_gate_usr_src_uts_common_sys_kiconv_utf8_hkscs_6b547d3444a2	1	1	13702	262137	Docs/researches/chunks/chunk_sources_os_illumos_illumos_gate_usr_src_uts_common_sys_kiconv_utf8_hkscs_6b547d3444a2_research.md	ok
sources/os/illumos/illumos-gate/usr/src/uts/common/sys/kiconv_utf8_hkscs.h	Docs/researches/sources/os/illumos/illumos-gate/usr/src/uts/common/sys/kiconv_utf8_hkscs.h_research.md	chunk_sources_os_illumos_illumos_gate_usr_src_uts_common_sys_kiconv_utf8_hkscs_ae2d2eb59a09	2	13703	18512	94697	Docs/researches/chunks/chunk_sources_os_illumos_illumos_gate_usr_src_uts_common_sys_kiconv_utf8_hkscs_ae2d2eb59a09_research.md	ok
sources/os/illumos/illumos-gate/usr/src/uts/common/sys/kiconv_utf8_uhc.h	Docs/researches/sources/os/illumos/illumos-gate/usr/src/uts/common/sys/kiconv_utf8_uhc.h_research.md	chunk_sources_os_illumos_illumos_gate_usr_src_uts_common_sys_kiconv_utf8_uhc_h_cb75ec257b2a	1	1	13706	262139	Docs/researches/chunks/chunk_sources_os_illumos_illumos_gate_usr_src_uts_common_sys_kiconv_utf8_uhc_h_cb75ec257b2a_research.md	ok
sources/os/illumos/illumos-gate/usr/src/uts/common/sys/kiconv_utf8_uhc.h	Docs/researches/sources/os/illumos/illumos-gate/usr/src/uts/common/sys/kiconv_utf8_uhc.h_research.md	chunk_sources_os_illumos_illumos_gate_usr_src_uts_common_sys_kiconv_utf8_uhc_h_569e9a9760fc	2	13707	17137	65108	Docs/researches/chunks/chunk_sources_os_illumos_illumos_gate_usr_src_uts_common_sys_kiconv_utf8_uhc_h_569e9a9760fc_research.md	ok
sources/os/illumos/illumos-gate/usr/src/uts/common/sys/u8_textprep_data.h	Docs/researches/sources/os/illumos/illumos-gate/usr/src/uts/common/sys/u8_textprep_data.h_research.md	chunk_sources_os_illumos_illumos_gate_usr_src_uts_common_sys_u8_textprep_data__bbab15de3cd9	1	1	6876	262106	Docs/researches/chunks/chunk_sources_os_illumos_illumos_gate_usr_src_uts_common_sys_u8_textprep_data__bbab15de3cd9_research.md	ok
sources/os/illumos/illumos-gate/usr/src/uts/common/sys/u8_textprep_data.h	Docs/researches/sources/os/illumos/illumos-gate/usr/src/uts/common/sys/u8_textprep_data.h_research.md	chunk_sources_os_illumos_illumos_gate_usr_src_uts_common_sys_u8_textprep_data__e74ed2bf25b8	2	6877	13203	262127	Docs/researches/chunks/chunk_sources_os_illumos_illumos_gate_usr_src_uts_common_sys_u8_textprep_data__e74ed2bf25b8_research.md	ok
sources/os/illumos/illumos-gate/usr/src/uts/common/sys/u8_textprep_data.h	Docs/researches/sources/os/illumos/illumos-gate/usr/src/uts/common/sys/u8_textprep_data.h_research.md	chunk_sources_os_illumos_illumos_gate_usr_src_uts_common_sys_u8_textprep_data__d6d7db338d88	3	13204	19890	262141	Docs/researches/chunks/chunk_sources_os_illumos_illumos_gate_usr_src_uts_common_sys_u8_textprep_data__d6d7db338d88_research.md	ok
sources/os/illumos/illumos-gate/usr/src/uts/common/sys/u8_textprep_data.h	Docs/researches/sources/os/illumos/illumos-gate/usr/src/uts/common/sys/u8_textprep_data.h_research.md	chunk_sources_os_illumos_illumos_gate_usr_src_uts_common_sys_u8_textprep_data__edb2cdfb892c	4	19891	25440	262117	Docs/researches/chunks/chunk_sources_os_illumos_illumos_gate_usr_src_uts_common_sys_u8_textprep_data__edb2cdfb892c_research.md	ok
sources/os/illumos/illumos-gate/usr/src/uts/common/sys/u8_textprep_data.h	Docs/researches/sources/os/illumos/illumos-gate/usr/src/uts/common/sys/u8_textprep_data.h_research.md	chunk_sources_os_illumos_illumos_gate_usr_src_uts_common_sys_u8_textprep_data__f603586cce63	5	25441	31356	262111	Docs/researches/chunks/chunk_sources_os_illumos_illumos_gate_usr_src_uts_common_sys_u8_textprep_data__f603586cce63_research.md	ok
sources/os/illumos/illumos-gate/usr/src/uts/common/sys/u8_textprep_data.h	Docs/researches/sources/os/illumos/illumos-gate/usr/src/uts/common/sys/u8_textprep_data.h_research.md	chunk_sources_os_illumos_illumos_gate_usr_src_uts_common_sys_u8_textprep_data__e74908e45082	6	31357	35374	167141	Docs/researches/chunks/chunk_sources_os_illumos_illumos_gate_usr_src_uts_common_sys_u8_textprep_data__e74908e45082_research.md	ok
sources/local-fs/kdave-linux/fs/btrfs/inode.c	Docs/researches/sources/local-fs/kdave-linux/fs/btrfs/inode.c_research.md	chunk_sources_local_fs_kdave_linux_fs_btrfs_inode_c_1_1_8840_bde2cc1717a7	1	1	8840	262079	Docs/researches/chunks/chunk_sources_local_fs_kdave_linux_fs_btrfs_inode_c_1_1_8840_bde2cc1717a7_research.md	ok
sources/local-fs/kdave-linux/fs/btrfs/inode.c	Docs/researches/sources/local-fs/kdave-linux/fs/btrfs/inode.c_research.md	chunk_sources_local_fs_kdave_linux_fs_btrfs_inode_c_2_8841_10805_a31ddc542c3e	2	8841	10805	56053	Docs/researches/chunks/chunk_sources_local_fs_kdave_linux_fs_btrfs_inode_c_2_8841_10805_a31ddc542c3e_research.md	ok
sources/os/linux/linux/block/bfq-iosched.c	Docs/researches/sources/os/linux/linux/block/bfq-iosched.c_research.md	chunk_sources_os_linux_linux_block_bfq_iosched_c_1_1_7379_90b2c5733d08	1	1	7379	262105	Docs/researches/chunks/chunk_sources_os_linux_linux_block_bfq_iosched_c_1_1_7379_90b2c5733d08_research.md	ok
sources/os/linux/linux/block/bfq-iosched.c	Docs/researches/sources/os/linux/linux/block/bfq-iosched.c_research.md	chunk_sources_os_linux_linux_block_bfq_iosched_c_2_7380_7682_36ddf2a1082b	2	7380	7682	8352	Docs/researches/chunks/chunk_sources_os_linux_linux_block_bfq_iosched_c_2_7380_7682_36ddf2a1082b_research.md	ok
sources/os/linux/linux/fs/btrfs/inode.c	Docs/researches/sources/os/linux/linux/fs/btrfs/inode.c_research.md	chunk_sources_os_linux_linux_fs_btrfs_inode_c_1_1_8840_067e97753d47	1	1	8840	262084	Docs/researches/chunks/chunk_sources_os_linux_linux_fs_btrfs_inode_c_1_1_8840_067e97753d47_research.md	ok
sources/os/linux/linux/fs/btrfs/inode.c	Docs/researches/sources/os/linux/linux/fs/btrfs/inode.c_research.md	chunk_sources_os_linux_linux_fs_btrfs_inode_c_2_8841_10805_04b43d528a11	2	8841	10805	56053	Docs/researches/chunks/chunk_sources_os_linux_linux_fs_btrfs_inode_c_2_8841_10805_04b43d528a11_research.md	ok
sources/os/linux/linux/fs/nfs/nfs4proc.c	Docs/researches/sources/os/linux/linux/fs/nfs/nfs4proc.c_research.md	chunk_sources_os_linux_linux_fs_nfs_nfs4proc_c_1_1_9520_f6c8012c3536	1	1	9520	262135	Docs/researches/chunks/chunk_sources_os_linux_linux_fs_nfs_nfs4proc_c_1_1_9520_f6c8012c3536_research.md	ok
sources/os/linux/linux/fs/nfs/nfs4proc.c	Docs/researches/sources/os/linux/linux/fs/nfs/nfs4proc.c_research.md	chunk_sources_os_linux_linux_fs_nfs_nfs4proc_c_2_9521_10754_0ef2d18db04f	2	9521	10754	32986	Docs/researches/chunks/chunk_sources_os_linux_linux_fs_nfs_nfs4proc_c_2_9521_10754_0ef2d18db04f_research.md	ok
sources/os/linux/linux/fs/nls/nls_cp932.c	Docs/researches/sources/os/linux/linux/fs/nls/nls_cp932.c_research.md	chunk_sources_os_linux_linux_fs_nls_nls_cp932_c_1_1_4152_cd7b667b3ab8	1	1	4152	262094	Docs/researches/chunks/chunk_sources_os_linux_linux_fs_nls_nls_cp932_c_1_1_4152_cd7b667b3ab8_research.md	ok
sources/os/linux/linux/fs/nls/nls_cp932.c	Docs/researches/sources/os/linux/linux/fs/nls/nls_cp932.c_research.md	chunk_sources_os_linux_linux_fs_nls_nls_cp932_c_2_4153_7934_2bddfa0fc365	2	4153	7934	229129	Docs/researches/chunks/chunk_sources_os_linux_linux_fs_nls_nls_cp932_c_2_4153_7934_2bddfa0fc365_research.md	ok
sources/os/linux/linux/fs/nls/nls_cp936.c	Docs/researches/sources/os/linux/linux/fs/nls/nls_cp936.c_research.md	chunk_sources_os_linux_linux_fs_nls_nls_cp936_c_1_1_3984_6153d81b2f92	1	1	3984	262088	Docs/researches/chunks/chunk_sources_os_linux_linux_fs_nls_nls_cp936_c_1_1_3984_6153d81b2f92_research.md	ok
sources/os/linux/linux/fs/nls/nls_cp936.c	Docs/researches/sources/os/linux/linux/fs/nls/nls_cp936.c_research.md	chunk_sources_os_linux_linux_fs_nls_nls_cp936_c_2_3985_8212_d83329ae5427	2	3985	8212	262119	Docs/researches/chunks/chunk_sources_os_linux_linux_fs_nls_nls_cp936_c_2_3985_8212_d83329ae5427_research.md	ok
sources/os/linux/linux/fs/nls/nls_cp936.c	Docs/researches/sources/os/linux/linux/fs/nls/nls_cp936.c_research.md	chunk_sources_os_linux_linux_fs_nls_nls_cp936_c_3_8213_11112_8039314df632	3	8213	11112	174159	Docs/researches/chunks/chunk_sources_os_linux_linux_fs_nls_nls_cp936_c_3_8213_11112_8039314df632_research.md	ok
sources/os/linux/linux/fs/nls/nls_cp949.c	Docs/researches/sources/os/linux/linux/fs/nls/nls_cp949.c_research.md	chunk_sources_os_linux_linux_fs_nls_nls_cp949_c_1_1_3981_0dac1408871b	1	1	3981	262119	Docs/researches/chunks/chunk_sources_os_linux_linux_fs_nls_nls_cp949_c_1_1_3981_0dac1408871b_research.md	ok
sources/os/linux/linux/fs/nls/nls_cp949.c	Docs/researches/sources/os/linux/linux/fs/nls/nls_cp949.c_research.md	chunk_sources_os_linux_linux_fs_nls_nls_cp949_c_2_3982_8200_94a3971fa371	2	3982	8200	262112	Docs/researches/chunks/chunk_sources_os_linux_linux_fs_nls_nls_cp949_c_2_3982_8200_94a3971fa371_research.md	ok
sources/os/linux/linux/fs/nls/nls_cp949.c	Docs/researches/sources/os/linux/linux/fs/nls/nls_cp949.c_research.md	chunk_sources_os_linux_linux_fs_nls_nls_cp949_c_3_8201_12440_f5b501257056	3	8201	12440	262096	Docs/researches/chunks/chunk_sources_os_linux_linux_fs_nls_nls_cp949_c_3_8201_12440_f5b501257056_research.md	ok
sources/os/linux/linux/fs/nls/nls_cp949.c	Docs/researches/sources/os/linux/linux/fs/nls/nls_cp949.c_research.md	chunk_sources_os_linux_linux_fs_nls_nls_cp949_c_4_12441_13947_41931786529c	4	12441	13947	88972	Docs/researches/chunks/chunk_sources_os_linux_linux_fs_nls_nls_cp949_c_4_12441_13947_41931786529c_research.md	ok
sources/os/linux/linux/fs/nls/nls_cp950.c	Docs/researches/sources/os/linux/linux/fs/nls/nls_cp950.c_research.md	chunk_sources_os_linux_linux_fs_nls_nls_cp950_c_1_1_4046_13485365a1c1	1	1	4046	262089	Docs/researches/chunks/chunk_sources_os_linux_linux_fs_nls_nls_cp950_c_1_1_4046_13485365a1c1_research.md	ok
sources/os/linux/linux/fs/nls/nls_cp950.c	Docs/researches/sources/os/linux/linux/fs/nls/nls_cp950.c_research.md	chunk_sources_os_linux_linux_fs_nls_nls_cp950_c_2_4047_8283_c5cc4d81441c	2	4047	8283	262112	Docs/researches/chunks/chunk_sources_os_linux_linux_fs_nls_nls_cp950_c_2_4047_8283_c5cc4d81441c_research.md	ok
sources/os/linux/linux/fs/nls/nls_cp950.c	Docs/researches/sources/os/linux/linux/fs/nls/nls_cp950.c_research.md	chunk_sources_os_linux_linux_fs_nls_nls_cp950_c_3_8284_9483_bb14b2fa077c	3	8284	9483	69713	Docs/researches/chunks/chunk_sources_os_linux_linux_fs_nls_nls_cp950_c_3_8284_9483_bb14b2fa077c_research.md	ok
sources/block-storage/linux-dm/drivers/md/md.c	Docs/researches/sources/block-storage/linux-dm/drivers/md/md.c_research.md	chunk_sources_block_storage_linux_dm_drivers_md_md_c_1_1_9804_57126c18ec71	1	1	9804	262137	Docs/researches/chunks/chunk_sources_block_storage_linux_dm_drivers_md_md_c_1_1_9804_57126c18ec71_research.md	ok
sources/block-storage/linux-dm/drivers/md/md.c	Docs/researches/sources/block-storage/linux-dm/drivers/md/md.c_research.md	chunk_sources_block_storage_linux_dm_drivers_md_md_c_2_9805_9951_21bffa5c4034	2	9805	9951	3723	Docs/researches/chunks/chunk_sources_block_storage_linux_dm_drivers_md_md_c_2_9805_9951_21bffa5c4034_research.md	ok
sources/os/linux/linux-stable/fs/btrfs/inode.c	Docs/researches/sources/os/linux/linux-stable/fs/btrfs/inode.c_research.md	chunk_sources_os_linux_linux_stable_fs_btrfs_inode_c_1_1_8840_d3366440c5ce	1	1	8840	262079	Docs/researches/chunks/chunk_sources_os_linux_linux_stable_fs_btrfs_inode_c_1_1_8840_d3366440c5ce_research.md	ok
sources/os/linux/linux-stable/fs/btrfs/inode.c	Docs/researches/sources/os/linux/linux-stable/fs/btrfs/inode.c_research.md	chunk_sources_os_linux_linux_stable_fs_btrfs_inode_c_2_8841_10805_2644b90a541a	2	8841	10805	56053	Docs/researches/chunks/chunk_sources_os_linux_linux_stable_fs_btrfs_inode_c_2_8841_10805_2644b90a541a_research.md	ok
sources/os/linux/linux-stable/fs/nfs/nfs4proc.c	Docs/researches/sources/os/linux/linux-stable/fs/nfs/nfs4proc.c_research.md	chunk_sources_os_linux_linux_stable_fs_nfs_nfs4proc_c_1_1_9526_916105ce4105	1	1	9526	262136	Docs/researches/chunks/chunk_sources_os_linux_linux_stable_fs_nfs_nfs4proc_c_1_1_9526_916105ce4105_research.md	ok
sources/os/linux/linux-stable/fs/nfs/nfs4proc.c	Docs/researches/sources/os/linux/linux-stable/fs/nfs/nfs4proc.c_research.md	chunk_sources_os_linux_linux_stable_fs_nfs_nfs4proc_c_2_9527_10750_174064f9904c	2	9527	10750	32788	Docs/researches/chunks/chunk_sources_os_linux_linux_stable_fs_nfs_nfs4proc_c_2_9527_10750_174064f9904c_research.md	ok
sources/os/linux/linux-stable/fs/nls/nls_cp932.c	Docs/researches/sources/os/linux/linux-stable/fs/nls/nls_cp932.c_research.md	chunk_sources_os_linux_linux_stable_fs_nls_nls_cp932_c_1_1_4152_a6ea872305bb	1	1	4152	262094	Docs/researches/chunks/chunk_sources_os_linux_linux_stable_fs_nls_nls_cp932_c_1_1_4152_a6ea872305bb_research.md	ok
sources/os/linux/linux-stable/fs/nls/nls_cp932.c	Docs/researches/sources/os/linux/linux-stable/fs/nls/nls_cp932.c_research.md	chunk_sources_os_linux_linux_stable_fs_nls_nls_cp932_c_2_4153_7934_0dc6d959dfb7	2	4153	7934	229129	Docs/researches/chunks/chunk_sources_os_linux_linux_stable_fs_nls_nls_cp932_c_2_4153_7934_0dc6d959dfb7_research.md	ok
sources/os/linux/linux-stable/fs/nls/nls_cp936.c	Docs/researches/sources/os/linux/linux-stable/fs/nls/nls_cp936.c_research.md	chunk_sources_os_linux_linux_stable_fs_nls_nls_cp936_c_1_1_3984_ba730d5c32db	1	1	3984	262088	Docs/researches/chunks/chunk_sources_os_linux_linux_stable_fs_nls_nls_cp936_c_1_1_3984_ba730d5c32db_research.md	ok
sources/os/linux/linux-stable/fs/nls/nls_cp936.c	Docs/researches/sources/os/linux/linux-stable/fs/nls/nls_cp936.c_research.md	chunk_sources_os_linux_linux_stable_fs_nls_nls_cp936_c_2_3985_8212_5ee643007aea	2	3985	8212	262119	Docs/researches/chunks/chunk_sources_os_linux_linux_stable_fs_nls_nls_cp936_c_2_3985_8212_5ee643007aea_research.md	ok
sources/os/linux/linux-stable/fs/nls/nls_cp936.c	Docs/researches/sources/os/linux/linux-stable/fs/nls/nls_cp936.c_research.md	chunk_sources_os_linux_linux_stable_fs_nls_nls_cp936_c_3_8213_11112_8f15402e3205	3	8213	11112	174159	Docs/researches/chunks/chunk_sources_os_linux_linux_stable_fs_nls_nls_cp936_c_3_8213_11112_8f15402e3205_research.md	ok
sources/os/linux/linux-stable/fs/nls/nls_cp949.c	Docs/researches/sources/os/linux/linux-stable/fs/nls/nls_cp949.c_research.md	chunk_sources_os_linux_linux_stable_fs_nls_nls_cp949_c_1_1_3981_849ae9e8643f	1	1	3981	262119	Docs/researches/chunks/chunk_sources_os_linux_linux_stable_fs_nls_nls_cp949_c_1_1_3981_849ae9e8643f_research.md	ok
sources/os/linux/linux-stable/fs/nls/nls_cp949.c	Docs/researches/sources/os/linux/linux-stable/fs/nls/nls_cp949.c_research.md	chunk_sources_os_linux_linux_stable_fs_nls_nls_cp949_c_2_3982_8200_45630c500721	2	3982	8200	262112	Docs/researches/chunks/chunk_sources_os_linux_linux_stable_fs_nls_nls_cp949_c_2_3982_8200_45630c500721_research.md	ok
sources/os/linux/linux-stable/fs/nls/nls_cp949.c	Docs/researches/sources/os/linux/linux-stable/fs/nls/nls_cp949.c_research.md	chunk_sources_os_linux_linux_stable_fs_nls_nls_cp949_c_3_8201_12440_4a1e78a40910	3	8201	12440	262096	Docs/researches/chunks/chunk_sources_os_linux_linux_stable_fs_nls_nls_cp949_c_3_8201_12440_4a1e78a40910_research.md	ok
sources/os/linux/linux-stable/fs/nls/nls_cp949.c	Docs/researches/sources/os/linux/linux-stable/fs/nls/nls_cp949.c_research.md	chunk_sources_os_linux_linux_stable_fs_nls_nls_cp949_c_4_12441_13947_9a944806100b	4	12441	13947	88972	Docs/researches/chunks/chunk_sources_os_linux_linux_stable_fs_nls_nls_cp949_c_4_12441_13947_9a944806100b_research.md	ok
sources/os/linux/linux-stable/fs/nls/nls_cp950.c	Docs/researches/sources/os/linux/linux-stable/fs/nls/nls_cp950.c_research.md	chunk_sources_os_linux_linux_stable_fs_nls_nls_cp950_c_1_1_4046_0d7e70e6e2f2	1	1	4046	262089	Docs/researches/chunks/chunk_sources_os_linux_linux_stable_fs_nls_nls_cp950_c_1_1_4046_0d7e70e6e2f2_research.md	ok
sources/os/linux/linux-stable/fs/nls/nls_cp950.c	Docs/researches/sources/os/linux/linux-stable/fs/nls/nls_cp950.c_research.md	chunk_sources_os_linux_linux_stable_fs_nls_nls_cp950_c_2_4047_8283_691da7689f64	2	4047	8283	262112	Docs/researches/chunks/chunk_sources_os_linux_linux_stable_fs_nls_nls_cp950_c_2_4047_8283_691da7689f64_research.md	ok
sources/os/linux/linux-stable/fs/nls/nls_cp950.c	Docs/researches/sources/os/linux/linux-stable/fs/nls/nls_cp950.c_research.md	chunk_sources_os_linux_linux_stable_fs_nls_nls_cp950_c_3_8284_9483_9ffaf86e2263	3	8284	9483	69713	Docs/researches/chunks/chunk_sources_os_linux_linux_stable_fs_nls_nls_cp950_c_3_8284_9483_9ffaf86e2263_research.md	ok
sources/block-storage/lvm2/lib/metadata/lv_manip.c	Docs/researches/sources/block-storage/lvm2/lib/metadata/lv_manip.c_research.md	chunk_sources_block_storage_lvm2_lib_metadata_lv_manip_c_1_1_8704_40ee88714cc3	1	1	8704	262125	Docs/researches/chunks/chunk_sources_block_storage_lvm2_lib_metadata_lv_manip_c_1_1_8704_40ee88714cc3_research.md	ok
sources/block-storage/lvm2/lib/metadata/lv_manip.c	Docs/researches/sources/block-storage/lvm2/lib/metadata/lv_manip.c_research.md	chunk_sources_block_storage_lvm2_lib_metadata_lv_manip_c_2_8705_10224_419d11165acf	2	8705	10224	47037	Docs/researches/chunks/chunk_sources_block_storage_lvm2_lib_metadata_lv_manip_c_2_8705_10224_419d11165acf_research.md	ok
sources/block-storage/mdadm/super-intel.c	Docs/researches/sources/block-storage/mdadm/super-intel.c_research.md	chunk_sources_block_storage_mdadm_super_intel_c_1_1_9958_3eeee6bd3e54	1	1	9958	262105	Docs/researches/chunks/chunk_sources_block_storage_mdadm_super_intel_c_1_1_9958_3eeee6bd3e54_research.md	ok
sources/block-storage/mdadm/super-intel.c	Docs/researches/sources/block-storage/mdadm/super-intel.c_research.md	chunk_sources_block_storage_mdadm_super_intel_c_2_9959_13343_47434f495d98	2	9959	13343	96448	Docs/researches/chunks/chunk_sources_block_storage_mdadm_super_intel_c_2_9959_13343_47434f495d98_research.md	ok
sources/virtualization/nvme-cli/libnvme/src/nvme/nvme-types-base.h	Docs/researches/sources/virtualization/nvme-cli/libnvme/src/nvme/nvme-types-base.h_research.md	chunk_sources_virtualization_nvme_cli_libnvme_src_nvme_nvme_types_base_h_1_1_6_d45d3742de5a	1	1	6562	262080	Docs/researches/chunks/chunk_sources_virtualization_nvme_cli_libnvme_src_nvme_nvme_types_base_h_1_1_6_d45d3742de5a_research.md	ok
sources/virtualization/nvme-cli/libnvme/src/nvme/nvme-types-base.h	Docs/researches/sources/virtualization/nvme-cli/libnvme/src/nvme/nvme-types-base.h_research.md	chunk_sources_virtualization_nvme_cli_libnvme_src_nvme_nvme_types_base_h_2_656_fd02d2e04a63	2	6563	9212	102754	Docs/researches/chunks/chunk_sources_virtualization_nvme_cli_libnvme_src_nvme_nvme_types_base_h_2_656_fd02d2e04a63_research.md	ok
sources/virtualization/nvme-cli/nvme.c	Docs/researches/sources/virtualization/nvme-cli/nvme.c_research.md	chunk_sources_virtualization_nvme_cli_nvme_c_1_1_9504_4e0556111f34	1	1	9504	262124	Docs/researches/chunks/chunk_sources_virtualization_nvme_cli_nvme_c_1_1_9504_4e0556111f34_research.md	ok
sources/virtualization/nvme-cli/nvme.c	Docs/researches/sources/virtualization/nvme-cli/nvme.c_research.md	chunk_sources_virtualization_nvme_cli_nvme_c_2_9505_11419_e8317836987b	2	9505	11419	48111	Docs/researches/chunks/chunk_sources_virtualization_nvme_cli_nvme_c_2_9505_11419_e8317836987b_research.md	ok
sources/virtualization/nvme-cli/plugins/wdc/wdc-nvme.c	Docs/researches/sources/virtualization/nvme-cli/plugins/wdc/wdc-nvme.c_research.md	chunk_sources_virtualization_nvme_cli_plugins_wdc_wdc_nvme_c_1_1_7532_6435643d1400	1	1	7532	262124	Docs/researches/chunks/chunk_sources_virtualization_nvme_cli_plugins_wdc_wdc_nvme_c_1_1_7532_6435643d1400_research.md	ok
sources/virtualization/nvme-cli/plugins/wdc/wdc-nvme.c	Docs/researches/sources/virtualization/nvme-cli/plugins/wdc/wdc-nvme.c_research.md	chunk_sources_virtualization_nvme_cli_plugins_wdc_wdc_nvme_c_2_7533_12905_f4fab7f21789	2	7533	12905	171193	Docs/researches/chunks/chunk_sources_virtualization_nvme_cli_plugins_wdc_wdc_nvme_c_2_7533_12905_f4fab7f21789_research.md	ok
sources/os/bsd/openbsd-src/sbin/unwind/libunbound/services/authzone.c	Docs/researches/sources/os/bsd/openbsd-src/sbin/unwind/libunbound/services/authzone.c_research.md	chunk_sources_os_bsd_openbsd_src_sbin_unwind_libunbound_services_authzone_c_1__e93fdf9bc36e	1	1	8713	262124	Docs/researches/chunks/chunk_sources_os_bsd_openbsd_src_sbin_unwind_libunbound_services_authzone_c_1__e93fdf9bc36e_research.md	ok
sources/os/bsd/openbsd-src/sbin/unwind/libunbound/services/authzone.c	Docs/researches/sources/os/bsd/openbsd-src/sbin/unwind/libunbound/services/authzone.c_research.md	chunk_sources_os_bsd_openbsd_src_sbin_unwind_libunbound_services_authzone_c_2__675bbb0bf2bb	2	8714	8828	2592	Docs/researches/chunks/chunk_sources_os_bsd_openbsd_src_sbin_unwind_libunbound_services_authzone_c_2__675bbb0bf2bb_research.md	ok
sources/os/bsd/openbsd-src/sbin/unwind/libunbound/util/configlexer.c	Docs/researches/sources/os/bsd/openbsd-src/sbin/unwind/libunbound/util/configlexer.c_research.md	chunk_sources_os_bsd_openbsd_src_sbin_unwind_libunbound_util_configlexer_c_1_1_20bcb5e4d4cd	1	1	6092	262094	Docs/researches/chunks/chunk_sources_os_bsd_openbsd_src_sbin_unwind_libunbound_util_configlexer_c_1_1_20bcb5e4d4cd_research.md	ok
sources/os/bsd/openbsd-src/sbin/unwind/libunbound/util/configlexer.c	Docs/researches/sources/os/bsd/openbsd-src/sbin/unwind/libunbound/util/configlexer.c_research.md	chunk_sources_os_bsd_openbsd_src_sbin_unwind_libunbound_util_configlexer_c_2_6_0609077b87e2	2	6093	7274	29498	Docs/researches/chunks/chunk_sources_os_bsd_openbsd_src_sbin_unwind_libunbound_util_configlexer_c_2_6_0609077b87e2_research.md	ok
sources/os/bsd/openbsd-src/sys/sys/videoio.h	Docs/researches/sources/os/bsd/openbsd-src/sys/sys/videoio.h_research.md	chunk_sources_os_bsd_openbsd_src_sys_sys_videoio_h_1_1_6358_a715135f0b62	1	1	6358	262131	Docs/researches/chunks/chunk_sources_os_bsd_openbsd_src_sys_sys_videoio_h_1_1_6358_a715135f0b62_research.md	ok
sources/os/bsd/openbsd-src/sys/sys/videoio.h	Docs/researches/sources/os/bsd/openbsd-src/sys/sys/videoio.h_research.md	chunk_sources_os_bsd_openbsd_src_sys_sys_videoio_h_2_6359_6403_a2f70d6088b3	2	6359	6403	2126	Docs/researches/chunks/chunk_sources_os_bsd_openbsd_src_sys_sys_videoio_h_2_6359_6403_a2f70d6088b3_research.md	ok
sources/cow-pools/openzfs/cmd/zpool/zpool_main.c	Docs/researches/sources/cow-pools/openzfs/cmd/zpool/zpool_main.c_research.md	chunk_sources_cow_pools_openzfs_cmd_zpool_zpool_main_c_1_1_9956_f84ed2fad383	1	1	9956	262134	Docs/researches/chunks/chunk_sources_cow_pools_openzfs_cmd_zpool_zpool_main_c_1_1_9956_f84ed2fad383_research.md	ok
sources/cow-pools/openzfs/cmd/zpool/zpool_main.c	Docs/researches/sources/cow-pools/openzfs/cmd/zpool/zpool_main.c_research.md	chunk_sources_cow_pools_openzfs_cmd_zpool_zpool_main_c_2_9957_13962_6f1c50fe1d65	2	9957	13962	109863	Docs/researches/chunks/chunk_sources_cow_pools_openzfs_cmd_zpool_zpool_main_c_2_9957_13962_6f1c50fe1d65_research.md	ok
sources/cow-pools/openzfs/module/zfs/arc.c	Docs/researches/sources/cow-pools/openzfs/module/zfs/arc.c_research.md	chunk_sources_cow_pools_openzfs_module_zfs_arc_c_1_1_8086_74cfd49eec7d	1	1	8086	262123	Docs/researches/chunks/chunk_sources_cow_pools_openzfs_module_zfs_arc_c_1_1_8086_74cfd49eec7d_research.md	ok
sources/cow-pools/openzfs/module/zfs/arc.c	Docs/researches/sources/cow-pools/openzfs/module/zfs/arc.c_research.md	chunk_sources_cow_pools_openzfs_module_zfs_arc_c_2_8087_11797_914698d03929	2	8087	11797	116009	Docs/researches/chunks/chunk_sources_cow_pools_openzfs_module_zfs_arc_c_2_8087_11797_914698d03929_research.md	ok
sources/cow-pools/openzfs/module/zfs/spa.c	Docs/researches/sources/cow-pools/openzfs/module/zfs/spa.c_research.md	chunk_sources_cow_pools_openzfs_module_zfs_spa_c_1_1_9129_9ff803a65085	1	1	9129	262084	Docs/researches/chunks/chunk_sources_cow_pools_openzfs_module_zfs_spa_c_1_1_9129_9ff803a65085_research.md	ok
sources/cow-pools/openzfs/module/zfs/spa.c	Docs/researches/sources/cow-pools/openzfs/module/zfs/spa.c_research.md	chunk_sources_cow_pools_openzfs_module_zfs_spa_c_2_9130_11868_66790b2ff35c	2	9130	11868	78596	Docs/researches/chunks/chunk_sources_cow_pools_openzfs_module_zfs_spa_c_2_9130_11868_66790b2ff35c_research.md	ok
sources/os/plan9/plan9/sys/src/cmd/gs/icclib/icc.c	Docs/researches/sources/os/plan9/plan9/sys/src/cmd/gs/icclib/icc.c_research.md	chunk_sources_os_plan9_plan9_sys_src_cmd_gs_icclib_icc_c_1_1_9299_b4b6fe720c26	1	1	9299	262143	Docs/researches/chunks/chunk_sources_os_plan9_plan9_sys_src_cmd_gs_icclib_icc_c_1_1_9299_b4b6fe720c26_research.md	ok
sources/os/plan9/plan9/sys/src/cmd/gs/icclib/icc.c	Docs/researches/sources/os/plan9/plan9/sys/src/cmd/gs/icclib/icc.c_research.md	chunk_sources_os_plan9_plan9_sys_src_cmd_gs_icclib_icc_c_2_9300_12776_91d961ca5f49	2	9300	12776	100574	Docs/researches/chunks/chunk_sources_os_plan9_plan9_sys_src_cmd_gs_icclib_icc_c_2_9300_12776_91d961ca5f49_research.md	ok
sources/os/plan9/plan9/sys/src/cmd/gs/src/gdevupd.c	Docs/researches/sources/os/plan9/plan9/sys/src/cmd/gs/src/gdevupd.c_research.md	chunk_sources_os_plan9_plan9_sys_src_cmd_gs_src_gdevupd_c_1_1_7500_b9d052209f12	1	1	7500	262126	Docs/researches/chunks/chunk_sources_os_plan9_plan9_sys_src_cmd_gs_src_gdevupd_c_1_1_7500_b9d052209f12_research.md	ok
sources/os/plan9/plan9/sys/src/cmd/gs/src/gdevupd.c	Docs/researches/sources/os/plan9/plan9/sys/src/cmd/gs/src/gdevupd.c_research.md	chunk_sources_os_plan9_plan9_sys_src_cmd_gs_src_gdevupd_c_2_7501_7642_4fac1f096e10	2	7501	7642	2898	Docs/researches/chunks/chunk_sources_os_plan9_plan9_sys_src_cmd_gs_src_gdevupd_c_2_7501_7642_4fac1f096e10_research.md	ok
sources/windows/reactos/drivers/filesystems/btrfs/flushthread.c	Docs/researches/sources/windows/reactos/drivers/filesystems/btrfs/flushthread.c_research.md	chunk_sources_windows_reactos_drivers_filesystems_btrfs_flushthread_c_1_1_7495_0ac7e38d3f25	1	1	7495	262113	Docs/researches/chunks/chunk_sources_windows_reactos_drivers_filesystems_btrfs_flushthread_c_1_1_7495_0ac7e38d3f25_research.md	ok
sources/windows/reactos/drivers/filesystems/btrfs/flushthread.c	Docs/researches/sources/windows/reactos/drivers/filesystems/btrfs/flushthread.c_research.md	chunk_sources_windows_reactos_drivers_filesystems_btrfs_flushthread_c_2_7496_7_d1a442ac08b6	2	7496	7946	12910	Docs/researches/chunks/chunk_sources_windows_reactos_drivers_filesystems_btrfs_flushthread_c_2_7496_7_d1a442ac08b6_research.md	ok
sources/windows/reactos/drivers/filesystems/ext2/src/nls/nls_cp932.c	Docs/researches/sources/windows/reactos/drivers/filesystems/ext2/src/nls/nls_cp932.c_research.md	chunk_sources_windows_reactos_drivers_filesystems_ext2_src_nls_nls_cp932_c_1_1_f426f8f9e1c8	1	1	3983	262092	Docs/researches/chunks/chunk_sources_windows_reactos_drivers_filesystems_ext2_src_nls_nls_cp932_c_1_1_f426f8f9e1c8_research.md	ok
sources/windows/reactos/drivers/filesystems/ext2/src/nls/nls_cp932.c	Docs/researches/sources/windows/reactos/drivers/filesystems/ext2/src/nls/nls_cp932.c_research.md	chunk_sources_windows_reactos_drivers_filesystems_ext2_src_nls_nls_cp932_c_2_3_a63cc8c72ab7	2	3984	7946	250878	Docs/researches/chunks/chunk_sources_windows_reactos_drivers_filesystems_ext2_src_nls_nls_cp932_c_2_3_a63cc8c72ab7_research.md	ok
sources/windows/reactos/drivers/filesystems/ext2/src/nls/nls_cp936.c	Docs/researches/sources/windows/reactos/drivers/filesystems/ext2/src/nls/nls_cp936.c_research.md	chunk_sources_windows_reactos_drivers_filesystems_ext2_src_nls_nls_cp936_c_1_1_d2ea7012f8ed	1	1	3840	262094	Docs/researches/chunks/chunk_sources_windows_reactos_drivers_filesystems_ext2_src_nls_nls_cp936_c_1_1_d2ea7012f8ed_research.md	ok
sources/windows/reactos/drivers/filesystems/ext2/src/nls/nls_cp936.c	Docs/researches/sources/windows/reactos/drivers/filesystems/ext2/src/nls/nls_cp936.c_research.md	chunk_sources_windows_reactos_drivers_filesystems_ext2_src_nls_nls_cp936_c_2_3_467c486ce831	2	3841	7884	262088	Docs/researches/chunks/chunk_sources_windows_reactos_drivers_filesystems_ext2_src_nls_nls_cp936_c_2_3_467c486ce831_research.md	ok
sources/windows/reactos/drivers/filesystems/ext2/src/nls/nls_cp936.c	Docs/researches/sources/windows/reactos/drivers/filesystems/ext2/src/nls/nls_cp936.c_research.md	chunk_sources_windows_reactos_drivers_filesystems_ext2_src_nls_nls_cp936_c_3_7_ba0c86810d37	3	7885	11031	198722	Docs/researches/chunks/chunk_sources_windows_reactos_drivers_filesystems_ext2_src_nls_nls_cp936_c_3_7_ba0c86810d37_research.md	ok
sources/windows/reactos/drivers/filesystems/ext2/src/nls/nls_cp949.c	Docs/researches/sources/windows/reactos/drivers/filesystems/ext2/src/nls/nls_cp949.c_research.md	chunk_sources_windows_reactos_drivers_filesystems_ext2_src_nls_nls_cp949_c_1_1_64130ec38081	1	1	3837	262134	Docs/researches/chunks/chunk_sources_windows_reactos_drivers_filesystems_ext2_src_nls_nls_cp949_c_1_1_64130ec38081_research.md	ok
sources/windows/reactos/drivers/filesystems/ext2/src/nls/nls_cp949.c	Docs/researches/sources/windows/reactos/drivers/filesystems/ext2/src/nls/nls_cp949.c_research.md	chunk_sources_windows_reactos_drivers_filesystems_ext2_src_nls_nls_cp949_c_2_3_184ad159651f	2	3838	7873	262116	Docs/researches/chunks/chunk_sources_windows_reactos_drivers_filesystems_ext2_src_nls_nls_cp949_c_2_3_184ad159651f_research.md	ok
sources/windows/reactos/drivers/filesystems/ext2/src/nls/nls_cp949.c	Docs/researches/sources/windows/reactos/drivers/filesystems/ext2/src/nls/nls_cp949.c_research.md	chunk_sources_windows_reactos_drivers_filesystems_ext2_src_nls_nls_cp949_c_3_7_16b7f548a926	3	7874	11936	262091	Docs/researches/chunks/chunk_sources_windows_reactos_drivers_filesystems_ext2_src_nls_nls_cp949_c_3_7_16b7f548a926_research.md	ok
sources/windows/reactos/drivers/filesystems/ext2/src/nls/nls_cp949.c	Docs/researches/sources/windows/reactos/drivers/filesystems/ext2/src/nls/nls_cp949.c_research.md	chunk_sources_windows_reactos_drivers_filesystems_ext2_src_nls_nls_cp949_c_4_1_58943dadd792	4	11937	13948	125560	Docs/researches/chunks/chunk_sources_windows_reactos_drivers_filesystems_ext2_src_nls_nls_cp949_c_4_1_58943dadd792_research.md	ok
sources/windows/reactos/drivers/filesystems/ext2/src/nls/nls_cp950.c	Docs/researches/sources/windows/reactos/drivers/filesystems/ext2/src/nls/nls_cp950.c_research.md	chunk_sources_windows_reactos_drivers_filesystems_ext2_src_nls_nls_cp950_c_1_1_dbce4f288dcb	1	1	3890	262080	Docs/researches/chunks/chunk_sources_windows_reactos_drivers_filesystems_ext2_src_nls_nls_cp950_c_1_1_dbce4f288dcb_research.md	ok
sources/windows/reactos/drivers/filesystems/ext2/src/nls/nls_cp950.c	Docs/researches/sources/windows/reactos/drivers/filesystems/ext2/src/nls/nls_cp950.c_research.md	chunk_sources_windows_reactos_drivers_filesystems_ext2_src_nls_nls_cp950_c_2_3_d18642326932	2	3891	7950	262117	Docs/researches/chunks/chunk_sources_windows_reactos_drivers_filesystems_ext2_src_nls_nls_cp950_c_2_3_d18642326932_research.md	ok
sources/windows/reactos/drivers/filesystems/ext2/src/nls/nls_cp950.c	Docs/researches/sources/windows/reactos/drivers/filesystems/ext2/src/nls/nls_cp950.c_research.md	chunk_sources_windows_reactos_drivers_filesystems_ext2_src_nls_nls_cp950_c_3_7_23d36c75e314	3	7951	9487	94691	Docs/researches/chunks/chunk_sources_windows_reactos_drivers_filesystems_ext2_src_nls_nls_cp950_c_3_7_23d36c75e314_research.md	ok
sources/virtualization/spdk/lib/bdev/bdev.c	Docs/researches/sources/virtualization/spdk/lib/bdev/bdev.c_research.md	chunk_sources_virtualization_spdk_lib_bdev_bdev_c_1_1_9156_78bb6577d9b7	1	1	9156	262132	Docs/researches/chunks/chunk_sources_virtualization_spdk_lib_bdev_bdev_c_1_1_9156_78bb6577d9b7_research.md	ok
sources/virtualization/spdk/lib/bdev/bdev.c	Docs/researches/sources/virtualization/spdk/lib/bdev/bdev.c_research.md	chunk_sources_virtualization_spdk_lib_bdev_bdev_c_2_9157_11549_d81a8c267140	2	9157	11549	63657	Docs/researches/chunks/chunk_sources_virtualization_spdk_lib_bdev_bdev_c_2_9157_11549_d81a8c267140_research.md	ok
sources/virtualization/spdk/lib/blob/blobstore.c	Docs/researches/sources/virtualization/spdk/lib/blob/blobstore.c_research.md	chunk_sources_virtualization_spdk_lib_blob_blobstore_c_1_1_9615_123117d3cfe4	1	1	9615	262078	Docs/researches/chunks/chunk_sources_virtualization_spdk_lib_blob_blobstore_c_1_1_9615_123117d3cfe4_research.md	ok
sources/virtualization/spdk/lib/blob/blobstore.c	Docs/researches/sources/virtualization/spdk/lib/blob/blobstore.c_research.md	chunk_sources_virtualization_spdk_lib_blob_blobstore_c_2_9616_10533_f8d9c18fc284	2	9616	10533	25219	Docs/researches/chunks/chunk_sources_virtualization_spdk_lib_blob_blobstore_c_2_9616_10533_f8d9c18fc284_research.md	ok
sources/virtualization/spdk/module/bdev/nvme/bdev_nvme.c	Docs/researches/sources/virtualization/spdk/module/bdev/nvme/bdev_nvme.c_research.md	chunk_sources_virtualization_spdk_module_bdev_nvme_bdev_nvme_c_1_1_9314_7b9a25617e12	1	1	9314	262102	Docs/researches/chunks/chunk_sources_virtualization_spdk_module_bdev_nvme_bdev_nvme_c_1_1_9314_7b9a25617e12_research.md	ok
sources/virtualization/spdk/module/bdev/nvme/bdev_nvme.c	Docs/researches/sources/virtualization/spdk/module/bdev/nvme/bdev_nvme.c_research.md	chunk_sources_virtualization_spdk_module_bdev_nvme_bdev_nvme_c_2_9315_9853_f3bda01e974f	2	9315	9853	15542	Docs/researches/chunks/chunk_sources_virtualization_spdk_module_bdev_nvme_bdev_nvme_c_2_9315_9853_f3bda01e974f_research.md	ok
sources/local-fs/squashfs-tools/squashfs-tools/mksquashfs.c	Docs/researches/sources/local-fs/squashfs-tools/squashfs-tools/mksquashfs.c_research.md	chunk_sources_local_fs_squashfs_tools_squashfs_tools_mksquashfs_c_1_1_9091_b669f446f92f	1	1	9091	262135	Docs/researches/chunks/chunk_sources_local_fs_squashfs_tools_squashfs_tools_mksquashfs_c_1_1_9091_b669f446f92f_research.md	ok
sources/local-fs/squashfs-tools/squashfs-tools/mksquashfs.c	Docs/researches/sources/local-fs/squashfs-tools/squashfs-tools/mksquashfs.c_research.md	chunk_sources_local_fs_squashfs_tools_squashfs_tools_mksquashfs_c_2_9092_9227_e2e416a10caa	2	9092	9227	3892	Docs/researches/chunks/chunk_sources_local_fs_squashfs_tools_squashfs_tools_mksquashfs_c_2_9092_9227_e2e416a10caa_research.md	ok
sources/windows/winbtrfs/src/flushthread.c	Docs/researches/sources/windows/winbtrfs/src/flushthread.c_research.md	chunk_sources_windows_winbtrfs_src_flushthread_c_1_1_7488_5cf62b03c528	1	1	7488	262123	Docs/researches/chunks/chunk_sources_windows_winbtrfs_src_flushthread_c_1_1_7488_5cf62b03c528_research.md	ok
sources/windows/winbtrfs/src/flushthread.c	Docs/researches/sources/windows/winbtrfs/src/flushthread.c_research.md	chunk_sources_windows_winbtrfs_src_flushthread_c_2_7489_7950_2e9537f5de9e	2	7489	7950	13097	Docs/researches/chunks/chunk_sources_windows_winbtrfs_src_flushthread_c_2_7489_7950_2e9537f5de9e_research.md	ok
sources/os/darwin/xnu/bsd/vfs/vfs_subr.c	Docs/researches/sources/os/darwin/xnu/bsd/vfs/vfs_subr.c_research.md	chunk_sources_os_darwin_xnu_bsd_vfs_vfs_subr_c_1_1_10231_605ae2fbb88b	1	1	10231	262134	Docs/researches/chunks/chunk_sources_os_darwin_xnu_bsd_vfs_vfs_subr_c_1_1_10231_605ae2fbb88b_research.md	ok
sources/os/darwin/xnu/bsd/vfs/vfs_subr.c	Docs/researches/sources/os/darwin/xnu/bsd/vfs/vfs_subr.c_research.md	chunk_sources_os_darwin_xnu_bsd_vfs_vfs_subr_c_2_10232_13491_40d0f45d4e4a	2	10232	13491	83822	Docs/researches/chunks/chunk_sources_os_darwin_xnu_bsd_vfs_vfs_subr_c_2_10232_13491_40d0f45d4e4a_research.md	ok
sources/os/darwin/xnu/bsd/vfs/vfs_syscalls.c	Docs/researches/sources/os/darwin/xnu/bsd/vfs/vfs_syscalls.c_research.md	chunk_sources_os_darwin_xnu_bsd_vfs_vfs_syscalls_c_1_1_10623_ad421c1aa666	1	1	10623	262116	Docs/researches/chunks/chunk_sources_os_darwin_xnu_bsd_vfs_vfs_syscalls_c_1_1_10623_ad421c1aa666_research.md	ok
sources/os/darwin/xnu/bsd/vfs/vfs_syscalls.c	Docs/researches/sources/os/darwin/xnu/bsd/vfs/vfs_syscalls.c_research.md	chunk_sources_os_darwin_xnu_bsd_vfs_vfs_syscalls_c_2_10624_15325_555ad9b0c7d7	2	10624	15325	122055	Docs/researches/chunks/chunk_sources_os_darwin_xnu_bsd_vfs_vfs_syscalls_c_2_10624_15325_555ad9b0c7d7_research.md	ok
