folder_path	research_file	direct_file_count	recursive_file_count	direct_child_folder_count	status
.	Docs/researches/current_folder_research.md	0	34654	1	ok
sources	Docs/researches/sources/current_folder_research.md	0	34654	7	ok
sources/block-storage	Docs/researches/sources/block-storage/current_folder_research.md	0	1969	15	ok
sources/cow-pools	Docs/researches/sources/cow-pools/current_folder_research.md	0	1414	5	ok
sources/local-fs	Docs/researches/sources/local-fs/current_folder_research.md	0	2556	21	ok
sources/os	Docs/researches/sources/os/current_folder_research.md	0	24893	5	ok
sources/teaching	Docs/researches/sources/teaching/current_folder_research.md	0	429	5	ok
sources/virtualization	Docs/researches/sources/virtualization/current_folder_research.md	0	2341	11	ok
sources/windows	Docs/researches/sources/windows/current_folder_research.md	0	1052	5	ok
sources/block-storage/bcache-tools	Docs/researches/sources/block-storage/bcache-tools/current_folder_research.md	25	30	4	ok
sources/block-storage/cryptsetup	Docs/researches/sources/block-storage/cryptsetup/current_folder_research.md	0	141	2	ok
sources/block-storage/devicemapper-rs	Docs/researches/sources/block-storage/devicemapper-rs/current_folder_research.md	0	29	1	ok
sources/block-storage/kvdo	Docs/researches/sources/block-storage/kvdo/current_folder_research.md	1	258	1	ok
sources/block-storage/libblkid-rs	Docs/researches/sources/block-storage/libblkid-rs/current_folder_research.md	0	15	1	ok
sources/block-storage/libcryptsetup-rs	Docs/researches/sources/block-storage/libcryptsetup-rs/current_folder_research.md	0	30	1	ok
sources/block-storage/linux-dm	Docs/researches/sources/block-storage/linux-dm/current_folder_research.md	0	172	1	ok
sources/block-storage/lvm2	Docs/researches/sources/block-storage/lvm2/current_folder_research.md	0	306	3	ok
sources/block-storage/mdadm	Docs/researches/sources/block-storage/mdadm/current_folder_research.md	76	116	5	ok
sources/block-storage/parted	Docs/researches/sources/block-storage/parted/current_folder_research.md	0	145	2	ok
sources/block-storage/stratis-cli	Docs/researches/sources/block-storage/stratis-cli/current_folder_research.md	0	37	1	ok
sources/block-storage/stratisd	Docs/researches/sources/block-storage/stratisd/current_folder_research.md	0	222	1	ok
sources/block-storage/thin-provisioning-tools	Docs/researches/sources/block-storage/thin-provisioning-tools/current_folder_research.md	0	184	1	ok
sources/block-storage/util-linux	Docs/researches/sources/block-storage/util-linux/current_folder_research.md	0	242	3	ok
sources/block-storage/vdo	Docs/researches/sources/block-storage/vdo/current_folder_research.md	0	42	1	ok
sources/cow-pools/bcachefs	Docs/researches/sources/cow-pools/bcachefs/current_folder_research.md	0	300	1	ok
sources/cow-pools/bcachefs-tools	Docs/researches/sources/cow-pools/bcachefs-tools/current_folder_research.md	7	642	17	ok
sources/cow-pools/nilfs-utils	Docs/researches/sources/cow-pools/nilfs-utils/current_folder_research.md	3	84	7	ok
sources/cow-pools/nilfs2-kmod10	Docs/researches/sources/cow-pools/nilfs2-kmod10/current_folder_research.md	1	47	2	ok
sources/cow-pools/openzfs	Docs/researches/sources/cow-pools/openzfs/current_folder_research.md	0	341	3	ok
sources/local-fs/apfs-fuse	Docs/researches/sources/local-fs/apfs-fuse/current_folder_research.md	1	76	6	ok
sources/local-fs/btrfs-linux	Docs/researches/sources/local-fs/btrfs-linux/current_folder_research.md	0	143	1	ok
sources/local-fs/btrfs-progs	Docs/researches/sources/local-fs/btrfs-progs/current_folder_research.md	0	66	4	ok
sources/local-fs/dlm	Docs/researches/sources/local-fs/dlm/current_folder_research.md	2	60	7	ok
sources/local-fs/dosfstools	Docs/researches/sources/local-fs/dosfstools/current_folder_research.md	0	31	1	ok
sources/local-fs/e2fsprogs	Docs/researches/sources/local-fs/e2fsprogs/current_folder_research.md	0	250	3	ok
sources/local-fs/erofs-utils	Docs/researches/sources/local-fs/erofs-utils/current_folder_research.md	0	69	3	ok
sources/local-fs/exfatprogs	Docs/researches/sources/local-fs/exfatprogs/current_folder_research.md	0	10	2	ok
sources/local-fs/f2fs-tools	Docs/researches/sources/local-fs/f2fs-tools/current_folder_research.md	0	39	3	ok
sources/local-fs/gfs2-utils	Docs/researches/sources/local-fs/gfs2-utils/current_folder_research.md	3	118	3	ok
sources/local-fs/jfsutils	Docs/researches/sources/local-fs/jfsutils/current_folder_research.md	11	131	8	ok
sources/local-fs/kdave-linux	Docs/researches/sources/local-fs/kdave-linux/current_folder_research.md	0	143	1	ok
sources/local-fs/linux-apfs-rw	Docs/researches/sources/local-fs/linux-apfs-rw/current_folder_research.md	27	35	1	ok
sources/local-fs/mtd-utils	Docs/researches/sources/local-fs/mtd-utils/current_folder_research.md	44	163	5	ok
sources/local-fs/ntfs-3g	Docs/researches/sources/local-fs/ntfs-3g/current_folder_research.md	0	106	3	ok
sources/local-fs/ocfs2-tools	Docs/researches/sources/local-fs/ocfs2-tools/current_folder_research.md	9	406	28	ok
sources/local-fs/reiserfsprogs	Docs/researches/sources/local-fs/reiserfsprogs/current_folder_research.md	3	72	8	ok
sources/local-fs/squashfs-tools	Docs/researches/sources/local-fs/squashfs-tools/current_folder_research.md	0	109	1	ok
sources/local-fs/udftools	Docs/researches/sources/local-fs/udftools/current_folder_research.md	4	54	9	ok
sources/local-fs/xfsdump	Docs/researches/sources/local-fs/xfsdump/current_folder_research.md	3	144	12	ok
sources/local-fs/xfsprogs	Docs/researches/sources/local-fs/xfsprogs/current_folder_research.md	0	331	4	ok
sources/os/bsd	Docs/researches/sources/os/bsd/current_folder_research.md	0	7790	4	ok
sources/os/darwin	Docs/researches/sources/os/darwin/current_folder_research.md	0	33	1	ok
sources/os/illumos	Docs/researches/sources/os/illumos/current_folder_research.md	0	2206	1	ok
sources/os/linux	Docs/researches/sources/os/linux/current_folder_research.md	0	5073	2	ok
sources/os/plan9	Docs/researches/sources/os/plan9/current_folder_research.md	0	9791	2	ok
sources/teaching/minix	Docs/researches/sources/teaching/minix/current_folder_research.md	0	202	1	ok
sources/teaching/os161	Docs/researches/sources/teaching/os161/current_folder_research.md	0	83	1	ok
sources/teaching/pintos	Docs/researches/sources/teaching/pintos/current_folder_research.md	0	14	1	ok
sources/teaching/xv6-public	Docs/researches/sources/teaching/xv6-public/current_folder_research.md	85	85	0	ok
sources/teaching/xv6-riscv	Docs/researches/sources/teaching/xv6-riscv/current_folder_research.md	0	45	2	ok
sources/virtualization/guestfs-tools	Docs/researches/sources/virtualization/guestfs-tools/current_folder_research.md	12	193	29	ok
sources/virtualization/libblockdev	Docs/researches/sources/virtualization/libblockdev/current_folder_research.md	0	103	1	ok
sources/virtualization/libguestfs	Docs/researches/sources/virtualization/libguestfs/current_folder_research.md	0	165	2	ok
sources/virtualization/libnbd	Docs/researches/sources/virtualization/libnbd/current_folder_research.md	0	25	1	ok
sources/virtualization/nbd	Docs/researches/sources/virtualization/nbd/current_folder_research.md	32	60	5	ok
sources/virtualization/nbdkit	Docs/researches/sources/virtualization/nbdkit/current_folder_research.md	0	356	3	ok
sources/virtualization/nvme-cli	Docs/researches/sources/virtualization/nvme-cli/current_folder_research.md	36	471	12	ok
sources/virtualization/open-iscsi	Docs/researches/sources/virtualization/open-iscsi/current_folder_research.md	0	88	1	ok
sources/virtualization/qemu	Docs/researches/sources/virtualization/qemu/current_folder_research.md	0	199	3	ok
sources/virtualization/spdk	Docs/researches/sources/virtualization/spdk/current_folder_research.md	0	639	3	ok
sources/virtualization/virtiofsd	Docs/researches/sources/virtualization/virtiofsd/current_folder_research.md	4	42	1	ok
sources/windows/dokany	Docs/researches/sources/windows/dokany/current_folder_research.md	0	80	3	ok
sources/windows/reactos	Docs/researches/sources/windows/reactos/current_folder_research.md	0	653	3	ok
sources/windows/winbtrfs	Docs/researches/sources/windows/winbtrfs/current_folder_research.md	0	97	1	ok
sources/windows/windows-driver-samples	Docs/researches/sources/windows/windows-driver-samples/current_folder_research.md	0	150	1	ok
sources/windows/winfsp	Docs/researches/sources/windows/winfsp/current_folder_research.md	0	72	1	ok
sources/block-storage/bcache-tools/debug	Docs/researches/sources/block-storage/bcache-tools/debug/current_folder_research.md	2	2	0	ok
sources/block-storage/bcache-tools/dracut	Docs/researches/sources/block-storage/bcache-tools/dracut/current_folder_research.md	1	1	0	ok
sources/block-storage/bcache-tools/initcpio	Docs/researches/sources/block-storage/bcache-tools/initcpio/current_folder_research.md	1	1	0	ok
sources/block-storage/bcache-tools/initramfs	Docs/researches/sources/block-storage/bcache-tools/initramfs/current_folder_research.md	1	1	0	ok
sources/block-storage/cryptsetup/lib	Docs/researches/sources/block-storage/cryptsetup/lib/current_folder_research.md	38	116	9	ok
sources/block-storage/cryptsetup/src	Docs/researches/sources/block-storage/cryptsetup/src/current_folder_research.md	25	25	0	ok
sources/block-storage/devicemapper-rs/src	Docs/researches/sources/block-storage/devicemapper-rs/src/current_folder_research.md	13	29	2	ok
sources/block-storage/kvdo/vdo	Docs/researches/sources/block-storage/kvdo/vdo/current_folder_research.md	256	257	1	ok
sources/block-storage/libblkid-rs/src	Docs/researches/sources/block-storage/libblkid-rs/src/current_folder_research.md	15	15	0	ok
sources/block-storage/libcryptsetup-rs/src	Docs/researches/sources/block-storage/libcryptsetup-rs/src/current_folder_research.md	18	30	3	ok
sources/block-storage/linux-dm/drivers	Docs/researches/sources/block-storage/linux-dm/drivers/current_folder_research.md	0	172	1	ok
sources/block-storage/lvm2/lib	Docs/researches/sources/block-storage/lvm2/lib/current_folder_research.md	1	184	33	ok
sources/block-storage/lvm2/libdm	Docs/researches/sources/block-storage/lvm2/libdm/current_folder_research.md	14	46	8	ok
sources/block-storage/lvm2/tools	Docs/researches/sources/block-storage/lvm2/tools/current_folder_research.md	76	76	0	ok
sources/block-storage/mdadm/.github	Docs/researches/sources/block-storage/mdadm/.github/current_folder_research.md	1	7	2	ok
sources/block-storage/mdadm/clustermd_tests	Docs/researches/sources/block-storage/mdadm/clustermd_tests/current_folder_research.md	18	18	0	ok
sources/block-storage/mdadm/misc	Docs/researches/sources/block-storage/mdadm/misc/current_folder_research.md	2	2	0	ok
sources/block-storage/mdadm/systemd	Docs/researches/sources/block-storage/mdadm/systemd/current_folder_research.md	11	11	0	ok
sources/block-storage/mdadm/tests	Docs/researches/sources/block-storage/mdadm/tests/current_folder_research.md	2	2	0	ok
sources/block-storage/parted/libparted	Docs/researches/sources/block-storage/parted/libparted/current_folder_research.md	11	133	5	ok
sources/block-storage/parted/parted	Docs/researches/sources/block-storage/parted/parted/current_folder_research.md	12	12	0	ok
sources/block-storage/stratis-cli/src	Docs/researches/sources/block-storage/stratis-cli/src/current_folder_research.md	0	37	1	ok
sources/block-storage/stratisd/src	Docs/researches/sources/block-storage/stratisd/src/current_folder_research.md	2	222	6	ok
sources/block-storage/thin-provisioning-tools/src	Docs/researches/sources/block-storage/thin-provisioning-tools/src/current_folder_research.md	14	184	14	ok
sources/block-storage/util-linux/libblkid	Docs/researches/sources/block-storage/util-linux/libblkid/current_folder_research.md	3	114	2	ok
sources/block-storage/util-linux/libmount	Docs/researches/sources/block-storage/util-linux/libmount/current_folder_research.md	3	58	3	ok
sources/block-storage/util-linux/sys-utils	Docs/researches/sources/block-storage/util-linux/sys-utils/current_folder_research.md	70	70	0	ok
sources/block-storage/vdo/utils	Docs/researches/sources/block-storage/vdo/utils/current_folder_research.md	0	42	1	ok
sources/cow-pools/bcachefs-tools/.github	Docs/researches/sources/cow-pools/bcachefs-tools/.github/current_folder_research.md	1	4	1	ok
sources/cow-pools/bcachefs-tools/arch	Docs/researches/sources/cow-pools/bcachefs-tools/arch/current_folder_research.md	0	3	1	ok
sources/cow-pools/bcachefs-tools/bch_bindgen	Docs/researches/sources/cow-pools/bcachefs-tools/bch_bindgen/current_folder_research.md	2	22	1	ok
sources/cow-pools/bcachefs-tools/c_src	Docs/researches/sources/cow-pools/bcachefs-tools/c_src/current_folder_research.md	12	12	0	ok
sources/cow-pools/bcachefs-tools/ccan	Docs/researches/sources/cow-pools/bcachefs-tools/ccan/current_folder_research.md	0	3	3	ok
sources/cow-pools/bcachefs-tools/debian	Docs/researches/sources/cow-pools/bcachefs-tools/debian/current_folder_research.md	2	3	1	ok
sources/cow-pools/bcachefs-tools/dkms	Docs/researches/sources/cow-pools/bcachefs-tools/dkms/current_folder_research.md	3	3	0	ok
sources/cow-pools/bcachefs-tools/fs	Docs/researches/sources/cow-pools/bcachefs-tools/fs/current_folder_research.md	10	301	12	ok
sources/cow-pools/bcachefs-tools/include	Docs/researches/sources/cow-pools/bcachefs-tools/include/current_folder_research.md	0	153	6	ok
sources/cow-pools/bcachefs-tools/initramfs	Docs/researches/sources/cow-pools/bcachefs-tools/initramfs/current_folder_research.md	1	1	0	ok
sources/cow-pools/bcachefs-tools/linux	Docs/researches/sources/cow-pools/bcachefs-tools/linux/current_folder_research.md	38	42	1	ok
sources/cow-pools/bcachefs-tools/package-ci	Docs/researches/sources/cow-pools/bcachefs-tools/package-ci/current_folder_research.md	2	11	2	ok
sources/cow-pools/bcachefs-tools/raid	Docs/researches/sources/cow-pools/bcachefs-tools/raid/current_folder_research.md	20	20	0	ok
sources/cow-pools/bcachefs-tools/scripts	Docs/researches/sources/cow-pools/bcachefs-tools/scripts/current_folder_research.md	1	1	0	ok
sources/cow-pools/bcachefs-tools/src	Docs/researches/sources/cow-pools/bcachefs-tools/src/current_folder_research.md	11	52	2	ok
sources/cow-pools/bcachefs-tools/udev	Docs/researches/sources/cow-pools/bcachefs-tools/udev/current_folder_research.md	1	1	0	ok
sources/cow-pools/bcachefs-tools/verus-proofs	Docs/researches/sources/cow-pools/bcachefs-tools/verus-proofs/current_folder_research.md	3	3	0	ok
sources/cow-pools/bcachefs/fs	Docs/researches/sources/cow-pools/bcachefs/fs/current_folder_research.md	0	300	1	ok
sources/cow-pools/nilfs-utils/bin	Docs/researches/sources/cow-pools/nilfs-utils/bin/current_folder_research.md	7	7	0	ok
sources/cow-pools/nilfs-utils/etc	Docs/researches/sources/cow-pools/nilfs-utils/etc/current_folder_research.md	2	2	0	ok
sources/cow-pools/nilfs-utils/include	Docs/researches/sources/cow-pools/nilfs-utils/include/current_folder_research.md	19	21	1	ok
sources/cow-pools/nilfs-utils/lib	Docs/researches/sources/cow-pools/nilfs-utils/lib/current_folder_research.md	17	17	0	ok
sources/cow-pools/nilfs-utils/man	Docs/researches/sources/cow-pools/nilfs-utils/man/current_folder_research.md	1	1	0	ok
sources/cow-pools/nilfs-utils/sbin	Docs/researches/sources/cow-pools/nilfs-utils/sbin/current_folder_research.md	11	31	1	ok
sources/cow-pools/nilfs-utils/scripts	Docs/researches/sources/cow-pools/nilfs-utils/scripts/current_folder_research.md	2	2	0	ok
sources/cow-pools/nilfs2-kmod10/fs	Docs/researches/sources/cow-pools/nilfs2-kmod10/fs/current_folder_research.md	1	43	1	ok
sources/cow-pools/nilfs2-kmod10/include	Docs/researches/sources/cow-pools/nilfs2-kmod10/include/current_folder_research.md	0	3	2	ok
sources/cow-pools/openzfs/cmd	Docs/researches/sources/cow-pools/openzfs/cmd/current_folder_research.md	0	56	2	ok
sources/cow-pools/openzfs/lib	Docs/researches/sources/cow-pools/openzfs/lib/current_folder_research.md	0	44	2	ok
sources/cow-pools/openzfs/module	Docs/researches/sources/cow-pools/openzfs/module/current_folder_research.md	0	241	2	ok
sources/local-fs/apfs-fuse/ApfsDump	Docs/researches/sources/local-fs/apfs-fuse/ApfsDump/current_folder_research.md	3	3	0	ok
sources/local-fs/apfs-fuse/ApfsDumpQuick	Docs/researches/sources/local-fs/apfs-fuse/ApfsDumpQuick/current_folder_research.md	1	1	0	ok
sources/local-fs/apfs-fuse/ApfsLib	Docs/researches/sources/local-fs/apfs-fuse/ApfsLib/current_folder_research.md	53	53	0	ok
sources/local-fs/apfs-fuse/ApfsUtil	Docs/researches/sources/local-fs/apfs-fuse/ApfsUtil/current_folder_research.md	1	1	0	ok
sources/local-fs/apfs-fuse/Crypto	Docs/researches/sources/local-fs/apfs-fuse/Crypto/current_folder_research.md	16	16	0	ok
sources/local-fs/apfs-fuse/apfsfuse	Docs/researches/sources/local-fs/apfs-fuse/apfsfuse/current_folder_research.md	1	1	0	ok
sources/local-fs/btrfs-linux/fs	Docs/researches/sources/local-fs/btrfs-linux/fs/current_folder_research.md	0	143	1	ok
sources/local-fs/btrfs-progs/check	Docs/researches/sources/local-fs/btrfs-progs/check/current_folder_research.md	11	11	0	ok
sources/local-fs/btrfs-progs/cmds	Docs/researches/sources/local-fs/btrfs-progs/cmds/current_folder_research.md	32	32	0	ok
sources/local-fs/btrfs-progs/kernel-lib	Docs/researches/sources/local-fs/btrfs-progs/kernel-lib/current_folder_research.md	17	17	0	ok
sources/local-fs/btrfs-progs/mkfs	Docs/researches/sources/local-fs/btrfs-progs/mkfs/current_folder_research.md	6	6	0	ok
sources/local-fs/dlm/dlm_controld	Docs/researches/sources/local-fs/dlm/dlm_controld/current_folder_research.md	29	29	0	ok
sources/local-fs/dlm/dlm_sand	Docs/researches/sources/local-fs/dlm/dlm_sand/current_folder_research.md	12	12	0	ok
sources/local-fs/dlm/dlm_tool	Docs/researches/sources/local-fs/dlm/dlm_tool/current_folder_research.md	2	2	0	ok
sources/local-fs/dlm/fence	Docs/researches/sources/local-fs/dlm/fence/current_folder_research.md	2	2	0	ok
sources/local-fs/dlm/init	Docs/researches/sources/local-fs/dlm/init/current_folder_research.md	1	1	0	ok
sources/local-fs/dlm/libdlm	Docs/researches/sources/local-fs/dlm/libdlm/current_folder_research.md	7	7	0	ok
sources/local-fs/dlm/python	Docs/researches/sources/local-fs/dlm/python/current_folder_research.md	0	5	3	ok
sources/local-fs/dosfstools/src	Docs/researches/sources/local-fs/dosfstools/src/current_folder_research.md	27	31	1	ok
sources/local-fs/e2fsprogs/e2fsck	Docs/researches/sources/local-fs/e2fsprogs/e2fsck/current_folder_research.md	43	43	0	ok
sources/local-fs/e2fsprogs/lib	Docs/researches/sources/local-fs/e2fsprogs/lib/current_folder_research.md	0	139	1	ok
sources/local-fs/e2fsprogs/misc	Docs/researches/sources/local-fs/e2fsprogs/misc/current_folder_research.md	68	68	0	ok
sources/local-fs/erofs-utils/fsck	Docs/researches/sources/local-fs/erofs-utils/fsck/current_folder_research.md	2	2	0	ok
sources/local-fs/erofs-utils/lib	Docs/researches/sources/local-fs/erofs-utils/lib/current_folder_research.md	61	65	2	ok
sources/local-fs/erofs-utils/mkfs	Docs/researches/sources/local-fs/erofs-utils/mkfs/current_folder_research.md	2	2	0	ok
sources/local-fs/exfatprogs/fsck	Docs/researches/sources/local-fs/exfatprogs/fsck/current_folder_research.md	5	5	0	ok
sources/local-fs/exfatprogs/mkfs	Docs/researches/sources/local-fs/exfatprogs/mkfs/current_folder_research.md	5	5	0	ok
sources/local-fs/f2fs-tools/fsck	Docs/researches/sources/local-fs/f2fs-tools/fsck/current_folder_research.md	31	31	0	ok
sources/local-fs/f2fs-tools/include	Docs/researches/sources/local-fs/f2fs-tools/include/current_folder_research.md	3	3	0	ok
sources/local-fs/f2fs-tools/mkfs	Docs/researches/sources/local-fs/f2fs-tools/mkfs/current_folder_research.md	5	5	0	ok
sources/local-fs/gfs2-utils/gfs2	Docs/researches/sources/local-fs/gfs2-utils/gfs2/current_folder_research.md	1	107	10	ok
sources/local-fs/gfs2-utils/po	Docs/researches/sources/local-fs/gfs2-utils/po/current_folder_research.md	1	1	0	ok
sources/local-fs/gfs2-utils/tests	Docs/researches/sources/local-fs/gfs2-utils/tests/current_folder_research.md	7	7	0	ok
sources/local-fs/jfsutils/fsck	Docs/researches/sources/local-fs/jfsutils/fsck/current_folder_research.md	22	22	0	ok
sources/local-fs/jfsutils/fscklog	Docs/researches/sources/local-fs/jfsutils/fscklog/current_folder_research.md	7	7	0	ok
sources/local-fs/jfsutils/include	Docs/researches/sources/local-fs/jfsutils/include/current_folder_research.md	16	16	0	ok
sources/local-fs/jfsutils/libfs	Docs/researches/sources/local-fs/jfsutils/libfs/current_folder_research.md	38	38	0	ok
sources/local-fs/jfsutils/logdump	Docs/researches/sources/local-fs/jfsutils/logdump/current_folder_research.md	5	5	0	ok
sources/local-fs/jfsutils/mkfs	Docs/researches/sources/local-fs/jfsutils/mkfs/current_folder_research.md	10	10	0	ok
sources/local-fs/jfsutils/tune	Docs/researches/sources/local-fs/jfsutils/tune/current_folder_research.md	5	5	0	ok
sources/local-fs/jfsutils/xpeek	Docs/researches/sources/local-fs/jfsutils/xpeek/current_folder_research.md	17	17	0	ok
sources/local-fs/kdave-linux/fs	Docs/researches/sources/local-fs/kdave-linux/fs/current_folder_research.md	0	143	1	ok
sources/local-fs/linux-apfs-rw/lzfse	Docs/researches/sources/local-fs/linux-apfs-rw/lzfse/current_folder_research.md	8	8	0	ok
sources/local-fs/mtd-utils/include	Docs/researches/sources/local-fs/mtd-utils/include/current_folder_research.md	5	15	2	ok
sources/local-fs/mtd-utils/lib	Docs/researches/sources/local-fs/mtd-utils/lib/current_folder_research.md	5	5	0	ok
sources/local-fs/mtd-utils/mkfs.ubifs	Docs/researches/sources/local-fs/mtd-utils/mkfs.ubifs/current_folder_research.md	12	17	1	ok
sources/local-fs/mtd-utils/tests	Docs/researches/sources/local-fs/mtd-utils/tests/current_folder_research.md	1	56	4	ok
sources/local-fs/mtd-utils/ubi-utils	Docs/researches/sources/local-fs/mtd-utils/ubi-utils/current_folder_research.md	20	26	1	ok
sources/local-fs/ntfs-3g/libntfs-3g	Docs/researches/sources/local-fs/ntfs-3g/libntfs-3g/current_folder_research.md	36	36	0	ok
sources/local-fs/ntfs-3g/ntfsprogs	Docs/researches/sources/local-fs/ntfs-3g/ntfsprogs/current_folder_research.md	62	62	0	ok
sources/local-fs/ntfs-3g/src	Docs/researches/sources/local-fs/ntfs-3g/src/current_folder_research.md	8	8	0	ok
sources/local-fs/ocfs2-tools/.github	Docs/researches/sources/local-fs/ocfs2-tools/.github/current_folder_research.md	0	1	1	ok
sources/local-fs/ocfs2-tools/debian	Docs/researches/sources/local-fs/ocfs2-tools/debian/current_folder_research.md	1	2	1	ok
sources/local-fs/ocfs2-tools/debugfs.ocfs2	Docs/researches/sources/local-fs/ocfs2-tools/debugfs.ocfs2/current_folder_research.md	13	25	1	ok
sources/local-fs/ocfs2-tools/defragfs.ocfs2	Docs/researches/sources/local-fs/ocfs2-tools/defragfs.ocfs2/current_folder_research.md	5	8	1	ok
sources/local-fs/ocfs2-tools/documentation	Docs/researches/sources/local-fs/ocfs2-tools/documentation/current_folder_research.md	0	1	1	ok
sources/local-fs/ocfs2-tools/extras	Docs/researches/sources/local-fs/ocfs2-tools/extras/current_folder_research.md	14	14	0	ok
sources/local-fs/ocfs2-tools/fsck.ocfs2	Docs/researches/sources/local-fs/ocfs2-tools/fsck.ocfs2/current_folder_research.md	22	41	1	ok
sources/local-fs/ocfs2-tools/fswreck	Docs/researches/sources/local-fs/ocfs2-tools/fswreck/current_folder_research.md	16	32	1	ok
sources/local-fs/ocfs2-tools/include	Docs/researches/sources/local-fs/ocfs2-tools/include/current_folder_research.md	1	28	5	ok
sources/local-fs/ocfs2-tools/libo2cb	Docs/researches/sources/local-fs/ocfs2-tools/libo2cb/current_folder_research.md	7	7	0	ok
sources/local-fs/ocfs2-tools/libo2dlm	Docs/researches/sources/local-fs/ocfs2-tools/libo2dlm/current_folder_research.md	5	5	0	ok
sources/local-fs/ocfs2-tools/libocfs2	Docs/researches/sources/local-fs/ocfs2-tools/libocfs2/current_folder_research.md	56	56	0	ok
sources/local-fs/ocfs2-tools/libtools-internal	Docs/researches/sources/local-fs/ocfs2-tools/libtools-internal/current_folder_research.md	6	6	0	ok
sources/local-fs/ocfs2-tools/listuuid	Docs/researches/sources/local-fs/ocfs2-tools/listuuid/current_folder_research.md	2	2	0	ok
sources/local-fs/ocfs2-tools/mkfs.ocfs2	Docs/researches/sources/local-fs/ocfs2-tools/mkfs.ocfs2/current_folder_research.md	5	5	0	ok
sources/local-fs/ocfs2-tools/mount.ocfs2	Docs/researches/sources/local-fs/ocfs2-tools/mount.ocfs2/current_folder_research.md	19	19	0	ok
sources/local-fs/ocfs2-tools/mounted.ocfs2	Docs/researches/sources/local-fs/ocfs2-tools/mounted.ocfs2/current_folder_research.md	3	3	0	ok
sources/local-fs/ocfs2-tools/o2cb_ctl	Docs/researches/sources/local-fs/ocfs2-tools/o2cb_ctl/current_folder_research.md	23	23	0	ok
sources/local-fs/ocfs2-tools/o2image	Docs/researches/sources/local-fs/ocfs2-tools/o2image/current_folder_research.md	3	3	0	ok
sources/local-fs/ocfs2-tools/o2info	Docs/researches/sources/local-fs/ocfs2-tools/o2info/current_folder_research.md	9	9	0	ok
sources/local-fs/ocfs2-tools/o2monitor	Docs/researches/sources/local-fs/ocfs2-tools/o2monitor/current_folder_research.md	3	3	0	ok
sources/local-fs/ocfs2-tools/ocfs2_controld	Docs/researches/sources/local-fs/ocfs2-tools/ocfs2_controld/current_folder_research.md	10	10	0	ok
sources/local-fs/ocfs2-tools/ocfs2_hb_ctl	Docs/researches/sources/local-fs/ocfs2-tools/ocfs2_hb_ctl/current_folder_research.md	3	3	0	ok
sources/local-fs/ocfs2-tools/ocfs2cdsl	Docs/researches/sources/local-fs/ocfs2-tools/ocfs2cdsl/current_folder_research.md	3	3	0	ok
sources/local-fs/ocfs2-tools/ocfs2console	Docs/researches/sources/local-fs/ocfs2-tools/ocfs2console/current_folder_research.md	3	51	2	ok
sources/local-fs/ocfs2-tools/sizetest	Docs/researches/sources/local-fs/ocfs2-tools/sizetest/current_folder_research.md	2	2	0	ok
sources/local-fs/ocfs2-tools/tests	Docs/researches/sources/local-fs/ocfs2-tools/tests/current_folder_research.md	2	2	0	ok
sources/local-fs/ocfs2-tools/tunefs.ocfs2	Docs/researches/sources/local-fs/ocfs2-tools/tunefs.ocfs2/current_folder_research.md	33	33	0	ok
sources/local-fs/reiserfsprogs/debugreiserfs	Docs/researches/sources/local-fs/reiserfsprogs/debugreiserfs/current_folder_research.md	10	10	0	ok
sources/local-fs/reiserfsprogs/fsck	Docs/researches/sources/local-fs/reiserfsprogs/fsck/current_folder_research.md	18	18	0	ok
sources/local-fs/reiserfsprogs/include	Docs/researches/sources/local-fs/reiserfsprogs/include/current_folder_research.md	8	8	0	ok
sources/local-fs/reiserfsprogs/lib	Docs/researches/sources/local-fs/reiserfsprogs/lib/current_folder_research.md	5	5	0	ok
sources/local-fs/reiserfsprogs/mkreiserfs	Docs/researches/sources/local-fs/reiserfsprogs/mkreiserfs/current_folder_research.md	3	3	0	ok
sources/local-fs/reiserfsprogs/reiserfscore	Docs/researches/sources/local-fs/reiserfsprogs/reiserfscore/current_folder_research.md	15	15	0	ok
sources/local-fs/reiserfsprogs/resize_reiserfs	Docs/researches/sources/local-fs/reiserfsprogs/resize_reiserfs/current_folder_research.md	6	6	0	ok
sources/local-fs/reiserfsprogs/tune	Docs/researches/sources/local-fs/reiserfsprogs/tune/current_folder_research.md	4	4	0	ok
sources/local-fs/squashfs-tools/squashfs-tools	Docs/researches/sources/local-fs/squashfs-tools/squashfs-tools/current_folder_research.md	103	109	1	ok
sources/local-fs/udftools/cdrwtool	Docs/researches/sources/local-fs/udftools/cdrwtool/current_folder_research.md	6	6	0	ok
sources/local-fs/udftools/include	Docs/researches/sources/local-fs/udftools/include/current_folder_research.md	4	4	0	ok
sources/local-fs/udftools/libudffs	Docs/researches/sources/local-fs/udftools/libudffs/current_folder_research.md	5	5	0	ok
sources/local-fs/udftools/mkudffs	Docs/researches/sources/local-fs/udftools/mkudffs/current_folder_research.md	10	10	0	ok
sources/local-fs/udftools/pktsetup	Docs/researches/sources/local-fs/udftools/pktsetup/current_folder_research.md	4	4	0	ok
sources/local-fs/udftools/udffsck	Docs/researches/sources/local-fs/udftools/udffsck/current_folder_research.md	2	2	0	ok
sources/local-fs/udftools/udfinfo	Docs/researches/sources/local-fs/udftools/udfinfo/current_folder_research.md	6	6	0	ok
sources/local-fs/udftools/udflabel	Docs/researches/sources/local-fs/udftools/udflabel/current_folder_research.md	4	4	0	ok
sources/local-fs/udftools/wrudf	Docs/researches/sources/local-fs/udftools/wrudf/current_folder_research.md	9	9	0	ok
sources/local-fs/xfsdump/common	Docs/researches/sources/local-fs/xfsdump/common/current_folder_research.md	54	54	0	ok
sources/local-fs/xfsdump/debian	Docs/researches/sources/local-fs/xfsdump/debian/current_folder_research.md	2	2	0	ok
sources/local-fs/xfsdump/dump	Docs/researches/sources/local-fs/xfsdump/dump/current_folder_research.md	7	7	0	ok
sources/local-fs/xfsdump/include	Docs/researches/sources/local-fs/xfsdump/include/current_folder_research.md	6	6	0	ok
sources/local-fs/xfsdump/inventory	Docs/researches/sources/local-fs/xfsdump/inventory/current_folder_research.md	14	14	0	ok
sources/local-fs/xfsdump/invutil	Docs/researches/sources/local-fs/xfsdump/invutil/current_folder_research.md	16	16	0	ok
sources/local-fs/xfsdump/librmt	Docs/researches/sources/local-fs/xfsdump/librmt/current_folder_research.md	18	18	0	ok
sources/local-fs/xfsdump/m4	Docs/researches/sources/local-fs/xfsdump/m4/current_folder_research.md	1	1	0	ok
sources/local-fs/xfsdump/man	Docs/researches/sources/local-fs/xfsdump/man/current_folder_research.md	1	2	1	ok
sources/local-fs/xfsdump/po	Docs/researches/sources/local-fs/xfsdump/po/current_folder_research.md	1	1	0	ok
sources/local-fs/xfsdump/restore	Docs/researches/sources/local-fs/xfsdump/restore/current_folder_research.md	19	19	0	ok
sources/local-fs/xfsdump/tools	Docs/researches/sources/local-fs/xfsdump/tools/current_folder_research.md	1	1	0	ok
sources/local-fs/xfsprogs/db	Docs/researches/sources/local-fs/xfsprogs/db/current_folder_research.md	112	112	0	ok
sources/local-fs/xfsprogs/libxfs	Docs/researches/sources/local-fs/xfsprogs/libxfs/current_folder_research.md	132	132	0	ok
sources/local-fs/xfsprogs/mkfs	Docs/researches/sources/local-fs/xfsprogs/mkfs/current_folder_research.md	14	14	0	ok
sources/local-fs/xfsprogs/repair	Docs/researches/sources/local-fs/xfsprogs/repair/current_folder_research.md	73	73	0	ok
sources/os/bsd/dragonflybsd	Docs/researches/sources/os/bsd/dragonflybsd/current_folder_research.md	0	771	1	ok
sources/os/bsd/freebsd-src	Docs/researches/sources/os/bsd/freebsd-src/current_folder_research.md	0	1747	2	ok
sources/os/bsd/netbsd-src	Docs/researches/sources/os/bsd/netbsd-src/current_folder_research.md	0	4332	2	ok
sources/os/bsd/openbsd-src	Docs/researches/sources/os/bsd/openbsd-src/current_folder_research.md	0	940	2	ok
sources/os/darwin/xnu	Docs/researches/sources/os/darwin/xnu/current_folder_research.md	0	33	1	ok
sources/os/illumos/illumos-gate	Docs/researches/sources/os/illumos/illumos-gate/current_folder_research.md	0	2206	1	ok
sources/os/linux/linux	Docs/researches/sources/os/linux/linux/current_folder_research.md	0	2731	5	ok
sources/os/linux/linux-stable	Docs/researches/sources/os/linux/linux-stable/current_folder_research.md	0	2342	1	ok
sources/os/plan9/9front	Docs/researches/sources/os/plan9/9front/current_folder_research.md	0	5031	1	ok
sources/os/plan9/plan9	Docs/researches/sources/os/plan9/plan9/current_folder_research.md	0	4760	1	ok
sources/teaching/minix/minix	Docs/researches/sources/teaching/minix/minix/current_folder_research.md	0	202	4	ok
sources/teaching/os161/kern	Docs/researches/sources/teaching/os161/kern/current_folder_research.md	0	83	3	ok
sources/teaching/pintos/src	Docs/researches/sources/teaching/pintos/src/current_folder_research.md	0	14	1	ok
sources/teaching/xv6-riscv/kernel	Docs/researches/sources/teaching/xv6-riscv/kernel/current_folder_research.md	44	44	0	ok
sources/teaching/xv6-riscv/mkfs	Docs/researches/sources/teaching/xv6-riscv/mkfs/current_folder_research.md	1	1	0	ok
sources/virtualization/guestfs-tools/.github	Docs/researches/sources/virtualization/guestfs-tools/.github/current_folder_research.md	0	1	1	ok
sources/virtualization/guestfs-tools/align	Docs/researches/sources/virtualization/guestfs-tools/align/current_folder_research.md	5	5	0	ok
sources/virtualization/guestfs-tools/bash	Docs/researches/sources/virtualization/guestfs-tools/bash/current_folder_research.md	2	2	0	ok
sources/virtualization/guestfs-tools/build-aux	Docs/researches/sources/virtualization/guestfs-tools/build-aux/current_folder_research.md	1	1	0	ok
sources/virtualization/guestfs-tools/builder	Docs/researches/sources/virtualization/guestfs-tools/builder/current_folder_research.md	20	27	4	ok
sources/virtualization/guestfs-tools/cat	Docs/researches/sources/virtualization/guestfs-tools/cat/current_folder_research.md	4	4	0	ok
sources/virtualization/guestfs-tools/customize	Docs/researches/sources/virtualization/guestfs-tools/customize/current_folder_research.md	6	6	0	ok
sources/virtualization/guestfs-tools/df	Docs/researches/sources/virtualization/guestfs-tools/df/current_folder_research.md	8	8	0	ok
sources/virtualization/guestfs-tools/diff	Docs/researches/sources/virtualization/guestfs-tools/diff/current_folder_research.md	4	4	0	ok
sources/virtualization/guestfs-tools/drivers	Docs/researches/sources/virtualization/guestfs-tools/drivers/current_folder_research.md	8	8	0	ok
sources/virtualization/guestfs-tools/edit	Docs/researches/sources/virtualization/guestfs-tools/edit/current_folder_research.md	4	4	0	ok
sources/virtualization/guestfs-tools/filesystems	Docs/researches/sources/virtualization/guestfs-tools/filesystems/current_folder_research.md	6	6	0	ok
sources/virtualization/guestfs-tools/format	Docs/researches/sources/virtualization/guestfs-tools/format/current_folder_research.md	4	4	0	ok
sources/virtualization/guestfs-tools/get-kernel	Docs/researches/sources/virtualization/guestfs-tools/get-kernel/current_folder_research.md	3	3	0	ok
sources/virtualization/guestfs-tools/gnulib	Docs/researches/sources/virtualization/guestfs-tools/gnulib/current_folder_research.md	0	19	1	ok
sources/virtualization/guestfs-tools/inspector	Docs/researches/sources/virtualization/guestfs-tools/inspector/current_folder_research.md	20	20	0	ok
sources/virtualization/guestfs-tools/lib	Docs/researches/sources/virtualization/guestfs-tools/lib/current_folder_research.md	1	1	0	ok
sources/virtualization/guestfs-tools/log	Docs/researches/sources/virtualization/guestfs-tools/log/current_folder_research.md	4	4	0	ok
sources/virtualization/guestfs-tools/ls	Docs/researches/sources/virtualization/guestfs-tools/ls/current_folder_research.md	4	4	0	ok
sources/virtualization/guestfs-tools/make-fs	Docs/researches/sources/virtualization/guestfs-tools/make-fs/current_folder_research.md	4	4	0	ok
sources/virtualization/guestfs-tools/po	Docs/researches/sources/virtualization/guestfs-tools/po/current_folder_research.md	1	1	0	ok
sources/virtualization/guestfs-tools/po-docs	Docs/researches/sources/virtualization/guestfs-tools/po-docs/current_folder_research.md	2	4	2	ok
sources/virtualization/guestfs-tools/resize	Docs/researches/sources/virtualization/guestfs-tools/resize/current_folder_research.md	5	5	0	ok
sources/virtualization/guestfs-tools/sparsify	Docs/researches/sources/virtualization/guestfs-tools/sparsify/current_folder_research.md	5	5	0	ok
sources/virtualization/guestfs-tools/sysprep	Docs/researches/sources/virtualization/guestfs-tools/sysprep/current_folder_research.md	11	11	0	ok
sources/virtualization/guestfs-tools/tail	Docs/researches/sources/virtualization/guestfs-tools/tail/current_folder_research.md	4	4	0	ok
sources/virtualization/guestfs-tools/test-data	Docs/researches/sources/virtualization/guestfs-tools/test-data/current_folder_research.md	1	12	2	ok
sources/virtualization/guestfs-tools/tests	Docs/researches/sources/virtualization/guestfs-tools/tests/current_folder_research.md	2	2	0	ok
sources/virtualization/guestfs-tools/win-reg	Docs/researches/sources/virtualization/guestfs-tools/win-reg/current_folder_research.md	2	2	0	ok
sources/virtualization/libblockdev/src	Docs/researches/sources/virtualization/libblockdev/src/current_folder_research.md	1	103	4	ok
sources/virtualization/libguestfs/daemon	Docs/researches/sources/virtualization/libguestfs/daemon/current_folder_research.md	113	113	0	ok
sources/virtualization/libguestfs/lib	Docs/researches/sources/virtualization/libguestfs/lib/current_folder_research.md	51	52	1	ok
sources/virtualization/libnbd/lib	Docs/researches/sources/virtualization/libnbd/lib/current_folder_research.md	24	25	1	ok
sources/virtualization/nbd/.github	Docs/researches/sources/virtualization/nbd/.github/current_folder_research.md	0	1	1	ok
sources/virtualization/nbd/man	Docs/researches/sources/virtualization/nbd/man/current_folder_research.md	7	7	0	ok
sources/virtualization/nbd/support	Docs/researches/sources/virtualization/nbd/support/current_folder_research.md	1	1	0	ok
sources/virtualization/nbd/systemd	Docs/researches/sources/virtualization/nbd/systemd/current_folder_research.md	2	2	0	ok
sources/virtualization/nbd/tests	Docs/researches/sources/virtualization/nbd/tests/current_folder_research.md	1	17	3	ok
sources/virtualization/nbdkit/filters	Docs/researches/sources/virtualization/nbdkit/filters/current_folder_research.md	1	148	53	ok
sources/virtualization/nbdkit/plugins	Docs/researches/sources/virtualization/nbdkit/plugins/current_folder_research.md	1	168	45	ok
sources/virtualization/nbdkit/server	Docs/researches/sources/virtualization/nbdkit/server/current_folder_research.md	39	40	1	ok
sources/virtualization/nvme-cli/.github	Docs/researches/sources/virtualization/nvme-cli/.github/current_folder_research.md	1	14	2	ok
sources/virtualization/nvme-cli/Documentation	Docs/researches/sources/virtualization/nvme-cli/Documentation/current_folder_research.md	4	4	0	ok
sources/virtualization/nvme-cli/ccan	Docs/researches/sources/virtualization/nvme-cli/ccan/current_folder_research.md	1	27	1	ok
sources/virtualization/nvme-cli/completions	Docs/researches/sources/virtualization/nvme-cli/completions/current_folder_research.md	1	1	0	ok
sources/virtualization/nvme-cli/etc	Docs/researches/sources/virtualization/nvme-cli/etc/current_folder_research.md	1	1	0	ok
sources/virtualization/nvme-cli/libnvme	Docs/researches/sources/virtualization/nvme-cli/libnvme/current_folder_research.md	4	156	6	ok
sources/virtualization/nvme-cli/nvmf-autoconnect	Docs/researches/sources/virtualization/nvme-cli/nvmf-autoconnect/current_folder_research.md	0	13	4	ok
sources/virtualization/nvme-cli/plugins	Docs/researches/sources/virtualization/nvme-cli/plugins/current_folder_research.md	1	155	32	ok
sources/virtualization/nvme-cli/scripts	Docs/researches/sources/virtualization/nvme-cli/scripts/current_folder_research.md	7	7	0	ok
sources/virtualization/nvme-cli/tests	Docs/researches/sources/virtualization/nvme-cli/tests/current_folder_research.md	28	28	0	ok
sources/virtualization/nvme-cli/unit	Docs/researches/sources/virtualization/nvme-cli/unit/current_folder_research.md	6	6	0	ok
sources/virtualization/nvme-cli/util	Docs/researches/sources/virtualization/nvme-cli/util/current_folder_research.md	23	23	0	ok
sources/virtualization/open-iscsi/usr	Docs/researches/sources/virtualization/open-iscsi/usr/current_folder_research.md	75	88	1	ok
sources/virtualization/qemu/block	Docs/researches/sources/virtualization/qemu/block/current_folder_research.md	89	101	2	ok
sources/virtualization/qemu/hw	Docs/researches/sources/virtualization/qemu/hw/current_folder_research.md	0	80	1	ok
sources/virtualization/qemu/tools	Docs/researches/sources/virtualization/qemu/tools/current_folder_research.md	1	18	3	ok
sources/virtualization/spdk/app	Docs/researches/sources/virtualization/spdk/app/current_folder_research.md	1	32	13	ok
sources/virtualization/spdk/lib	Docs/researches/sources/virtualization/spdk/lib/current_folder_research.md	1	380	44	ok
sources/virtualization/spdk/module	Docs/researches/sources/virtualization/spdk/module/current_folder_research.md	1	227	10	ok
sources/virtualization/virtiofsd/src	Docs/researches/sources/virtualization/virtiofsd/src/current_folder_research.md	16	38	2	ok
sources/windows/dokany/dokan	Docs/researches/sources/windows/dokany/dokan/current_folder_research.md	29	29	0	ok
sources/windows/dokany/dokan_fuse	Docs/researches/sources/windows/dokany/dokan_fuse/current_folder_research.md	2	17	2	ok
sources/windows/dokany/sys	Docs/researches/sources/windows/dokany/sys/current_folder_research.md	23	34	1	ok
sources/windows/reactos/drivers	Docs/researches/sources/windows/reactos/drivers/current_folder_research.md	0	504	1	ok
sources/windows/reactos/ntoskrnl	Docs/researches/sources/windows/reactos/ntoskrnl/current_folder_research.md	0	92	2	ok
sources/windows/reactos/sdk	Docs/researches/sources/windows/reactos/sdk/current_folder_research.md	0	57	1	ok
sources/windows/winbtrfs/src	Docs/researches/sources/windows/winbtrfs/src/current_folder_research.md	45	97	4	ok
sources/windows/windows-driver-samples/filesys	Docs/researches/sources/windows/windows-driver-samples/filesys/current_folder_research.md	0	150	3	ok
sources/windows/winfsp/src	Docs/researches/sources/windows/winfsp/src/current_folder_research.md	0	72	2	ok
sources/block-storage/cryptsetup/lib/bitlk	Docs/researches/sources/block-storage/cryptsetup/lib/bitlk/current_folder_research.md	2	2	0	ok
sources/block-storage/cryptsetup/lib/crypto_backend	Docs/researches/sources/block-storage/cryptsetup/lib/crypto_backend/current_folder_research.md	21	38	1	ok
sources/block-storage/cryptsetup/lib/fvault2	Docs/researches/sources/block-storage/cryptsetup/lib/fvault2/current_folder_research.md	2	2	0	ok
sources/block-storage/cryptsetup/lib/integrity	Docs/researches/sources/block-storage/cryptsetup/lib/integrity/current_folder_research.md	2	2	0	ok
sources/block-storage/cryptsetup/lib/loopaes	Docs/researches/sources/block-storage/cryptsetup/lib/loopaes/current_folder_research.md	2	2	0	ok
sources/block-storage/cryptsetup/lib/luks1	Docs/researches/sources/block-storage/cryptsetup/lib/luks1/current_folder_research.md	5	5	0	ok
sources/block-storage/cryptsetup/lib/luks2	Docs/researches/sources/block-storage/cryptsetup/lib/luks2/current_folder_research.md	16	18	1	ok
sources/block-storage/cryptsetup/lib/tcrypt	Docs/researches/sources/block-storage/cryptsetup/lib/tcrypt/current_folder_research.md	2	2	0	ok
sources/block-storage/cryptsetup/lib/verity	Docs/researches/sources/block-storage/cryptsetup/lib/verity/current_folder_research.md	7	7	0	ok
sources/block-storage/devicemapper-rs/src/core	Docs/researches/sources/block-storage/devicemapper-rs/src/core/current_folder_research.md	12	12	0	ok
sources/block-storage/devicemapper-rs/src/testing	Docs/researches/sources/block-storage/devicemapper-rs/src/testing/current_folder_research.md	4	4	0	ok
sources/block-storage/kvdo/vdo/linux	Docs/researches/sources/block-storage/kvdo/vdo/linux/current_folder_research.md	1	1	0	ok
sources/block-storage/libcryptsetup-rs/src/consts	Docs/researches/sources/block-storage/libcryptsetup-rs/src/consts/current_folder_research.md	3	3	0	ok
sources/block-storage/libcryptsetup-rs/src/luks2	Docs/researches/sources/block-storage/libcryptsetup-rs/src/luks2/current_folder_research.md	4	4	0	ok
sources/block-storage/libcryptsetup-rs/src/tests	Docs/researches/sources/block-storage/libcryptsetup-rs/src/tests/current_folder_research.md	5	5	0	ok
sources/block-storage/linux-dm/drivers/md	Docs/researches/sources/block-storage/linux-dm/drivers/md/current_folder_research.md	116	172	2	ok
sources/block-storage/lvm2/lib/activate	Docs/researches/sources/block-storage/lvm2/lib/activate/current_folder_research.md	7	7	0	ok
sources/block-storage/lvm2/lib/cache	Docs/researches/sources/block-storage/lvm2/lib/cache/current_folder_research.md	2	2	0	ok
sources/block-storage/lvm2/lib/cache_segtype	Docs/researches/sources/block-storage/lvm2/lib/cache_segtype/current_folder_research.md	1	1	0	ok
sources/block-storage/lvm2/lib/commands	Docs/researches/sources/block-storage/lvm2/lib/commands/current_folder_research.md	3	3	0	ok
sources/block-storage/lvm2/lib/config	Docs/researches/sources/block-storage/lvm2/lib/config/current_folder_research.md	4	4	0	ok
sources/block-storage/lvm2/lib/datastruct	Docs/researches/sources/block-storage/lvm2/lib/datastruct/current_folder_research.md	6	6	0	ok
sources/block-storage/lvm2/lib/device	Docs/researches/sources/block-storage/lvm2/lib/device/current_folder_research.md	30	30	0	ok
sources/block-storage/lvm2/lib/display	Docs/researches/sources/block-storage/lvm2/lib/display/current_folder_research.md	2	2	0	ok
sources/block-storage/lvm2/lib/error	Docs/researches/sources/block-storage/lvm2/lib/error/current_folder_research.md	1	1	0	ok
sources/block-storage/lvm2/lib/filters	Docs/researches/sources/block-storage/lvm2/lib/filters/current_folder_research.md	13	13	0	ok
sources/block-storage/lvm2/lib/format_text	Docs/researches/sources/block-storage/lvm2/lib/format_text/current_folder_research.md	14	14	0	ok
sources/block-storage/lvm2/lib/freeseg	Docs/researches/sources/block-storage/lvm2/lib/freeseg/current_folder_research.md	1	1	0	ok
sources/block-storage/lvm2/lib/id	Docs/researches/sources/block-storage/lvm2/lib/id/current_folder_research.md	2	2	0	ok
sources/block-storage/lvm2/lib/integrity	Docs/researches/sources/block-storage/lvm2/lib/integrity/current_folder_research.md	1	1	0	ok
sources/block-storage/lvm2/lib/label	Docs/researches/sources/block-storage/lvm2/lib/label/current_folder_research.md	4	4	0	ok
sources/block-storage/lvm2/lib/locking	Docs/researches/sources/block-storage/lvm2/lib/locking/current_folder_research.md	6	6	0	ok
sources/block-storage/lvm2/lib/log	Docs/researches/sources/block-storage/lvm2/lib/log/current_folder_research.md	3	3	0	ok
sources/block-storage/lvm2/lib/lvmpolld	Docs/researches/sources/block-storage/lvm2/lib/lvmpolld/current_folder_research.md	3	3	0	ok
sources/block-storage/lvm2/lib/metadata	Docs/researches/sources/block-storage/lvm2/lib/metadata/current_folder_research.md	29	29	0	ok
sources/block-storage/lvm2/lib/mirror	Docs/researches/sources/block-storage/lvm2/lib/mirror/current_folder_research.md	1	1	0	ok
sources/block-storage/lvm2/lib/misc	Docs/researches/sources/block-storage/lvm2/lib/misc/current_folder_research.md	27	27	0	ok
sources/block-storage/lvm2/lib/mm	Docs/researches/sources/block-storage/lvm2/lib/mm/current_folder_research.md	3	3	0	ok
sources/block-storage/lvm2/lib/notify	Docs/researches/sources/block-storage/lvm2/lib/notify/current_folder_research.md	2	2	0	ok
sources/block-storage/lvm2/lib/properties	Docs/researches/sources/block-storage/lvm2/lib/properties/current_folder_research.md	2	2	0	ok
sources/block-storage/lvm2/lib/raid	Docs/researches/sources/block-storage/lvm2/lib/raid/current_folder_research.md	1	1	0	ok
sources/block-storage/lvm2/lib/report	Docs/researches/sources/block-storage/lvm2/lib/report/current_folder_research.md	8	8	0	ok
sources/block-storage/lvm2/lib/snapshot	Docs/researches/sources/block-storage/lvm2/lib/snapshot/current_folder_research.md	1	1	0	ok
sources/block-storage/lvm2/lib/striped	Docs/researches/sources/block-storage/lvm2/lib/striped/current_folder_research.md	1	1	0	ok
sources/block-storage/lvm2/lib/thin	Docs/researches/sources/block-storage/lvm2/lib/thin/current_folder_research.md	1	1	0	ok
sources/block-storage/lvm2/lib/unknown	Docs/researches/sources/block-storage/lvm2/lib/unknown/current_folder_research.md	1	1	0	ok
sources/block-storage/lvm2/lib/vdo	Docs/researches/sources/block-storage/lvm2/lib/vdo/current_folder_research.md	1	1	0	ok
sources/block-storage/lvm2/lib/writecache	Docs/researches/sources/block-storage/lvm2/lib/writecache/current_folder_research.md	1	1	0	ok
sources/block-storage/lvm2/lib/zero	Docs/researches/sources/block-storage/lvm2/lib/zero/current_folder_research.md	1	1	0	ok
sources/block-storage/lvm2/libdm/datastruct	Docs/researches/sources/block-storage/lvm2/libdm/datastruct/current_folder_research.md	3	3	0	ok
sources/block-storage/lvm2/libdm/dm-tools	Docs/researches/sources/block-storage/lvm2/libdm/dm-tools/current_folder_research.md	6	6	0	ok
sources/block-storage/lvm2/libdm/ioctl	Docs/researches/sources/block-storage/lvm2/libdm/ioctl/current_folder_research.md	2	2	0	ok
sources/block-storage/lvm2/libdm/misc	Docs/researches/sources/block-storage/lvm2/libdm/misc/current_folder_research.md	5	5	0	ok
sources/block-storage/lvm2/libdm/mm	Docs/researches/sources/block-storage/lvm2/libdm/mm/current_folder_research.md	4	4	0	ok
sources/block-storage/lvm2/libdm/raid	Docs/researches/sources/block-storage/lvm2/libdm/raid/current_folder_research.md	1	1	0	ok
sources/block-storage/lvm2/libdm/regex	Docs/researches/sources/block-storage/lvm2/libdm/regex/current_folder_research.md	5	5	0	ok
sources/block-storage/lvm2/libdm/vdo	Docs/researches/sources/block-storage/lvm2/libdm/vdo/current_folder_research.md	6	6	0	ok
sources/block-storage/mdadm/.github/tools	Docs/researches/sources/block-storage/mdadm/.github/tools/current_folder_research.md	3	3	0	ok
sources/block-storage/mdadm/.github/workflows	Docs/researches/sources/block-storage/mdadm/.github/workflows/current_folder_research.md	3	3	0	ok
sources/block-storage/parted/libparted/arch	Docs/researches/sources/block-storage/parted/libparted/arch/current_folder_research.md	4	4	0	ok
sources/block-storage/parted/libparted/cs	Docs/researches/sources/block-storage/parted/libparted/cs/current_folder_research.md	3	3	0	ok
sources/block-storage/parted/libparted/fs	Docs/researches/sources/block-storage/parted/libparted/fs/current_folder_research.md	1	79	15	ok
sources/block-storage/parted/libparted/labels	Docs/researches/sources/block-storage/parted/libparted/labels/current_folder_research.md	21	21	0	ok
sources/block-storage/parted/libparted/tests	Docs/researches/sources/block-storage/parted/libparted/tests/current_folder_research.md	15	15	0	ok
sources/block-storage/stratis-cli/src/stratis_cli	Docs/researches/sources/block-storage/stratis-cli/src/stratis_cli/current_folder_research.md	9	37	2	ok
sources/block-storage/stratisd/src/bin	Docs/researches/sources/block-storage/stratisd/src/bin/current_folder_research.md	3	20	4	ok
sources/block-storage/stratisd/src/dbus	Docs/researches/sources/block-storage/stratisd/src/dbus/current_folder_research.md	6	91	4	ok
sources/block-storage/stratisd/src/engine	Docs/researches/sources/block-storage/stratisd/src/engine/current_folder_research.md	4	78	4	ok
sources/block-storage/stratisd/src/jsonrpc	Docs/researches/sources/block-storage/stratisd/src/jsonrpc/current_folder_research.md	3	17	2	ok
sources/block-storage/stratisd/src/stratis	Docs/researches/sources/block-storage/stratisd/src/stratis/current_folder_research.md	8	12	1	ok
sources/block-storage/stratisd/src/systemd	Docs/researches/sources/block-storage/stratisd/src/systemd/current_folder_research.md	2	2	0	ok
sources/block-storage/thin-provisioning-tools/src/bin	Docs/researches/sources/block-storage/thin-provisioning-tools/src/bin/current_folder_research.md	2	2	0	ok
sources/block-storage/thin-provisioning-tools/src/cache	Docs/researches/sources/block-storage/thin-provisioning-tools/src/cache/current_folder_research.md	14	14	0	ok
sources/block-storage/thin-provisioning-tools/src/commands	Docs/researches/sources/block-storage/thin-provisioning-tools/src/commands/current_folder_research.md	34	35	1	ok
sources/block-storage/thin-provisioning-tools/src/copier	Docs/researches/sources/block-storage/thin-provisioning-tools/src/copier/current_folder_research.md	8	10	2	ok
sources/block-storage/thin-provisioning-tools/src/devtools	Docs/researches/sources/block-storage/thin-provisioning-tools/src/devtools/current_folder_research.md	2	2	0	ok
sources/block-storage/thin-provisioning-tools/src/era	Docs/researches/sources/block-storage/thin-provisioning-tools/src/era/current_folder_research.md	11	11	0	ok
sources/block-storage/thin-provisioning-tools/src/io_engine	Docs/researches/sources/block-storage/thin-provisioning-tools/src/io_engine/current_folder_research.md	12	14	2	ok
sources/block-storage/thin-provisioning-tools/src/ioctl	Docs/researches/sources/block-storage/thin-provisioning-tools/src/ioctl/current_folder_research.md	1	1	0	ok
sources/block-storage/thin-provisioning-tools/src/pack	Docs/researches/sources/block-storage/thin-provisioning-tools/src/pack/current_folder_research.md	5	5	0	ok
sources/block-storage/thin-provisioning-tools/src/pdata	Docs/researches/sources/block-storage/thin-provisioning-tools/src/pdata/current_folder_research.md	16	36	8	ok
sources/block-storage/thin-provisioning-tools/src/shrink	Docs/researches/sources/block-storage/thin-provisioning-tools/src/shrink/current_folder_research.md	2	2	0	ok
sources/block-storage/thin-provisioning-tools/src/thin	Docs/researches/sources/block-storage/thin-provisioning-tools/src/thin/current_folder_research.md	24	31	3	ok
sources/block-storage/thin-provisioning-tools/src/utils	Docs/researches/sources/block-storage/thin-provisioning-tools/src/utils/current_folder_research.md	6	6	0	ok
sources/block-storage/thin-provisioning-tools/src/write_batcher	Docs/researches/sources/block-storage/thin-provisioning-tools/src/write_batcher/current_folder_research.md	1	1	0	ok
sources/block-storage/util-linux/libblkid/samples	Docs/researches/sources/block-storage/util-linux/libblkid/samples/current_folder_research.md	5	5	0	ok
sources/block-storage/util-linux/libblkid/src	Docs/researches/sources/block-storage/util-linux/libblkid/src/current_folder_research.md	20	106	3	ok
sources/block-storage/util-linux/libmount/python	Docs/researches/sources/block-storage/util-linux/libmount/python/current_folder_research.md	11	11	0	ok
sources/block-storage/util-linux/libmount/samples	Docs/researches/sources/block-storage/util-linux/libmount/samples/current_folder_research.md	4	4	0	ok
sources/block-storage/util-linux/libmount/src	Docs/researches/sources/block-storage/util-linux/libmount/src/current_folder_research.md	40	40	0	ok
sources/block-storage/vdo/utils/vdo	Docs/researches/sources/block-storage/vdo/utils/vdo/current_folder_research.md	41	42	1	ok
sources/cow-pools/bcachefs-tools/.github/workflows	Docs/researches/sources/cow-pools/bcachefs-tools/.github/workflows/current_folder_research.md	3	3	0	ok
sources/cow-pools/bcachefs-tools/arch/etc	Docs/researches/sources/cow-pools/bcachefs-tools/arch/etc/current_folder_research.md	1	3	1	ok
sources/cow-pools/bcachefs-tools/bch_bindgen/src	Docs/researches/sources/cow-pools/bcachefs-tools/bch_bindgen/src/current_folder_research.md	12	20	4	ok
sources/cow-pools/bcachefs-tools/ccan/array_size	Docs/researches/sources/cow-pools/bcachefs-tools/ccan/array_size/current_folder_research.md	1	1	0	ok
sources/cow-pools/bcachefs-tools/ccan/build_assert	Docs/researches/sources/cow-pools/bcachefs-tools/ccan/build_assert/current_folder_research.md	1	1	0	ok
sources/cow-pools/bcachefs-tools/ccan/compiler	Docs/researches/sources/cow-pools/bcachefs-tools/ccan/compiler/current_folder_research.md	1	1	0	ok
sources/cow-pools/bcachefs-tools/debian/tests	Docs/researches/sources/cow-pools/bcachefs-tools/debian/tests/current_folder_research.md	1	1	0	ok
sources/cow-pools/bcachefs-tools/fs/alloc	Docs/researches/sources/cow-pools/bcachefs-tools/fs/alloc/current_folder_research.md	30	30	0	ok
sources/cow-pools/bcachefs-tools/fs/btree	Docs/researches/sources/cow-pools/bcachefs-tools/fs/btree/current_folder_research.md	48	48	0	ok
sources/cow-pools/bcachefs-tools/fs/data	Docs/researches/sources/cow-pools/bcachefs-tools/fs/data/current_folder_research.md	40	58	2	ok
sources/cow-pools/bcachefs-tools/fs/debug	Docs/researches/sources/cow-pools/bcachefs-tools/fs/debug/current_folder_research.md	11	11	0	ok
sources/cow-pools/bcachefs-tools/fs/fs	Docs/researches/sources/cow-pools/bcachefs-tools/fs/fs/current_folder_research.md	27	27	0	ok
sources/cow-pools/bcachefs-tools/fs/init	Docs/researches/sources/cow-pools/bcachefs-tools/fs/init/current_folder_research.md	18	18	0	ok
sources/cow-pools/bcachefs-tools/fs/journal	Docs/researches/sources/cow-pools/bcachefs-tools/fs/journal/current_folder_research.md	18	18	0	ok
sources/cow-pools/bcachefs-tools/fs/sb	Docs/researches/sources/cow-pools/bcachefs-tools/fs/sb/current_folder_research.md	20	20	0	ok
sources/cow-pools/bcachefs-tools/fs/scripts	Docs/researches/sources/cow-pools/bcachefs-tools/fs/scripts/current_folder_research.md	1	1	0	ok
sources/cow-pools/bcachefs-tools/fs/snapshots	Docs/researches/sources/cow-pools/bcachefs-tools/fs/snapshots/current_folder_research.md	8	8	0	ok
sources/cow-pools/bcachefs-tools/fs/util	Docs/researches/sources/cow-pools/bcachefs-tools/fs/util/current_folder_research.md	37	37	0	ok
sources/cow-pools/bcachefs-tools/fs/vfs	Docs/researches/sources/cow-pools/bcachefs-tools/fs/vfs/current_folder_research.md	15	15	0	ok
sources/cow-pools/bcachefs-tools/include/asm	Docs/researches/sources/cow-pools/bcachefs-tools/include/asm/current_folder_research.md	2	2	0	ok
sources/cow-pools/bcachefs-tools/include/crypto	Docs/researches/sources/cow-pools/bcachefs-tools/include/crypto/current_folder_research.md	3	3	0	ok
sources/cow-pools/bcachefs-tools/include/keys	Docs/researches/sources/cow-pools/bcachefs-tools/include/keys/current_folder_research.md	1	1	0	ok
sources/cow-pools/bcachefs-tools/include/linux	Docs/researches/sources/cow-pools/bcachefs-tools/include/linux/current_folder_research.md	128	143	2	ok
sources/cow-pools/bcachefs-tools/include/trace	Docs/researches/sources/cow-pools/bcachefs-tools/include/trace/current_folder_research.md	1	2	1	ok
sources/cow-pools/bcachefs-tools/include/uapi	Docs/researches/sources/cow-pools/bcachefs-tools/include/uapi/current_folder_research.md	0	2	1	ok
sources/cow-pools/bcachefs-tools/linux/unicode	Docs/researches/sources/cow-pools/bcachefs-tools/linux/unicode/current_folder_research.md	4	4	0	ok
sources/cow-pools/bcachefs-tools/package-ci/scripts	Docs/researches/sources/cow-pools/bcachefs-tools/package-ci/scripts/current_folder_research.md	8	8	0	ok
sources/cow-pools/bcachefs-tools/package-ci/src	Docs/researches/sources/cow-pools/bcachefs-tools/package-ci/src/current_folder_research.md	1	1	0	ok
sources/cow-pools/bcachefs-tools/src/commands	Docs/researches/sources/cow-pools/bcachefs-tools/src/commands/current_folder_research.md	33	33	0	ok
sources/cow-pools/bcachefs-tools/src/wrappers	Docs/researches/sources/cow-pools/bcachefs-tools/src/wrappers/current_folder_research.md	8	8	0	ok
sources/cow-pools/bcachefs/fs/bcachefs	Docs/researches/sources/cow-pools/bcachefs/fs/bcachefs/current_folder_research.md	10	300	11	ok
sources/cow-pools/nilfs-utils/include/linux	Docs/researches/sources/cow-pools/nilfs-utils/include/linux/current_folder_research.md	2	2	0	ok
sources/cow-pools/nilfs-utils/sbin/mount	Docs/researches/sources/cow-pools/nilfs-utils/sbin/mount/current_folder_research.md	20	20	0	ok
sources/cow-pools/nilfs2-kmod10/fs/nilfs2	Docs/researches/sources/cow-pools/nilfs2-kmod10/fs/nilfs2/current_folder_research.md	42	42	0	ok
sources/cow-pools/nilfs2-kmod10/include/trace	Docs/researches/sources/cow-pools/nilfs2-kmod10/include/trace/current_folder_research.md	0	1	1	ok
sources/cow-pools/nilfs2-kmod10/include/uapi	Docs/researches/sources/cow-pools/nilfs2-kmod10/include/uapi/current_folder_research.md	0	2	1	ok
sources/cow-pools/openzfs/cmd/zfs	Docs/researches/sources/cow-pools/openzfs/cmd/zfs/current_folder_research.md	7	7	0	ok
sources/cow-pools/openzfs/cmd/zpool	Docs/researches/sources/cow-pools/openzfs/cmd/zpool/current_folder_research.md	6	49	2	ok
sources/cow-pools/openzfs/lib/libzfs	Docs/researches/sources/cow-pools/openzfs/lib/libzfs/current_folder_research.md	19	28	1	ok
sources/cow-pools/openzfs/lib/libzpool	Docs/researches/sources/cow-pools/openzfs/lib/libzpool/current_folder_research.md	9	16	1	ok
sources/cow-pools/openzfs/module/os	Docs/researches/sources/cow-pools/openzfs/module/os/current_folder_research.md	0	98	2	ok
sources/cow-pools/openzfs/module/zfs	Docs/researches/sources/cow-pools/openzfs/module/zfs/current_folder_research.md	143	143	0	ok
sources/local-fs/btrfs-linux/fs/btrfs	Docs/researches/sources/local-fs/btrfs-linux/fs/btrfs/current_folder_research.md	130	143	1	ok
sources/local-fs/dlm/python/bindings	Docs/researches/sources/local-fs/dlm/python/bindings/current_folder_research.md	2	2	0	ok
sources/local-fs/dlm/python/ebpf	Docs/researches/sources/local-fs/dlm/python/ebpf/current_folder_research.md	1	1	0	ok
sources/local-fs/dlm/python/tests	Docs/researches/sources/local-fs/dlm/python/tests/current_folder_research.md	2	2	0	ok
sources/local-fs/dosfstools/src/blkdev	Docs/researches/sources/local-fs/dosfstools/src/blkdev/current_folder_research.md	4	4	0	ok
sources/local-fs/e2fsprogs/lib/ext2fs	Docs/researches/sources/local-fs/e2fsprogs/lib/ext2fs/current_folder_research.md	138	139	1	ok
sources/local-fs/erofs-utils/lib/backends	Docs/researches/sources/local-fs/erofs-utils/lib/backends/current_folder_research.md	1	1	0	ok
sources/local-fs/erofs-utils/lib/remotes	Docs/researches/sources/local-fs/erofs-utils/lib/remotes/current_folder_research.md	3	3	0	ok
sources/local-fs/gfs2-utils/gfs2/edit	Docs/researches/sources/local-fs/gfs2-utils/gfs2/edit/current_folder_research.md	14	14	0	ok
sources/local-fs/gfs2-utils/gfs2/fsck	Docs/researches/sources/local-fs/gfs2-utils/gfs2/fsck/current_folder_research.md	28	28	0	ok
sources/local-fs/gfs2-utils/gfs2/glocktop	Docs/researches/sources/local-fs/gfs2-utils/gfs2/glocktop/current_folder_research.md	2	2	0	ok
sources/local-fs/gfs2-utils/gfs2/include	Docs/researches/sources/local-fs/gfs2-utils/gfs2/include/current_folder_research.md	4	6	1	ok
sources/local-fs/gfs2-utils/gfs2/init.d	Docs/researches/sources/local-fs/gfs2-utils/gfs2/init.d/current_folder_research.md	1	1	0	ok
sources/local-fs/gfs2-utils/gfs2/libgfs2	Docs/researches/sources/local-fs/gfs2-utils/gfs2/libgfs2/current_folder_research.md	28	28	0	ok
sources/local-fs/gfs2-utils/gfs2/man	Docs/researches/sources/local-fs/gfs2-utils/gfs2/man/current_folder_research.md	1	1	0	ok
sources/local-fs/gfs2-utils/gfs2/mkfs	Docs/researches/sources/local-fs/gfs2-utils/gfs2/mkfs/current_folder_research.md	15	15	0	ok
sources/local-fs/gfs2-utils/gfs2/scripts	Docs/researches/sources/local-fs/gfs2-utils/gfs2/scripts/current_folder_research.md	5	5	0	ok
sources/local-fs/gfs2-utils/gfs2/tune	Docs/researches/sources/local-fs/gfs2-utils/gfs2/tune/current_folder_research.md	6	6	0	ok
sources/local-fs/kdave-linux/fs/btrfs	Docs/researches/sources/local-fs/kdave-linux/fs/btrfs/current_folder_research.md	130	143	1	ok
sources/local-fs/mtd-utils/include/linux	Docs/researches/sources/local-fs/mtd-utils/include/linux/current_folder_research.md	1	1	0	ok
sources/local-fs/mtd-utils/include/mtd	Docs/researches/sources/local-fs/mtd-utils/include/mtd/current_folder_research.md	9	9	0	ok
sources/local-fs/mtd-utils/mkfs.ubifs/hashtable	Docs/researches/sources/local-fs/mtd-utils/mkfs.ubifs/hashtable/current_folder_research.md	5	5	0	ok
sources/local-fs/mtd-utils/tests/checkfs	Docs/researches/sources/local-fs/mtd-utils/tests/checkfs/current_folder_research.md	5	5	0	ok
sources/local-fs/mtd-utils/tests/fs-tests	Docs/researches/sources/local-fs/mtd-utils/tests/fs-tests/current_folder_research.md	3	31	5	ok
sources/local-fs/mtd-utils/tests/jittertest	Docs/researches/sources/local-fs/mtd-utils/tests/jittertest/current_folder_research.md	4	4	0	ok
sources/local-fs/mtd-utils/tests/ubi-tests	Docs/researches/sources/local-fs/mtd-utils/tests/ubi-tests/current_folder_research.md	15	15	0	ok
sources/local-fs/mtd-utils/ubi-utils/include	Docs/researches/sources/local-fs/mtd-utils/ubi-utils/include/current_folder_research.md	6	6	0	ok
sources/local-fs/ocfs2-tools/.github/workflows	Docs/researches/sources/local-fs/ocfs2-tools/.github/workflows/current_folder_research.md	1	1	0	ok
sources/local-fs/ocfs2-tools/debian/po	Docs/researches/sources/local-fs/ocfs2-tools/debian/po/current_folder_research.md	1	1	0	ok
sources/local-fs/ocfs2-tools/debugfs.ocfs2/include	Docs/researches/sources/local-fs/ocfs2-tools/debugfs.ocfs2/include/current_folder_research.md	12	12	0	ok
sources/local-fs/ocfs2-tools/defragfs.ocfs2/include	Docs/researches/sources/local-fs/ocfs2-tools/defragfs.ocfs2/include/current_folder_research.md	3	3	0	ok
sources/local-fs/ocfs2-tools/documentation/samples	Docs/researches/sources/local-fs/ocfs2-tools/documentation/samples/current_folder_research.md	1	1	0	ok
sources/local-fs/ocfs2-tools/fsck.ocfs2/include	Docs/researches/sources/local-fs/ocfs2-tools/fsck.ocfs2/include/current_folder_research.md	19	19	0	ok
sources/local-fs/ocfs2-tools/fswreck/include	Docs/researches/sources/local-fs/ocfs2-tools/fswreck/include/current_folder_research.md	16	16	0	ok
sources/local-fs/ocfs2-tools/include/o2cb	Docs/researches/sources/local-fs/ocfs2-tools/include/o2cb/current_folder_research.md	5	5	0	ok
sources/local-fs/ocfs2-tools/include/o2dlm	Docs/researches/sources/local-fs/ocfs2-tools/include/o2dlm/current_folder_research.md	2	2	0	ok
sources/local-fs/ocfs2-tools/include/ocfs2	Docs/researches/sources/local-fs/ocfs2-tools/include/ocfs2/current_folder_research.md	7	7	0	ok
sources/local-fs/ocfs2-tools/include/ocfs2-kernel	Docs/researches/sources/local-fs/ocfs2-tools/include/ocfs2-kernel/current_folder_research.md	8	8	0	ok
sources/local-fs/ocfs2-tools/include/tools-internal	Docs/researches/sources/local-fs/ocfs2-tools/include/tools-internal/current_folder_research.md	5	5	0	ok
sources/local-fs/ocfs2-tools/ocfs2console/blkid	Docs/researches/sources/local-fs/ocfs2-tools/ocfs2console/blkid/current_folder_research.md	17	17	0	ok
sources/local-fs/ocfs2-tools/ocfs2console/ocfs2interface	Docs/researches/sources/local-fs/ocfs2-tools/ocfs2console/ocfs2interface/current_folder_research.md	31	31	0	ok
sources/local-fs/squashfs-tools/squashfs-tools/generate-manpages	Docs/researches/sources/local-fs/squashfs-tools/squashfs-tools/generate-manpages/current_folder_research.md	6	6	0	ok
sources/local-fs/xfsdump/man/man8	Docs/researches/sources/local-fs/xfsdump/man/man8/current_folder_research.md	1	1	0	ok
sources/os/bsd/dragonflybsd/sys	Docs/researches/sources/os/bsd/dragonflybsd/sys/current_folder_research.md	0	771	3	ok
sources/os/bsd/freebsd-src/sbin	Docs/researches/sources/os/bsd/freebsd-src/sbin/current_folder_research.md	2	880	84	ok
sources/os/bsd/freebsd-src/sys	Docs/researches/sources/os/bsd/freebsd-src/sys/current_folder_research.md	0	867	4	ok
sources/os/bsd/netbsd-src/lib	Docs/researches/sources/os/bsd/netbsd-src/lib/current_folder_research.md	6	3379	64	ok
sources/os/bsd/netbsd-src/sys	Docs/researches/sources/os/bsd/netbsd-src/sys/current_folder_research.md	0	953	4	ok
sources/os/bsd/openbsd-src/sbin	Docs/researches/sources/os/bsd/openbsd-src/sbin/current_folder_research.md	2	629	65	ok
sources/os/bsd/openbsd-src/sys	Docs/researches/sources/os/bsd/openbsd-src/sys/current_folder_research.md	0	311	4	ok
sources/os/darwin/xnu/bsd	Docs/researches/sources/os/darwin/xnu/bsd/current_folder_research.md	0	33	1	ok
sources/os/illumos/illumos-gate/usr	Docs/researches/sources/os/illumos/illumos-gate/usr/current_folder_research.md	0	2206	1	ok
sources/os/linux/linux-stable/fs	Docs/researches/sources/os/linux/linux-stable/fs/current_folder_research.md	78	2342	78	ok
sources/os/linux/linux/block	Docs/researches/sources/os/linux/linux/block/current_folder_research.md	75	100	1	ok
sources/os/linux/linux/fs	Docs/researches/sources/os/linux/linux/fs/current_folder_research.md	78	2342	78	ok
sources/os/linux/linux/include	Docs/researches/sources/os/linux/linux/include/current_folder_research.md	0	2	1	ok
sources/os/linux/linux/io_uring	Docs/researches/sources/os/linux/linux/io_uring/current_folder_research.md	88	88	0	ok
sources/os/linux/linux/mm	Docs/researches/sources/os/linux/linux/mm/current_folder_research.md	148	199	5	ok
sources/os/plan9/9front/sys	Docs/researches/sources/os/plan9/9front/sys/current_folder_research.md	0	5031	1	ok
sources/os/plan9/plan9/sys	Docs/researches/sources/os/plan9/plan9/sys/current_folder_research.md	0	4760	1	ok
sources/teaching/minix/minix/drivers	Docs/researches/sources/teaching/minix/minix/drivers/current_folder_research.md	0	48	1	ok
sources/teaching/minix/minix/fs	Docs/researches/sources/teaching/minix/minix/fs/current_folder_research.md	2	101	8	ok
sources/teaching/minix/minix/lib	Docs/researches/sources/teaching/minix/minix/lib/current_folder_research.md	0	4	1	ok
sources/teaching/minix/minix/servers	Docs/researches/sources/teaching/minix/minix/servers/current_folder_research.md	0	49	1	ok
sources/teaching/os161/kern/fs	Docs/researches/sources/teaching/os161/kern/fs/current_folder_research.md	0	12	2	ok
sources/teaching/os161/kern/include	Docs/researches/sources/teaching/os161/kern/include/current_folder_research.md	40	63	1	ok
sources/teaching/os161/kern/vfs	Docs/researches/sources/teaching/os161/kern/vfs/current_folder_research.md	8	8	0	ok
sources/teaching/pintos/src/filesys	Docs/researches/sources/teaching/pintos/src/filesys/current_folder_research.md	14	14	0	ok
sources/virtualization/guestfs-tools/.github/workflows	Docs/researches/sources/virtualization/guestfs-tools/.github/workflows/current_folder_research.md	1	1	0	ok
sources/virtualization/guestfs-tools/builder/templates	Docs/researches/sources/virtualization/guestfs-tools/builder/templates/current_folder_research.md	2	2	0	ok
sources/virtualization/guestfs-tools/builder/test-config	Docs/researches/sources/virtualization/guestfs-tools/builder/test-config/current_folder_research.md	0	1	1	ok
sources/virtualization/guestfs-tools/builder/test-simplestreams	Docs/researches/sources/virtualization/guestfs-tools/builder/test-simplestreams/current_folder_research.md	0	3	2	ok
sources/virtualization/guestfs-tools/builder/test-website	Docs/researches/sources/virtualization/guestfs-tools/builder/test-website/current_folder_research.md	0	1	1	ok
sources/virtualization/guestfs-tools/gnulib/lib	Docs/researches/sources/virtualization/guestfs-tools/gnulib/lib/current_folder_research.md	19	19	0	ok
sources/virtualization/guestfs-tools/po-docs/ja	Docs/researches/sources/virtualization/guestfs-tools/po-docs/ja/current_folder_research.md	1	1	0	ok
sources/virtualization/guestfs-tools/po-docs/uk	Docs/researches/sources/virtualization/guestfs-tools/po-docs/uk/current_folder_research.md	1	1	0	ok
sources/virtualization/guestfs-tools/test-data/binaries	Docs/researches/sources/virtualization/guestfs-tools/test-data/binaries/current_folder_research.md	1	1	0	ok
sources/virtualization/guestfs-tools/test-data/phony-guests	Docs/researches/sources/virtualization/guestfs-tools/test-data/phony-guests/current_folder_research.md	10	10	0	ok
sources/virtualization/libblockdev/src/lib	Docs/researches/sources/virtualization/libblockdev/src/lib/current_folder_research.md	6	7	1	ok
sources/virtualization/libblockdev/src/plugins	Docs/researches/sources/virtualization/libblockdev/src/plugins/current_folder_research.md	27	75	4	ok
sources/virtualization/libblockdev/src/python	Docs/researches/sources/virtualization/libblockdev/src/python/current_folder_research.md	1	4	1	ok
sources/virtualization/libblockdev/src/utils	Docs/researches/sources/virtualization/libblockdev/src/utils/current_folder_research.md	16	16	0	ok
sources/virtualization/libguestfs/lib/local	Docs/researches/sources/virtualization/libguestfs/lib/local/current_folder_research.md	1	1	0	ok
sources/virtualization/libnbd/lib/local	Docs/researches/sources/virtualization/libnbd/lib/local/current_folder_research.md	1	1	0	ok
sources/virtualization/nbd/.github/workflows	Docs/researches/sources/virtualization/nbd/.github/workflows/current_folder_research.md	1	1	0	ok
sources/virtualization/nbd/tests/code	Docs/researches/sources/virtualization/nbd/tests/code/current_folder_research.md	9	9	0	ok
sources/virtualization/nbd/tests/parse	Docs/researches/sources/virtualization/nbd/tests/parse/current_folder_research.md	2	2	0	ok
sources/virtualization/nbd/tests/run	Docs/researches/sources/virtualization/nbd/tests/run/current_folder_research.md	5	5	0	ok
sources/virtualization/nbdkit/filters/blocksize	Docs/researches/sources/virtualization/nbdkit/filters/blocksize/current_folder_research.md	2	2	0	ok
sources/virtualization/nbdkit/filters/blocksize-policy	Docs/researches/sources/virtualization/nbdkit/filters/blocksize-policy/current_folder_research.md	2	2	0	ok
sources/virtualization/nbdkit/filters/bzip2	Docs/researches/sources/virtualization/nbdkit/filters/bzip2/current_folder_research.md	2	2	0	ok
sources/virtualization/nbdkit/filters/cache	Docs/researches/sources/virtualization/nbdkit/filters/cache/current_folder_research.md	9	9	0	ok
sources/virtualization/nbdkit/filters/checkwrite	Docs/researches/sources/virtualization/nbdkit/filters/checkwrite/current_folder_research.md	2	2	0	ok
sources/virtualization/nbdkit/filters/count	Docs/researches/sources/virtualization/nbdkit/filters/count/current_folder_research.md	2	2	0	ok
sources/virtualization/nbdkit/filters/cow	Docs/researches/sources/virtualization/nbdkit/filters/cow/current_folder_research.md	5	5	0	ok
sources/virtualization/nbdkit/filters/ddrescue	Docs/researches/sources/virtualization/nbdkit/filters/ddrescue/current_folder_research.md	2	2	0	ok
sources/virtualization/nbdkit/filters/delay	Docs/researches/sources/virtualization/nbdkit/filters/delay/current_folder_research.md	2	2	0	ok
sources/virtualization/nbdkit/filters/error	Docs/researches/sources/virtualization/nbdkit/filters/error/current_folder_research.md	2	2	0	ok
sources/virtualization/nbdkit/filters/evil	Docs/researches/sources/virtualization/nbdkit/filters/evil/current_folder_research.md	2	2	0	ok
sources/virtualization/nbdkit/filters/exitlast	Docs/researches/sources/virtualization/nbdkit/filters/exitlast/current_folder_research.md	2	2	0	ok
sources/virtualization/nbdkit/filters/exitwhen	Docs/researches/sources/virtualization/nbdkit/filters/exitwhen/current_folder_research.md	2	2	0	ok
sources/virtualization/nbdkit/filters/exportname	Docs/researches/sources/virtualization/nbdkit/filters/exportname/current_folder_research.md	2	2	0	ok
sources/virtualization/nbdkit/filters/ext2	Docs/researches/sources/virtualization/nbdkit/filters/ext2/current_folder_research.md	4	4	0	ok
sources/virtualization/nbdkit/filters/extentlist	Docs/researches/sources/virtualization/nbdkit/filters/extentlist/current_folder_research.md	2	2	0	ok
sources/virtualization/nbdkit/filters/fua	Docs/researches/sources/virtualization/nbdkit/filters/fua/current_folder_research.md	2	2	0	ok
sources/virtualization/nbdkit/filters/gzip	Docs/researches/sources/virtualization/nbdkit/filters/gzip/current_folder_research.md	2	2	0	ok
sources/virtualization/nbdkit/filters/indexed-gzip	Docs/researches/sources/virtualization/nbdkit/filters/indexed-gzip/current_folder_research.md	7	7	0	ok
sources/virtualization/nbdkit/filters/ip	Docs/researches/sources/virtualization/nbdkit/filters/ip/current_folder_research.md	4	4	0	ok
sources/virtualization/nbdkit/filters/limit	Docs/researches/sources/virtualization/nbdkit/filters/limit/current_folder_research.md	2	2	0	ok
sources/virtualization/nbdkit/filters/log	Docs/researches/sources/virtualization/nbdkit/filters/log/current_folder_research.md	4	4	0	ok
sources/virtualization/nbdkit/filters/luks	Docs/researches/sources/virtualization/nbdkit/filters/luks/current_folder_research.md	4	4	0	ok
sources/virtualization/nbdkit/filters/lzip	Docs/researches/sources/virtualization/nbdkit/filters/lzip/current_folder_research.md	6	6	0	ok
sources/virtualization/nbdkit/filters/map	Docs/researches/sources/virtualization/nbdkit/filters/map/current_folder_research.md	2	2	0	ok
sources/virtualization/nbdkit/filters/multi-conn	Docs/researches/sources/virtualization/nbdkit/filters/multi-conn/current_folder_research.md	2	2	0	ok
sources/virtualization/nbdkit/filters/nocache	Docs/researches/sources/virtualization/nbdkit/filters/nocache/current_folder_research.md	2	2	0	ok
sources/virtualization/nbdkit/filters/noextents	Docs/researches/sources/virtualization/nbdkit/filters/noextents/current_folder_research.md	2	2	0	ok
sources/virtualization/nbdkit/filters/nofilter	Docs/researches/sources/virtualization/nbdkit/filters/nofilter/current_folder_research.md	2	2	0	ok
sources/virtualization/nbdkit/filters/noparallel	Docs/researches/sources/virtualization/nbdkit/filters/noparallel/current_folder_research.md	2	2	0	ok
sources/virtualization/nbdkit/filters/nozero	Docs/researches/sources/virtualization/nbdkit/filters/nozero/current_folder_research.md	2	2	0	ok
sources/virtualization/nbdkit/filters/offset	Docs/researches/sources/virtualization/nbdkit/filters/offset/current_folder_research.md	2	2	0	ok
sources/virtualization/nbdkit/filters/openonce	Docs/researches/sources/virtualization/nbdkit/filters/openonce/current_folder_research.md	2	2	0	ok
sources/virtualization/nbdkit/filters/partition	Docs/researches/sources/virtualization/nbdkit/filters/partition/current_folder_research.md	5	5	0	ok
sources/virtualization/nbdkit/filters/pause	Docs/researches/sources/virtualization/nbdkit/filters/pause/current_folder_research.md	2	2	0	ok
sources/virtualization/nbdkit/filters/protect	Docs/researches/sources/virtualization/nbdkit/filters/protect/current_folder_research.md	2	2	0	ok
sources/virtualization/nbdkit/filters/qcow2dec	Docs/researches/sources/virtualization/nbdkit/filters/qcow2dec/current_folder_research.md	3	3	0	ok
sources/virtualization/nbdkit/filters/rate	Docs/researches/sources/virtualization/nbdkit/filters/rate/current_folder_research.md	4	4	0	ok
sources/virtualization/nbdkit/filters/readahead	Docs/researches/sources/virtualization/nbdkit/filters/readahead/current_folder_research.md	4	4	0	ok
sources/virtualization/nbdkit/filters/readonly	Docs/researches/sources/virtualization/nbdkit/filters/readonly/current_folder_research.md	2	2	0	ok
sources/virtualization/nbdkit/filters/retry	Docs/researches/sources/virtualization/nbdkit/filters/retry/current_folder_research.md	2	2	0	ok
sources/virtualization/nbdkit/filters/retry-request	Docs/researches/sources/virtualization/nbdkit/filters/retry-request/current_folder_research.md	2	2	0	ok
sources/virtualization/nbdkit/filters/rotational	Docs/researches/sources/virtualization/nbdkit/filters/rotational/current_folder_research.md	2	2	0	ok
sources/virtualization/nbdkit/filters/scan	Docs/researches/sources/virtualization/nbdkit/filters/scan/current_folder_research.md	4	4	0	ok
sources/virtualization/nbdkit/filters/spinning	Docs/researches/sources/virtualization/nbdkit/filters/spinning/current_folder_research.md	2	2	0	ok
sources/virtualization/nbdkit/filters/stats	Docs/researches/sources/virtualization/nbdkit/filters/stats/current_folder_research.md	2	2	0	ok
sources/virtualization/nbdkit/filters/swab	Docs/researches/sources/virtualization/nbdkit/filters/swab/current_folder_research.md	2	2	0	ok
sources/virtualization/nbdkit/filters/tar	Docs/researches/sources/virtualization/nbdkit/filters/tar/current_folder_research.md	2	2	0	ok
sources/virtualization/nbdkit/filters/time-limit	Docs/researches/sources/virtualization/nbdkit/filters/time-limit/current_folder_research.md	2	2	0	ok
sources/virtualization/nbdkit/filters/tls-fallback	Docs/researches/sources/virtualization/nbdkit/filters/tls-fallback/current_folder_research.md	2	2	0	ok
sources/virtualization/nbdkit/filters/truncate	Docs/researches/sources/virtualization/nbdkit/filters/truncate/current_folder_research.md	2	2	0	ok
sources/virtualization/nbdkit/filters/xor	Docs/researches/sources/virtualization/nbdkit/filters/xor/current_folder_research.md	2	2	0	ok
sources/virtualization/nbdkit/filters/xz	Docs/researches/sources/virtualization/nbdkit/filters/xz/current_folder_research.md	6	6	0	ok
sources/virtualization/nbdkit/plugins/S3	Docs/researches/sources/virtualization/nbdkit/plugins/S3/current_folder_research.md	3	3	0	ok
sources/virtualization/nbdkit/plugins/blkio	Docs/researches/sources/virtualization/nbdkit/plugins/blkio/current_folder_research.md	2	2	0	ok
sources/virtualization/nbdkit/plugins/cc	Docs/researches/sources/virtualization/nbdkit/plugins/cc/current_folder_research.md	2	2	0	ok
sources/virtualization/nbdkit/plugins/cdi	Docs/researches/sources/virtualization/nbdkit/plugins/cdi/current_folder_research.md	2	2	0	ok
sources/virtualization/nbdkit/plugins/curl	Docs/researches/sources/virtualization/nbdkit/plugins/curl/current_folder_research.md	7	7	0	ok
sources/virtualization/nbdkit/plugins/data	Docs/researches/sources/virtualization/nbdkit/plugins/data/current_folder_research.md	6	6	0	ok
sources/virtualization/nbdkit/plugins/eval	Docs/researches/sources/virtualization/nbdkit/plugins/eval/current_folder_research.md	2	2	0	ok
sources/virtualization/nbdkit/plugins/example1	Docs/researches/sources/virtualization/nbdkit/plugins/example1/current_folder_research.md	2	2	0	ok
sources/virtualization/nbdkit/plugins/example2	Docs/researches/sources/virtualization/nbdkit/plugins/example2/current_folder_research.md	3	3	0	ok
sources/virtualization/nbdkit/plugins/example3	Docs/researches/sources/virtualization/nbdkit/plugins/example3/current_folder_research.md	2	2	0	ok
sources/virtualization/nbdkit/plugins/example4	Docs/researches/sources/virtualization/nbdkit/plugins/example4/current_folder_research.md	2	2	0	ok
sources/virtualization/nbdkit/plugins/file	Docs/researches/sources/virtualization/nbdkit/plugins/file/current_folder_research.md	3	3	0	ok
sources/virtualization/nbdkit/plugins/floppy	Docs/researches/sources/virtualization/nbdkit/plugins/floppy/current_folder_research.md	5	5	0	ok
sources/virtualization/nbdkit/plugins/full	Docs/researches/sources/virtualization/nbdkit/plugins/full/current_folder_research.md	2	2	0	ok
sources/virtualization/nbdkit/plugins/gcs	Docs/researches/sources/virtualization/nbdkit/plugins/gcs/current_folder_research.md	3	3	0	ok
sources/virtualization/nbdkit/plugins/golang	Docs/researches/sources/virtualization/nbdkit/plugins/golang/current_folder_research.md	3	11	2	ok
sources/virtualization/nbdkit/plugins/guestfs	Docs/researches/sources/virtualization/nbdkit/plugins/guestfs/current_folder_research.md	2	2	0	ok
sources/virtualization/nbdkit/plugins/info	Docs/researches/sources/virtualization/nbdkit/plugins/info/current_folder_research.md	2	2	0	ok
sources/virtualization/nbdkit/plugins/iso	Docs/researches/sources/virtualization/nbdkit/plugins/iso/current_folder_research.md	2	2	0	ok
sources/virtualization/nbdkit/plugins/libvirt	Docs/researches/sources/virtualization/nbdkit/plugins/libvirt/current_folder_research.md	2	2	0	ok
sources/virtualization/nbdkit/plugins/linuxdisk	Docs/researches/sources/virtualization/nbdkit/plugins/linuxdisk/current_folder_research.md	6	6	0	ok
sources/virtualization/nbdkit/plugins/lua	Docs/researches/sources/virtualization/nbdkit/plugins/lua/current_folder_research.md	3	3	0	ok
sources/virtualization/nbdkit/plugins/memory	Docs/researches/sources/virtualization/nbdkit/plugins/memory/current_folder_research.md	2	2	0	ok
sources/virtualization/nbdkit/plugins/nbd	Docs/researches/sources/virtualization/nbdkit/plugins/nbd/current_folder_research.md	2	2	0	ok
sources/virtualization/nbdkit/plugins/nfs	Docs/researches/sources/virtualization/nbdkit/plugins/nfs/current_folder_research.md	2	2	0	ok
sources/virtualization/nbdkit/plugins/null	Docs/researches/sources/virtualization/nbdkit/plugins/null/current_folder_research.md	2	2	0	ok
sources/virtualization/nbdkit/plugins/ocaml	Docs/researches/sources/virtualization/nbdkit/plugins/ocaml/current_folder_research.md	7	7	0	ok
sources/virtualization/nbdkit/plugins/ondemand	Docs/researches/sources/virtualization/nbdkit/plugins/ondemand/current_folder_research.md	3	3	0	ok
sources/virtualization/nbdkit/plugins/ones	Docs/researches/sources/virtualization/nbdkit/plugins/ones/current_folder_research.md	2	2	0	ok
sources/virtualization/nbdkit/plugins/partitioning	Docs/researches/sources/virtualization/nbdkit/plugins/partitioning/current_folder_research.md	6	6	0	ok
sources/virtualization/nbdkit/plugins/pattern	Docs/researches/sources/virtualization/nbdkit/plugins/pattern/current_folder_research.md	2	2	0	ok
sources/virtualization/nbdkit/plugins/perl	Docs/researches/sources/virtualization/nbdkit/plugins/perl/current_folder_research.md	3	3	0	ok
sources/virtualization/nbdkit/plugins/python	Docs/researches/sources/virtualization/nbdkit/plugins/python/current_folder_research.md	6	11	1	ok
sources/virtualization/nbdkit/plugins/random	Docs/researches/sources/virtualization/nbdkit/plugins/random/current_folder_research.md	2	2	0	ok
sources/virtualization/nbdkit/plugins/rust	Docs/researches/sources/virtualization/nbdkit/plugins/rust/current_folder_research.md	6	11	3	ok
sources/virtualization/nbdkit/plugins/sh	Docs/researches/sources/virtualization/nbdkit/plugins/sh/current_folder_research.md	9	11	1	ok
sources/virtualization/nbdkit/plugins/sparse-random	Docs/researches/sources/virtualization/nbdkit/plugins/sparse-random/current_folder_research.md	2	2	0	ok
sources/virtualization/nbdkit/plugins/split	Docs/researches/sources/virtualization/nbdkit/plugins/split/current_folder_research.md	2	2	0	ok
sources/virtualization/nbdkit/plugins/ssh	Docs/researches/sources/virtualization/nbdkit/plugins/ssh/current_folder_research.md	2	2	0	ok
sources/virtualization/nbdkit/plugins/tcl	Docs/researches/sources/virtualization/nbdkit/plugins/tcl/current_folder_research.md	2	2	0	ok
sources/virtualization/nbdkit/plugins/tmpdisk	Docs/researches/sources/virtualization/nbdkit/plugins/tmpdisk/current_folder_research.md	3	3	0	ok
sources/virtualization/nbdkit/plugins/torrent	Docs/researches/sources/virtualization/nbdkit/plugins/torrent/current_folder_research.md	2	2	0	ok
sources/virtualization/nbdkit/plugins/vddk	Docs/researches/sources/virtualization/nbdkit/plugins/vddk/current_folder_research.md	9	9	0	ok
sources/virtualization/nbdkit/plugins/vram	Docs/researches/sources/virtualization/nbdkit/plugins/vram/current_folder_research.md	3	3	0	ok
sources/virtualization/nbdkit/plugins/zero	Docs/researches/sources/virtualization/nbdkit/plugins/zero/current_folder_research.md	2	2	0	ok
sources/virtualization/nbdkit/server/local	Docs/researches/sources/virtualization/nbdkit/server/local/current_folder_research.md	1	1	0	ok
sources/virtualization/nvme-cli/.github/codeql	Docs/researches/sources/virtualization/nvme-cli/.github/codeql/current_folder_research.md	1	1	0	ok
sources/virtualization/nvme-cli/.github/workflows	Docs/researches/sources/virtualization/nvme-cli/.github/workflows/current_folder_research.md	12	12	0	ok
sources/virtualization/nvme-cli/ccan/ccan	Docs/researches/sources/virtualization/nvme-cli/ccan/ccan/current_folder_research.md	0	26	16	ok
sources/virtualization/nvme-cli/libnvme/examples	Docs/researches/sources/virtualization/nvme-cli/libnvme/examples/current_folder_research.md	10	10	0	ok
sources/virtualization/nvme-cli/libnvme/libnvme	Docs/researches/sources/virtualization/nvme-cli/libnvme/libnvme/current_folder_research.md	4	9	1	ok
sources/virtualization/nvme-cli/libnvme/scripts	Docs/researches/sources/virtualization/nvme-cli/libnvme/scripts/current_folder_research.md	5	5	0	ok
sources/virtualization/nvme-cli/libnvme/src	Docs/researches/sources/virtualization/nvme-cli/libnvme/src/current_folder_research.md	3	72	1	ok
sources/virtualization/nvme-cli/libnvme/test	Docs/researches/sources/virtualization/nvme-cli/libnvme/test/current_folder_research.md	21	51	4	ok
sources/virtualization/nvme-cli/libnvme/tools	Docs/researches/sources/virtualization/nvme-cli/libnvme/tools/current_folder_research.md	2	5	1	ok
sources/virtualization/nvme-cli/nvmf-autoconnect/dracut-conf	Docs/researches/sources/virtualization/nvme-cli/nvmf-autoconnect/dracut-conf/current_folder_research.md	1	1	0	ok
sources/virtualization/nvme-cli/nvmf-autoconnect/nm-dispatcher	Docs/researches/sources/virtualization/nvme-cli/nvmf-autoconnect/nm-dispatcher/current_folder_research.md	1	1	0	ok
sources/virtualization/nvme-cli/nvmf-autoconnect/systemd	Docs/researches/sources/virtualization/nvme-cli/nvmf-autoconnect/systemd/current_folder_research.md	5	5	0	ok
sources/virtualization/nvme-cli/nvmf-autoconnect/udev-rules	Docs/researches/sources/virtualization/nvme-cli/nvmf-autoconnect/udev-rules/current_folder_research.md	6	6	0	ok
sources/virtualization/nvme-cli/plugins/amzn	Docs/researches/sources/virtualization/nvme-cli/plugins/amzn/current_folder_research.md	2	2	0	ok
sources/virtualization/nvme-cli/plugins/dapustor	Docs/researches/sources/virtualization/nvme-cli/plugins/dapustor/current_folder_research.md	2	2	0	ok
sources/virtualization/nvme-cli/plugins/dell	Docs/researches/sources/virtualization/nvme-cli/plugins/dell/current_folder_research.md	2	2	0	ok
sources/virtualization/nvme-cli/plugins/dera	Docs/researches/sources/virtualization/nvme-cli/plugins/dera/current_folder_research.md	2	2	0	ok
sources/virtualization/nvme-cli/plugins/fdp	Docs/researches/sources/virtualization/nvme-cli/plugins/fdp/current_folder_research.md	2	2	0	ok
sources/virtualization/nvme-cli/plugins/feat	Docs/researches/sources/virtualization/nvme-cli/plugins/feat/current_folder_research.md	3	3	0	ok
sources/virtualization/nvme-cli/plugins/huawei	Docs/researches/sources/virtualization/nvme-cli/plugins/huawei/current_folder_research.md	2	2	0	ok
sources/virtualization/nvme-cli/plugins/ibm	Docs/researches/sources/virtualization/nvme-cli/plugins/ibm/current_folder_research.md	2	2	0	ok
sources/virtualization/nvme-cli/plugins/innogrit	Docs/researches/sources/virtualization/nvme-cli/plugins/innogrit/current_folder_research.md	3	3	0	ok
sources/virtualization/nvme-cli/plugins/inspur	Docs/researches/sources/virtualization/nvme-cli/plugins/inspur/current_folder_research.md	3	3	0	ok
sources/virtualization/nvme-cli/plugins/intel	Docs/researches/sources/virtualization/nvme-cli/plugins/intel/current_folder_research.md	2	2	0	ok
sources/virtualization/nvme-cli/plugins/lm	Docs/researches/sources/virtualization/nvme-cli/plugins/lm/current_folder_research.md	8	8	0	ok
sources/virtualization/nvme-cli/plugins/mangoboost	Docs/researches/sources/virtualization/nvme-cli/plugins/mangoboost/current_folder_research.md	2	2	0	ok
sources/virtualization/nvme-cli/plugins/memblaze	Docs/researches/sources/virtualization/nvme-cli/plugins/memblaze/current_folder_research.md	3	3	0	ok
sources/virtualization/nvme-cli/plugins/micron	Docs/researches/sources/virtualization/nvme-cli/plugins/micron/current_folder_research.md	2	2	0	ok
sources/virtualization/nvme-cli/plugins/nbft	Docs/researches/sources/virtualization/nvme-cli/plugins/nbft/current_folder_research.md	2	2	0	ok
sources/virtualization/nvme-cli/plugins/netapp	Docs/researches/sources/virtualization/nvme-cli/plugins/netapp/current_folder_research.md	2	2	0	ok
sources/virtualization/nvme-cli/plugins/nvidia	Docs/researches/sources/virtualization/nvme-cli/plugins/nvidia/current_folder_research.md	2	2	0	ok
sources/virtualization/nvme-cli/plugins/ocp	Docs/researches/sources/virtualization/nvme-cli/plugins/ocp/current_folder_research.md	21	21	0	ok
sources/virtualization/nvme-cli/plugins/sandisk	Docs/researches/sources/virtualization/nvme-cli/plugins/sandisk/current_folder_research.md	4	4	0	ok
sources/virtualization/nvme-cli/plugins/scaleflux	Docs/researches/sources/virtualization/nvme-cli/plugins/scaleflux/current_folder_research.md	3	3	0	ok
sources/virtualization/nvme-cli/plugins/seagate	Docs/researches/sources/virtualization/nvme-cli/plugins/seagate/current_folder_research.md	3	3	0	ok
sources/virtualization/nvme-cli/plugins/sed	Docs/researches/sources/virtualization/nvme-cli/plugins/sed/current_folder_research.md	6	6	0	ok
sources/virtualization/nvme-cli/plugins/shannon	Docs/researches/sources/virtualization/nvme-cli/plugins/shannon/current_folder_research.md	2	2	0	ok
sources/virtualization/nvme-cli/plugins/solidigm	Docs/researches/sources/virtualization/nvme-cli/plugins/solidigm/current_folder_research.md	29	51	1	ok
sources/virtualization/nvme-cli/plugins/ssstc	Docs/researches/sources/virtualization/nvme-cli/plugins/ssstc/current_folder_research.md	2	2	0	ok
sources/virtualization/nvme-cli/plugins/toshiba	Docs/researches/sources/virtualization/nvme-cli/plugins/toshiba/current_folder_research.md	2	2	0	ok
sources/virtualization/nvme-cli/plugins/transcend	Docs/researches/sources/virtualization/nvme-cli/plugins/transcend/current_folder_research.md	2	2	0	ok
sources/virtualization/nvme-cli/plugins/virtium	Docs/researches/sources/virtualization/nvme-cli/plugins/virtium/current_folder_research.md	2	2	0	ok
sources/virtualization/nvme-cli/plugins/wdc	Docs/researches/sources/virtualization/nvme-cli/plugins/wdc/current_folder_research.md	5	5	0	ok
sources/virtualization/nvme-cli/plugins/ymtc	Docs/researches/sources/virtualization/nvme-cli/plugins/ymtc/current_folder_research.md	3	3	0	ok
sources/virtualization/nvme-cli/plugins/zns	Docs/researches/sources/virtualization/nvme-cli/plugins/zns/current_folder_research.md	2	2	0	ok
sources/virtualization/open-iscsi/usr/fwparam_ibft	Docs/researches/sources/virtualization/open-iscsi/usr/fwparam_ibft/current_folder_research.md	13	13	0	ok
sources/virtualization/qemu/block/export	Docs/researches/sources/virtualization/qemu/block/export/current_folder_research.md	9	9	0	ok
sources/virtualization/qemu/block/monitor	Docs/researches/sources/virtualization/qemu/block/monitor/current_folder_research.md	3	3	0	ok
sources/virtualization/qemu/hw/virtio	Docs/researches/sources/virtualization/qemu/hw/virtio/current_folder_research.md	80	80	0	ok
sources/virtualization/qemu/tools/ebpf	Docs/researches/sources/virtualization/qemu/tools/ebpf/current_folder_research.md	1	1	0	ok
sources/virtualization/qemu/tools/i386	Docs/researches/sources/virtualization/qemu/tools/i386/current_folder_research.md	2	2	0	ok
sources/virtualization/qemu/tools/qemu-vnc	Docs/researches/sources/virtualization/qemu/tools/qemu-vnc/current_folder_research.md	14	14	0	ok
sources/virtualization/spdk/app/fio	Docs/researches/sources/virtualization/spdk/app/fio/current_folder_research.md	1	7	2	ok
sources/virtualization/spdk/app/iscsi_tgt	Docs/researches/sources/virtualization/spdk/app/iscsi_tgt/current_folder_research.md	2	2	0	ok
sources/virtualization/spdk/app/nvmf_tgt	Docs/researches/sources/virtualization/spdk/app/nvmf_tgt/current_folder_research.md	2	2	0	ok
sources/virtualization/spdk/app/spdk_dd	Docs/researches/sources/virtualization/spdk/app/spdk_dd/current_folder_research.md	2	2	0	ok
sources/virtualization/spdk/app/spdk_lspci	Docs/researches/sources/virtualization/spdk/app/spdk_lspci/current_folder_research.md	2	2	0	ok
sources/virtualization/spdk/app/spdk_nvme_discover	Docs/researches/sources/virtualization/spdk/app/spdk_nvme_discover/current_folder_research.md	2	2	0	ok
sources/virtualization/spdk/app/spdk_nvme_identify	Docs/researches/sources/virtualization/spdk/app/spdk_nvme_identify/current_folder_research.md	2	2	0	ok
sources/virtualization/spdk/app/spdk_nvme_perf	Docs/researches/sources/virtualization/spdk/app/spdk_nvme_perf/current_folder_research.md	2	2	0	ok
sources/virtualization/spdk/app/spdk_tgt	Docs/researches/sources/virtualization/spdk/app/spdk_tgt/current_folder_research.md	2	2	0	ok
sources/virtualization/spdk/app/spdk_top	Docs/researches/sources/virtualization/spdk/app/spdk_top/current_folder_research.md	2	2	0	ok
sources/virtualization/spdk/app/trace	Docs/researches/sources/virtualization/spdk/app/trace/current_folder_research.md	2	2	0	ok
sources/virtualization/spdk/app/trace_record	Docs/researches/sources/virtualization/spdk/app/trace_record/current_folder_research.md	2	2	0	ok
sources/virtualization/spdk/app/vhost	Docs/researches/sources/virtualization/spdk/app/vhost/current_folder_research.md	2	2	0	ok
sources/virtualization/spdk/lib/accel	Docs/researches/sources/virtualization/spdk/lib/accel/current_folder_research.md	5	5	0	ok
sources/virtualization/spdk/lib/ae4dma	Docs/researches/sources/virtualization/spdk/lib/ae4dma/current_folder_research.md	4	4	0	ok
sources/virtualization/spdk/lib/bdev	Docs/researches/sources/virtualization/spdk/lib/bdev/current_folder_research.md	8	8	0	ok
sources/virtualization/spdk/lib/blob	Docs/researches/sources/virtualization/spdk/lib/blob/current_folder_research.md	7	7	0	ok
sources/virtualization/spdk/lib/conf	Docs/researches/sources/virtualization/spdk/lib/conf/current_folder_research.md	2	2	0	ok
sources/virtualization/spdk/lib/dma	Docs/researches/sources/virtualization/spdk/lib/dma/current_folder_research.md	2	2	0	ok
sources/virtualization/spdk/lib/env_dpdk	Docs/researches/sources/virtualization/spdk/lib/env_dpdk/current_folder_research.md	19	28	2	ok
sources/virtualization/spdk/lib/env_ocf	Docs/researches/sources/virtualization/spdk/lib/env_ocf/current_folder_research.md	7	7	0	ok
sources/virtualization/spdk/lib/event	Docs/researches/sources/virtualization/spdk/lib/event/current_folder_research.md	7	7	0	ok
sources/virtualization/spdk/lib/fsdev	Docs/researches/sources/virtualization/spdk/lib/fsdev/current_folder_research.md	5	5	0	ok
sources/virtualization/spdk/lib/ftl	Docs/researches/sources/virtualization/spdk/lib/ftl/current_folder_research.md	36	89	5	ok
sources/virtualization/spdk/lib/fuse_dispatcher	Docs/researches/sources/virtualization/spdk/lib/fuse_dispatcher/current_folder_research.md	2	2	0	ok
sources/virtualization/spdk/lib/idxd	Docs/researches/sources/virtualization/spdk/lib/idxd/current_folder_research.md	5	5	0	ok
sources/virtualization/spdk/lib/init	Docs/researches/sources/virtualization/spdk/lib/init/current_folder_research.md	6	6	0	ok
sources/virtualization/spdk/lib/ioat	Docs/researches/sources/virtualization/spdk/lib/ioat/current_folder_research.md	3	3	0	ok
sources/virtualization/spdk/lib/iscsi	Docs/researches/sources/virtualization/spdk/lib/iscsi/current_folder_research.md	17	17	0	ok
sources/virtualization/spdk/lib/json	Docs/researches/sources/virtualization/spdk/lib/json/current_folder_research.md	4	4	0	ok
sources/virtualization/spdk/lib/jsonrpc	Docs/researches/sources/virtualization/spdk/lib/jsonrpc/current_folder_research.md	6	6	0	ok
sources/virtualization/spdk/lib/keyring	Docs/researches/sources/virtualization/spdk/lib/keyring/current_folder_research.md	4	4	0	ok
sources/virtualization/spdk/lib/log	Docs/researches/sources/virtualization/spdk/lib/log/current_folder_research.md	4	4	0	ok
sources/virtualization/spdk/lib/lvol	Docs/researches/sources/virtualization/spdk/lib/lvol/current_folder_research.md	2	2	0	ok
sources/virtualization/spdk/lib/mlx5	Docs/researches/sources/virtualization/spdk/lib/mlx5/current_folder_research.md	7	7	0	ok
sources/virtualization/spdk/lib/nbd	Docs/researches/sources/virtualization/spdk/lib/nbd/current_folder_research.md	4	4	0	ok
sources/virtualization/spdk/lib/notify	Docs/researches/sources/virtualization/spdk/lib/notify/current_folder_research.md	3	3	0	ok
sources/virtualization/spdk/lib/nvme	Docs/researches/sources/virtualization/spdk/lib/nvme/current_folder_research.md	32	32	0	ok
sources/virtualization/spdk/lib/nvmf	Docs/researches/sources/virtualization/spdk/lib/nvmf/current_folder_research.md	19	19	0	ok
sources/virtualization/spdk/lib/rdma_cm	Docs/researches/sources/virtualization/spdk/lib/rdma_cm/current_folder_research.md	3	3	0	ok
sources/virtualization/spdk/lib/rdma_provider	Docs/researches/sources/virtualization/spdk/lib/rdma_provider/current_folder_research.md	4	4	0	ok
sources/virtualization/spdk/lib/rdma_utils	Docs/researches/sources/virtualization/spdk/lib/rdma_utils/current_folder_research.md	2	2	0	ok
sources/virtualization/spdk/lib/rpc	Docs/researches/sources/virtualization/spdk/lib/rpc/current_folder_research.md	2	2	0	ok
sources/virtualization/spdk/lib/scsi	Docs/researches/sources/virtualization/spdk/lib/scsi/current_folder_research.md	10	10	0	ok
sources/virtualization/spdk/lib/sock	Docs/researches/sources/virtualization/spdk/lib/sock/current_folder_research.md	3	3	0	ok
sources/virtualization/spdk/lib/thread	Docs/researches/sources/virtualization/spdk/lib/thread/current_folder_research.md	4	4	0	ok
sources/virtualization/spdk/lib/trace	Docs/researches/sources/virtualization/spdk/lib/trace/current_folder_research.md	5	5	0	ok
sources/virtualization/spdk/lib/trace_parser	Docs/researches/sources/virtualization/spdk/lib/trace_parser/current_folder_research.md	2	2	0	ok
sources/virtualization/spdk/lib/ublk	Docs/researches/sources/virtualization/spdk/lib/ublk/current_folder_research.md	4	4	0	ok
sources/virtualization/spdk/lib/ut	Docs/researches/sources/virtualization/spdk/lib/ut/current_folder_research.md	2	2	0	ok
sources/virtualization/spdk/lib/ut_mock	Docs/researches/sources/virtualization/spdk/lib/ut_mock/current_folder_research.md	2	2	0	ok
sources/virtualization/spdk/lib/util	Docs/researches/sources/virtualization/spdk/lib/util/current_folder_research.md	28	28	0	ok
sources/virtualization/spdk/lib/vfio_user	Docs/researches/sources/virtualization/spdk/lib/vfio_user/current_folder_research.md	1	5	1	ok
sources/virtualization/spdk/lib/vfu_tgt	Docs/researches/sources/virtualization/spdk/lib/vfu_tgt/current_folder_research.md	4	4	0	ok
sources/virtualization/spdk/lib/vhost	Docs/researches/sources/virtualization/spdk/lib/vhost/current_folder_research.md	7	7	0	ok
sources/virtualization/spdk/lib/virtio	Docs/researches/sources/virtualization/spdk/lib/virtio/current_folder_research.md	5	5	0	ok
sources/virtualization/spdk/lib/vmd	Docs/researches/sources/virtualization/spdk/lib/vmd/current_folder_research.md	5	5	0	ok
sources/virtualization/spdk/module/accel	Docs/researches/sources/virtualization/spdk/module/accel/current_folder_research.md	1	40	9	ok
sources/virtualization/spdk/module/bdev	Docs/researches/sources/virtualization/spdk/module/bdev/current_folder_research.md	1	107	21	ok
sources/virtualization/spdk/module/blob	Docs/researches/sources/virtualization/spdk/module/blob/current_folder_research.md	1	3	1	ok
sources/virtualization/spdk/module/env_dpdk	Docs/researches/sources/virtualization/spdk/module/env_dpdk/current_folder_research.md	2	2	0	ok
sources/virtualization/spdk/module/event	Docs/researches/sources/virtualization/spdk/module/event/current_folder_research.md	1	39	1	ok
sources/virtualization/spdk/module/fsdev	Docs/researches/sources/virtualization/spdk/module/fsdev/current_folder_research.md	1	8	1	ok
sources/virtualization/spdk/module/keyring	Docs/researches/sources/virtualization/spdk/module/keyring/current_folder_research.md	1	8	2	ok
sources/virtualization/spdk/module/scheduler	Docs/researches/sources/virtualization/spdk/module/scheduler/current_folder_research.md	1	7	3	ok
sources/virtualization/spdk/module/sock	Docs/researches/sources/virtualization/spdk/module/sock/current_folder_research.md	1	5	2	ok
sources/virtualization/spdk/module/vfu_device	Docs/researches/sources/virtualization/spdk/module/vfu_device/current_folder_research.md	7	7	0	ok
sources/virtualization/virtiofsd/src/passthrough	Docs/researches/sources/virtualization/virtiofsd/src/passthrough/current_folder_research.md	10	19	2	ok
sources/virtualization/virtiofsd/src/soft_idmap	Docs/researches/sources/virtualization/virtiofsd/src/soft_idmap/current_folder_research.md	3	3	0	ok
sources/windows/dokany/dokan_fuse/include	Docs/researches/sources/windows/dokany/dokan_fuse/include/current_folder_research.md	8	9	1	ok
sources/windows/dokany/dokan_fuse/src	Docs/researches/sources/windows/dokany/dokan_fuse/src/current_folder_research.md	6	6	0	ok
sources/windows/dokany/sys/util	Docs/researches/sources/windows/dokany/sys/util/current_folder_research.md	11	11	0	ok
sources/windows/reactos/drivers/filesystems	Docs/researches/sources/windows/reactos/drivers/filesystems/current_folder_research.md	1	504	12	ok
sources/windows/reactos/ntoskrnl/io	Docs/researches/sources/windows/reactos/ntoskrnl/io/current_folder_research.md	2	45	2	ok
sources/windows/reactos/ntoskrnl/mm	Docs/researches/sources/windows/reactos/ntoskrnl/mm/current_folder_research.md	10	47	4	ok
sources/windows/reactos/sdk/lib	Docs/researches/sources/windows/reactos/sdk/lib/current_folder_research.md	0	57	1	ok
sources/windows/winbtrfs/src/mkbtrfs	Docs/researches/sources/windows/winbtrfs/src/mkbtrfs/current_folder_research.md	3	3	0	ok
sources/windows/winbtrfs/src/shellext	Docs/researches/sources/windows/winbtrfs/src/shellext/current_folder_research.md	27	27	0	ok
sources/windows/winbtrfs/src/tests	Docs/researches/sources/windows/winbtrfs/src/tests/current_folder_research.md	19	19	0	ok
sources/windows/winbtrfs/src/ubtrfs	Docs/researches/sources/windows/winbtrfs/src/ubtrfs/current_folder_research.md	3	3	0	ok
sources/windows/windows-driver-samples/filesys/cdfs	Docs/researches/sources/windows/windows-driver-samples/filesys/cdfs/current_folder_research.md	35	35	0	ok
sources/windows/windows-driver-samples/filesys/fastfat	Docs/researches/sources/windows/windows-driver-samples/filesys/fastfat/current_folder_research.md	40	40	0	ok
sources/windows/windows-driver-samples/filesys/miniFilter	Docs/researches/sources/windows/windows-driver-samples/filesys/miniFilter/current_folder_research.md	0	75	14	ok
sources/windows/winfsp/src/dll	Docs/researches/sources/windows/winfsp/src/dll/current_folder_research.md	20	34	3	ok
sources/windows/winfsp/src/sys	Docs/researches/sources/windows/winfsp/src/sys/current_folder_research.md	38	38	0	ok
sources/block-storage/cryptsetup/lib/crypto_backend/argon2	Docs/researches/sources/block-storage/cryptsetup/lib/crypto_backend/argon2/current_folder_research.md	12	17	1	ok
sources/block-storage/cryptsetup/lib/luks2/hw_opal	Docs/researches/sources/block-storage/cryptsetup/lib/luks2/hw_opal/current_folder_research.md	2	2	0	ok
sources/block-storage/linux-dm/drivers/md/bcache	Docs/researches/sources/block-storage/linux-dm/drivers/md/bcache/current_folder_research.md	33	33	0	ok
sources/block-storage/linux-dm/drivers/md/persistent-data	Docs/researches/sources/block-storage/linux-dm/drivers/md/persistent-data/current_folder_research.md	23	23	0	ok
sources/block-storage/parted/libparted/fs/amiga	Docs/researches/sources/block-storage/parted/libparted/fs/amiga/current_folder_research.md	9	9	0	ok
sources/block-storage/parted/libparted/fs/btrfs	Docs/researches/sources/block-storage/parted/libparted/fs/btrfs/current_folder_research.md	1	1	0	ok
sources/block-storage/parted/libparted/fs/ext2	Docs/researches/sources/block-storage/parted/libparted/fs/ext2/current_folder_research.md	3	3	0	ok
sources/block-storage/parted/libparted/fs/f2fs	Docs/researches/sources/block-storage/parted/libparted/fs/f2fs/current_folder_research.md	2	2	0	ok
sources/block-storage/parted/libparted/fs/fat	Docs/researches/sources/block-storage/parted/libparted/fs/fat/current_folder_research.md	5	5	0	ok
sources/block-storage/parted/libparted/fs/hfs	Docs/researches/sources/block-storage/parted/libparted/fs/hfs/current_folder_research.md	4	4	0	ok
sources/block-storage/parted/libparted/fs/jfs	Docs/researches/sources/block-storage/parted/libparted/fs/jfs/current_folder_research.md	3	3	0	ok
sources/block-storage/parted/libparted/fs/linux_swap	Docs/researches/sources/block-storage/parted/libparted/fs/linux_swap/current_folder_research.md	1	1	0	ok
sources/block-storage/parted/libparted/fs/nilfs2	Docs/researches/sources/block-storage/parted/libparted/fs/nilfs2/current_folder_research.md	1	1	0	ok
sources/block-storage/parted/libparted/fs/ntfs	Docs/researches/sources/block-storage/parted/libparted/fs/ntfs/current_folder_research.md	1	1	0	ok
sources/block-storage/parted/libparted/fs/r	Docs/researches/sources/block-storage/parted/libparted/fs/r/current_folder_research.md	1	40	2	ok
sources/block-storage/parted/libparted/fs/reiserfs	Docs/researches/sources/block-storage/parted/libparted/fs/reiserfs/current_folder_research.md	2	2	0	ok
sources/block-storage/parted/libparted/fs/udf	Docs/researches/sources/block-storage/parted/libparted/fs/udf/current_folder_research.md	1	1	0	ok
sources/block-storage/parted/libparted/fs/ufs	Docs/researches/sources/block-storage/parted/libparted/fs/ufs/current_folder_research.md	1	1	0	ok
sources/block-storage/parted/libparted/fs/xfs	Docs/researches/sources/block-storage/parted/libparted/fs/xfs/current_folder_research.md	4	4	0	ok
sources/block-storage/stratis-cli/src/stratis_cli/_actions	Docs/researches/sources/block-storage/stratis-cli/src/stratis_cli/_actions/current_folder_research.md	19	19	0	ok
sources/block-storage/stratis-cli/src/stratis_cli/_parser	Docs/researches/sources/block-storage/stratis-cli/src/stratis_cli/_parser/current_folder_research.md	9	9	0	ok
sources/block-storage/stratisd/src/bin/stratis-min	Docs/researches/sources/block-storage/stratisd/src/bin/stratis-min/current_folder_research.md	2	2	0	ok
sources/block-storage/stratisd/src/bin/tools	Docs/researches/sources/block-storage/stratisd/src/bin/tools/current_folder_research.md	5	5	0	ok
sources/block-storage/stratisd/src/bin/udev-lib	Docs/researches/sources/block-storage/stratisd/src/bin/udev-lib/current_folder_research.md	2	2	0	ok
sources/block-storage/stratisd/src/bin/utils	Docs/researches/sources/block-storage/stratisd/src/bin/utils/current_folder_research.md	4	8	1	ok
sources/block-storage/stratisd/src/dbus/blockdev	Docs/researches/sources/block-storage/stratisd/src/dbus/blockdev/current_folder_research.md	2	15	10	ok
sources/block-storage/stratisd/src/dbus/filesystem	Docs/researches/sources/block-storage/stratisd/src/dbus/filesystem/current_folder_research.md	2	16	10	ok
sources/block-storage/stratisd/src/dbus/manager	Docs/researches/sources/block-storage/stratisd/src/dbus/manager/current_folder_research.md	1	31	20	ok
sources/block-storage/stratisd/src/dbus/pool	Docs/researches/sources/block-storage/stratisd/src/dbus/pool/current_folder_research.md	2	23	10	ok
sources/block-storage/stratisd/src/engine/sim_engine	Docs/researches/sources/block-storage/stratisd/src/engine/sim_engine/current_folder_research.md	7	7	0	ok
sources/block-storage/stratisd/src/engine/strat_engine	Docs/researches/sources/block-storage/stratisd/src/engine/strat_engine/current_folder_research.md	13	60	7	ok
sources/block-storage/stratisd/src/engine/structures	Docs/researches/sources/block-storage/stratisd/src/engine/structures/current_folder_research.md	3	3	0	ok
sources/block-storage/stratisd/src/engine/types	Docs/researches/sources/block-storage/stratisd/src/engine/types/current_folder_research.md	4	4	0	ok
sources/block-storage/stratisd/src/jsonrpc/client	Docs/researches/sources/block-storage/stratisd/src/jsonrpc/client/current_folder_research.md	7	7	0	ok
sources/block-storage/stratisd/src/jsonrpc/server	Docs/researches/sources/block-storage/stratisd/src/jsonrpc/server/current_folder_research.md	7	7	0	ok
sources/block-storage/stratisd/src/stratis/ipc_support	Docs/researches/sources/block-storage/stratisd/src/stratis/ipc_support/current_folder_research.md	4	4	0	ok
sources/block-storage/thin-provisioning-tools/src/commands/utils	Docs/researches/sources/block-storage/thin-provisioning-tools/src/commands/utils/current_folder_research.md	1	1	0	ok
sources/block-storage/thin-provisioning-tools/src/copier/rescue_copier	Docs/researches/sources/block-storage/thin-provisioning-tools/src/copier/rescue_copier/current_folder_research.md	1	1	0	ok
sources/block-storage/thin-provisioning-tools/src/copier/sync_copier	Docs/researches/sources/block-storage/thin-provisioning-tools/src/copier/sync_copier/current_folder_research.md	1	1	0	ok
sources/block-storage/thin-provisioning-tools/src/io_engine/sync	Docs/researches/sources/block-storage/thin-provisioning-tools/src/io_engine/sync/current_folder_research.md	1	1	0	ok
sources/block-storage/thin-provisioning-tools/src/io_engine/utils	Docs/researches/sources/block-storage/thin-provisioning-tools/src/io_engine/utils/current_folder_research.md	1	1	0	ok
sources/block-storage/thin-provisioning-tools/src/pdata/array	Docs/researches/sources/block-storage/thin-provisioning-tools/src/pdata/array/current_folder_research.md	1	1	0	ok
sources/block-storage/thin-provisioning-tools/src/pdata/array_builder	Docs/researches/sources/block-storage/thin-provisioning-tools/src/pdata/array_builder/current_folder_research.md	2	2	0	ok
sources/block-storage/thin-provisioning-tools/src/pdata/array_walker	Docs/researches/sources/block-storage/thin-provisioning-tools/src/pdata/array_walker/current_folder_research.md	1	1	0	ok
sources/block-storage/thin-provisioning-tools/src/pdata/bitset	Docs/researches/sources/block-storage/thin-provisioning-tools/src/pdata/bitset/current_folder_research.md	1	1	0	ok
sources/block-storage/thin-provisioning-tools/src/pdata/btree	Docs/researches/sources/block-storage/thin-provisioning-tools/src/pdata/btree/current_folder_research.md	1	1	0	ok
sources/block-storage/thin-provisioning-tools/src/pdata/btree_builder	Docs/researches/sources/block-storage/thin-provisioning-tools/src/pdata/btree_builder/current_folder_research.md	2	2	0	ok
sources/block-storage/thin-provisioning-tools/src/pdata/btree_walker	Docs/researches/sources/block-storage/thin-provisioning-tools/src/pdata/btree_walker/current_folder_research.md	1	1	0	ok
sources/block-storage/thin-provisioning-tools/src/pdata/space_map	Docs/researches/sources/block-storage/thin-provisioning-tools/src/pdata/space_map/current_folder_research.md	11	11	0	ok
sources/block-storage/thin-provisioning-tools/src/thin/delta	Docs/researches/sources/block-storage/thin-provisioning-tools/src/thin/delta/current_folder_research.md	1	1	0	ok
sources/block-storage/thin-provisioning-tools/src/thin/metadata_repair	Docs/researches/sources/block-storage/thin-provisioning-tools/src/thin/metadata_repair/current_folder_research.md	1	1	0	ok
sources/block-storage/thin-provisioning-tools/src/thin/migrate	Docs/researches/sources/block-storage/thin-provisioning-tools/src/thin/migrate/current_folder_research.md	5	5	0	ok
sources/block-storage/util-linux/libblkid/src/partitions	Docs/researches/sources/block-storage/util-linux/libblkid/src/partitions/current_folder_research.md	16	16	0	ok
sources/block-storage/util-linux/libblkid/src/superblocks	Docs/researches/sources/block-storage/util-linux/libblkid/src/superblocks/current_folder_research.md	62	62	0	ok
sources/block-storage/util-linux/libblkid/src/topology	Docs/researches/sources/block-storage/util-linux/libblkid/src/topology/current_folder_research.md	8	8	0	ok
sources/block-storage/vdo/utils/vdo/man	Docs/researches/sources/block-storage/vdo/utils/vdo/man/current_folder_research.md	1	1	0	ok
sources/cow-pools/bcachefs-tools/arch/etc/initcpio	Docs/researches/sources/cow-pools/bcachefs-tools/arch/etc/initcpio/current_folder_research.md	0	2	2	ok
sources/cow-pools/bcachefs-tools/bch_bindgen/src/btree	Docs/researches/sources/cow-pools/bcachefs-tools/bch_bindgen/src/btree/current_folder_research.md	1	1	0	ok
sources/cow-pools/bcachefs-tools/bch_bindgen/src/data	Docs/researches/sources/cow-pools/bcachefs-tools/bch_bindgen/src/data/current_folder_research.md	4	4	0	ok
sources/cow-pools/bcachefs-tools/bch_bindgen/src/journal	Docs/researches/sources/cow-pools/bcachefs-tools/bch_bindgen/src/journal/current_folder_research.md	1	1	0	ok
sources/cow-pools/bcachefs-tools/bch_bindgen/src/sb	Docs/researches/sources/cow-pools/bcachefs-tools/bch_bindgen/src/sb/current_folder_research.md	2	2	0	ok
sources/cow-pools/bcachefs-tools/fs/data/ec	Docs/researches/sources/cow-pools/bcachefs-tools/fs/data/ec/current_folder_research.md	10	10	0	ok
sources/cow-pools/bcachefs-tools/fs/data/reconcile	Docs/researches/sources/cow-pools/bcachefs-tools/fs/data/reconcile/current_folder_research.md	8	8	0	ok
sources/cow-pools/bcachefs-tools/include/linux/sched	Docs/researches/sources/cow-pools/bcachefs-tools/include/linux/sched/current_folder_research.md	9	9	0	ok
sources/cow-pools/bcachefs-tools/include/linux/unaligned	Docs/researches/sources/cow-pools/bcachefs-tools/include/linux/unaligned/current_folder_research.md	6	6	0	ok
sources/cow-pools/bcachefs-tools/include/trace/events	Docs/researches/sources/cow-pools/bcachefs-tools/include/trace/events/current_folder_research.md	1	1	0	ok
sources/cow-pools/bcachefs-tools/include/uapi/linux	Docs/researches/sources/cow-pools/bcachefs-tools/include/uapi/linux/current_folder_research.md	2	2	0	ok
sources/cow-pools/bcachefs/fs/bcachefs/alloc	Docs/researches/sources/cow-pools/bcachefs/fs/bcachefs/alloc/current_folder_research.md	30	30	0	ok
sources/cow-pools/bcachefs/fs/bcachefs/btree	Docs/researches/sources/cow-pools/bcachefs/fs/bcachefs/btree/current_folder_research.md	48	48	0	ok
sources/cow-pools/bcachefs/fs/bcachefs/data	Docs/researches/sources/cow-pools/bcachefs/fs/bcachefs/data/current_folder_research.md	40	58	2	ok
sources/cow-pools/bcachefs/fs/bcachefs/debug	Docs/researches/sources/cow-pools/bcachefs/fs/bcachefs/debug/current_folder_research.md	11	11	0	ok
sources/cow-pools/bcachefs/fs/bcachefs/fs	Docs/researches/sources/cow-pools/bcachefs/fs/bcachefs/fs/current_folder_research.md	27	27	0	ok
sources/cow-pools/bcachefs/fs/bcachefs/init	Docs/researches/sources/cow-pools/bcachefs/fs/bcachefs/init/current_folder_research.md	18	18	0	ok
sources/cow-pools/bcachefs/fs/bcachefs/journal	Docs/researches/sources/cow-pools/bcachefs/fs/bcachefs/journal/current_folder_research.md	18	18	0	ok
sources/cow-pools/bcachefs/fs/bcachefs/sb	Docs/researches/sources/cow-pools/bcachefs/fs/bcachefs/sb/current_folder_research.md	20	20	0	ok
sources/cow-pools/bcachefs/fs/bcachefs/snapshots	Docs/researches/sources/cow-pools/bcachefs/fs/bcachefs/snapshots/current_folder_research.md	8	8	0	ok
sources/cow-pools/bcachefs/fs/bcachefs/util	Docs/researches/sources/cow-pools/bcachefs/fs/bcachefs/util/current_folder_research.md	37	37	0	ok
sources/cow-pools/bcachefs/fs/bcachefs/vfs	Docs/researches/sources/cow-pools/bcachefs/fs/bcachefs/vfs/current_folder_research.md	15	15	0	ok
sources/cow-pools/nilfs2-kmod10/include/trace/events	Docs/researches/sources/cow-pools/nilfs2-kmod10/include/trace/events/current_folder_research.md	1	1	0	ok
sources/cow-pools/nilfs2-kmod10/include/uapi/linux	Docs/researches/sources/cow-pools/nilfs2-kmod10/include/uapi/linux/current_folder_research.md	2	2	0	ok
sources/cow-pools/openzfs/cmd/zpool/os	Docs/researches/sources/cow-pools/openzfs/cmd/zpool/os/current_folder_research.md	0	2	2	ok
sources/cow-pools/openzfs/cmd/zpool/zpool.d	Docs/researches/sources/cow-pools/openzfs/cmd/zpool/zpool.d/current_folder_research.md	41	41	0	ok
sources/cow-pools/openzfs/lib/libzfs/os	Docs/researches/sources/cow-pools/openzfs/lib/libzfs/os/current_folder_research.md	0	9	2	ok
sources/cow-pools/openzfs/lib/libzpool/include	Docs/researches/sources/cow-pools/openzfs/lib/libzpool/include/current_folder_research.md	1	7	1	ok
sources/cow-pools/openzfs/module/os/freebsd	Docs/researches/sources/cow-pools/openzfs/module/os/freebsd/current_folder_research.md	0	45	2	ok
sources/cow-pools/openzfs/module/os/linux	Docs/researches/sources/cow-pools/openzfs/module/os/linux/current_folder_research.md	0	53	2	ok
sources/local-fs/btrfs-linux/fs/btrfs/tests	Docs/researches/sources/local-fs/btrfs-linux/fs/btrfs/tests/current_folder_research.md	13	13	0	ok
sources/local-fs/e2fsprogs/lib/ext2fs/tdb	Docs/researches/sources/local-fs/e2fsprogs/lib/ext2fs/tdb/current_folder_research.md	1	1	0	ok
sources/local-fs/gfs2-utils/gfs2/include/linux	Docs/researches/sources/local-fs/gfs2-utils/gfs2/include/linux/current_folder_research.md	2	2	0	ok
sources/local-fs/kdave-linux/fs/btrfs/tests	Docs/researches/sources/local-fs/kdave-linux/fs/btrfs/tests/current_folder_research.md	13	13	0	ok
sources/local-fs/mtd-utils/tests/fs-tests/integrity	Docs/researches/sources/local-fs/mtd-utils/tests/fs-tests/integrity/current_folder_research.md	2	2	0	ok
sources/local-fs/mtd-utils/tests/fs-tests/lib	Docs/researches/sources/local-fs/mtd-utils/tests/fs-tests/lib/current_folder_research.md	3	3	0	ok
sources/local-fs/mtd-utils/tests/fs-tests/simple	Docs/researches/sources/local-fs/mtd-utils/tests/fs-tests/simple/current_folder_research.md	6	6	0	ok
sources/local-fs/mtd-utils/tests/fs-tests/stress	Docs/researches/sources/local-fs/mtd-utils/tests/fs-tests/stress/current_folder_research.md	3	14	1	ok
sources/local-fs/mtd-utils/tests/fs-tests/utils	Docs/researches/sources/local-fs/mtd-utils/tests/fs-tests/utils/current_folder_research.md	3	3	0	ok
sources/os/bsd/dragonflybsd/sys/kern	Docs/researches/sources/os/bsd/dragonflybsd/sys/kern/current_folder_research.md	179	182	2	ok
sources/os/bsd/dragonflybsd/sys/sys	Docs/researches/sources/os/bsd/dragonflybsd/sys/sys/current_folder_research.md	289	289	0	ok
sources/os/bsd/dragonflybsd/sys/vfs	Docs/researches/sources/os/bsd/dragonflybsd/sys/vfs/current_folder_research.md	1	300	21	ok
sources/os/bsd/freebsd-src/sbin/adjkerntz	Docs/researches/sources/os/bsd/freebsd-src/sbin/adjkerntz/current_folder_research.md	3	3	0	ok
sources/os/bsd/freebsd-src/sbin/bectl	Docs/researches/sources/os/bsd/freebsd-src/sbin/bectl/current_folder_research.md	5	7	1	ok
sources/os/bsd/freebsd-src/sbin/bsdlabel	Docs/researches/sources/os/bsd/freebsd-src/sbin/bsdlabel/current_folder_research.md	3	3	0	ok
sources/os/bsd/freebsd-src/sbin/camcontrol	Docs/researches/sources/os/bsd/freebsd-src/sbin/camcontrol/current_folder_research.md	14	14	0	ok
sources/os/bsd/freebsd-src/sbin/ccdconfig	Docs/researches/sources/os/bsd/freebsd-src/sbin/ccdconfig/current_folder_research.md	3	3	0	ok
sources/os/bsd/freebsd-src/sbin/clri	Docs/researches/sources/os/bsd/freebsd-src/sbin/clri/current_folder_research.md	2	2	0	ok
sources/os/bsd/freebsd-src/sbin/comcontrol	Docs/researches/sources/os/bsd/freebsd-src/sbin/comcontrol/current_folder_research.md	2	2	0	ok
sources/os/bsd/freebsd-src/sbin/conscontrol	Docs/researches/sources/os/bsd/freebsd-src/sbin/conscontrol/current_folder_research.md	2	2	0	ok
sources/os/bsd/freebsd-src/sbin/ddb	Docs/researches/sources/os/bsd/freebsd-src/sbin/ddb/current_folder_research.md	6	6	0	ok
sources/os/bsd/freebsd-src/sbin/decryptcore	Docs/researches/sources/os/bsd/freebsd-src/sbin/decryptcore/current_folder_research.md	2	2	0	ok
sources/os/bsd/freebsd-src/sbin/devd	Docs/researches/sources/os/bsd/freebsd-src/sbin/devd/current_folder_research.md	22	24	1	ok
sources/os/bsd/freebsd-src/sbin/devfs	Docs/researches/sources/os/bsd/freebsd-src/sbin/devfs/current_folder_research.md	6	6	0	ok
sources/os/bsd/freebsd-src/sbin/devmatch	Docs/researches/sources/os/bsd/freebsd-src/sbin/devmatch/current_folder_research.md	2	2	0	ok
sources/os/bsd/freebsd-src/sbin/dhclient	Docs/researches/sources/os/bsd/freebsd-src/sbin/dhclient/current_folder_research.md	24	28	1	ok
sources/os/bsd/freebsd-src/sbin/dmesg	Docs/researches/sources/os/bsd/freebsd-src/sbin/dmesg/current_folder_research.md	2	2	0	ok
sources/os/bsd/freebsd-src/sbin/dump	Docs/researches/sources/os/bsd/freebsd-src/sbin/dump/current_folder_research.md	11	11	0	ok
sources/os/bsd/freebsd-src/sbin/dumpfs	Docs/researches/sources/os/bsd/freebsd-src/sbin/dumpfs/current_folder_research.md	2	2	0	ok
sources/os/bsd/freebsd-src/sbin/dumpon	Docs/researches/sources/os/bsd/freebsd-src/sbin/dumpon/current_folder_research.md	2	2	0	ok
sources/os/bsd/freebsd-src/sbin/etherswitchcfg	Docs/researches/sources/os/bsd/freebsd-src/sbin/etherswitchcfg/current_folder_research.md	3	3	0	ok
sources/os/bsd/freebsd-src/sbin/fdisk	Docs/researches/sources/os/bsd/freebsd-src/sbin/fdisk/current_folder_research.md	5	5	0	ok
sources/os/bsd/freebsd-src/sbin/ffsinfo	Docs/researches/sources/os/bsd/freebsd-src/sbin/ffsinfo/current_folder_research.md	2	2	0	ok
sources/os/bsd/freebsd-src/sbin/fsck	Docs/researches/sources/os/bsd/freebsd-src/sbin/fsck/current_folder_research.md	5	5	0	ok
sources/os/bsd/freebsd-src/sbin/fsck_ffs	Docs/researches/sources/os/bsd/freebsd-src/sbin/fsck_ffs/current_folder_research.md	18	18	0	ok
sources/os/bsd/freebsd-src/sbin/fsck_msdosfs	Docs/researches/sources/os/bsd/freebsd-src/sbin/fsck_msdosfs/current_folder_research.md	8	8	0	ok
sources/os/bsd/freebsd-src/sbin/fsdb	Docs/researches/sources/os/bsd/freebsd-src/sbin/fsdb/current_folder_research.md	4	4	0	ok
sources/os/bsd/freebsd-src/sbin/fsirand	Docs/researches/sources/os/bsd/freebsd-src/sbin/fsirand/current_folder_research.md	2	2	0	ok
sources/os/bsd/freebsd-src/sbin/geom	Docs/researches/sources/os/bsd/freebsd-src/sbin/geom/current_folder_research.md	1	5	2	ok
sources/os/bsd/freebsd-src/sbin/ggate	Docs/researches/sources/os/bsd/freebsd-src/sbin/ggate/current_folder_research.md	2	10	4	ok
sources/os/bsd/freebsd-src/sbin/growfs	Docs/researches/sources/os/bsd/freebsd-src/sbin/growfs/current_folder_research.md	4	6	1	ok
sources/os/bsd/freebsd-src/sbin/hastctl	Docs/researches/sources/os/bsd/freebsd-src/sbin/hastctl/current_folder_research.md	2	2	0	ok
sources/os/bsd/freebsd-src/sbin/hastd	Docs/researches/sources/os/bsd/freebsd-src/sbin/hastd/current_folder_research.md	45	45	0	ok
sources/os/bsd/freebsd-src/sbin/ifconfig	Docs/researches/sources/os/bsd/freebsd-src/sbin/ifconfig/current_folder_research.md	27	30	1	ok
sources/os/bsd/freebsd-src/sbin/init	Docs/researches/sources/os/bsd/freebsd-src/sbin/init/current_folder_research.md	3	3	0	ok
sources/os/bsd/freebsd-src/sbin/ipf	Docs/researches/sources/os/bsd/freebsd-src/sbin/ipf/current_folder_research.md	2	206	14	ok
sources/os/bsd/freebsd-src/sbin/ipfw	Docs/researches/sources/os/bsd/freebsd-src/sbin/ipfw/current_folder_research.md	13	16	1	ok
sources/os/bsd/freebsd-src/sbin/kldconfig	Docs/researches/sources/os/bsd/freebsd-src/sbin/kldconfig/current_folder_research.md	2	2	0	ok
sources/os/bsd/freebsd-src/sbin/kldload	Docs/researches/sources/os/bsd/freebsd-src/sbin/kldload/current_folder_research.md	2	2	0	ok
sources/os/bsd/freebsd-src/sbin/kldstat	Docs/researches/sources/os/bsd/freebsd-src/sbin/kldstat/current_folder_research.md	2	2	0	ok
sources/os/bsd/freebsd-src/sbin/kldunload	Docs/researches/sources/os/bsd/freebsd-src/sbin/kldunload/current_folder_research.md	2	2	0	ok
sources/os/bsd/freebsd-src/sbin/ldconfig	Docs/researches/sources/os/bsd/freebsd-src/sbin/ldconfig/current_folder_research.md	4	4	0	ok
sources/os/bsd/freebsd-src/sbin/md5	Docs/researches/sources/os/bsd/freebsd-src/sbin/md5/current_folder_research.md	2	4	1	ok
sources/os/bsd/freebsd-src/sbin/mdconfig	Docs/researches/sources/os/bsd/freebsd-src/sbin/mdconfig/current_folder_research.md	2	4	1	ok
sources/os/bsd/freebsd-src/sbin/mdmfs	Docs/researches/sources/os/bsd/freebsd-src/sbin/mdmfs/current_folder_research.md	2	2	0	ok
sources/os/bsd/freebsd-src/sbin/mknod	Docs/researches/sources/os/bsd/freebsd-src/sbin/mknod/current_folder_research.md	2	2	0	ok
sources/os/bsd/freebsd-src/sbin/mksnap_ffs	Docs/researches/sources/os/bsd/freebsd-src/sbin/mksnap_ffs/current_folder_research.md	2	2	0	ok
sources/os/bsd/freebsd-src/sbin/mount	Docs/researches/sources/os/bsd/freebsd-src/sbin/mount/current_folder_research.md	6	6	0	ok
sources/os/bsd/freebsd-src/sbin/mount_cd9660	Docs/researches/sources/os/bsd/freebsd-src/sbin/mount_cd9660/current_folder_research.md	2	2	0	ok
sources/os/bsd/freebsd-src/sbin/mount_fusefs	Docs/researches/sources/os/bsd/freebsd-src/sbin/mount_fusefs/current_folder_research.md	2	2	0	ok
sources/os/bsd/freebsd-src/sbin/mount_msdosfs	Docs/researches/sources/os/bsd/freebsd-src/sbin/mount_msdosfs/current_folder_research.md	2	2	0	ok
sources/os/bsd/freebsd-src/sbin/mount_nfs	Docs/researches/sources/os/bsd/freebsd-src/sbin/mount_nfs/current_folder_research.md	2	2	0	ok
sources/os/bsd/freebsd-src/sbin/mount_nullfs	Docs/researches/sources/os/bsd/freebsd-src/sbin/mount_nullfs/current_folder_research.md	2	2	0	ok
sources/os/bsd/freebsd-src/sbin/mount_udf	Docs/researches/sources/os/bsd/freebsd-src/sbin/mount_udf/current_folder_research.md	2	2	0	ok
sources/os/bsd/freebsd-src/sbin/mount_unionfs	Docs/researches/sources/os/bsd/freebsd-src/sbin/mount_unionfs/current_folder_research.md	2	2	0	ok
sources/os/bsd/freebsd-src/sbin/natd	Docs/researches/sources/os/bsd/freebsd-src/sbin/natd/current_folder_research.md	4	4	0	ok
sources/os/bsd/freebsd-src/sbin/newfs	Docs/researches/sources/os/bsd/freebsd-src/sbin/newfs/current_folder_research.md	6	6	0	ok
sources/os/bsd/freebsd-src/sbin/newfs_msdos	Docs/researches/sources/os/bsd/freebsd-src/sbin/newfs_msdos/current_folder_research.md	4	5	1	ok
sources/os/bsd/freebsd-src/sbin/nfsiod	Docs/researches/sources/os/bsd/freebsd-src/sbin/nfsiod/current_folder_research.md	2	2	0	ok
sources/os/bsd/freebsd-src/sbin/nos-tun	Docs/researches/sources/os/bsd/freebsd-src/sbin/nos-tun/current_folder_research.md	2	2	0	ok
sources/os/bsd/freebsd-src/sbin/nvmecontrol	Docs/researches/sources/os/bsd/freebsd-src/sbin/nvmecontrol/current_folder_research.md	29	41	2	ok
sources/os/bsd/freebsd-src/sbin/pfctl	Docs/researches/sources/os/bsd/freebsd-src/sbin/pfctl/current_folder_research.md	15	173	1	ok
sources/os/bsd/freebsd-src/sbin/pfilctl	Docs/researches/sources/os/bsd/freebsd-src/sbin/pfilctl/current_folder_research.md	2	2	0	ok
sources/os/bsd/freebsd-src/sbin/pflogd	Docs/researches/sources/os/bsd/freebsd-src/sbin/pflogd/current_folder_research.md	1	1	0	ok
sources/os/bsd/freebsd-src/sbin/pflowctl	Docs/researches/sources/os/bsd/freebsd-src/sbin/pflowctl/current_folder_research.md	2	2	0	ok
sources/os/bsd/freebsd-src/sbin/ping	Docs/researches/sources/os/bsd/freebsd-src/sbin/ping/current_folder_research.md	9	14	1	ok
sources/os/bsd/freebsd-src/sbin/quotacheck	Docs/researches/sources/os/bsd/freebsd-src/sbin/quotacheck/current_folder_research.md	4	4	0	ok
sources/os/bsd/freebsd-src/sbin/rcorder	Docs/researches/sources/os/bsd/freebsd-src/sbin/rcorder/current_folder_research.md	8	8	0	ok
sources/os/bsd/freebsd-src/sbin/reboot	Docs/researches/sources/os/bsd/freebsd-src/sbin/reboot/current_folder_research.md	2	2	0	ok
sources/os/bsd/freebsd-src/sbin/recoverdisk	Docs/researches/sources/os/bsd/freebsd-src/sbin/recoverdisk/current_folder_research.md	2	2	0	ok
sources/os/bsd/freebsd-src/sbin/resolvconf	Docs/researches/sources/os/bsd/freebsd-src/sbin/resolvconf/current_folder_research.md	1	1	0	ok
sources/os/bsd/freebsd-src/sbin/restore	Docs/researches/sources/os/bsd/freebsd-src/sbin/restore/current_folder_research.md	10	10	0	ok
sources/os/bsd/freebsd-src/sbin/route	Docs/researches/sources/os/bsd/freebsd-src/sbin/route/current_folder_research.md	3	5	1	ok
sources/os/bsd/freebsd-src/sbin/routed	Docs/researches/sources/os/bsd/freebsd-src/sbin/routed/current_folder_research.md	14	16	1	ok
sources/os/bsd/freebsd-src/sbin/rtsol	Docs/researches/sources/os/bsd/freebsd-src/sbin/rtsol/current_folder_research.md	1	1	0	ok
sources/os/bsd/freebsd-src/sbin/savecore	Docs/researches/sources/os/bsd/freebsd-src/sbin/savecore/current_folder_research.md	2	5	1	ok
sources/os/bsd/freebsd-src/sbin/setkey	Docs/researches/sources/os/bsd/freebsd-src/sbin/setkey/current_folder_research.md	8	8	0	ok
sources/os/bsd/freebsd-src/sbin/shutdown	Docs/researches/sources/os/bsd/freebsd-src/sbin/shutdown/current_folder_research.md	2	2	0	ok
sources/os/bsd/freebsd-src/sbin/swapon	Docs/researches/sources/os/bsd/freebsd-src/sbin/swapon/current_folder_research.md	2	4	1	ok
sources/os/bsd/freebsd-src/sbin/sysctl	Docs/researches/sources/os/bsd/freebsd-src/sbin/sysctl/current_folder_research.md	3	5	1	ok
sources/os/bsd/freebsd-src/sbin/tests	Docs/researches/sources/os/bsd/freebsd-src/sbin/tests/current_folder_research.md	1	1	0	ok
sources/os/bsd/freebsd-src/sbin/tunefs	Docs/researches/sources/os/bsd/freebsd-src/sbin/tunefs/current_folder_research.md	2	4	1	ok
sources/os/bsd/freebsd-src/sbin/umbctl	Docs/researches/sources/os/bsd/freebsd-src/sbin/umbctl/current_folder_research.md	2	2	0	ok
sources/os/bsd/freebsd-src/sbin/umount	Docs/researches/sources/os/bsd/freebsd-src/sbin/umount/current_folder_research.md	2	2	0	ok
sources/os/bsd/freebsd-src/sbin/veriexec	Docs/researches/sources/os/bsd/freebsd-src/sbin/veriexec/current_folder_research.md	5	5	0	ok
sources/os/bsd/freebsd-src/sbin/zfsbootcfg	Docs/researches/sources/os/bsd/freebsd-src/sbin/zfsbootcfg/current_folder_research.md	2	2	0	ok
sources/os/bsd/freebsd-src/sys/fs	Docs/researches/sources/os/bsd/freebsd-src/sys/fs/current_folder_research.md	0	202	23	ok
sources/os/bsd/freebsd-src/sys/kern	Docs/researches/sources/os/bsd/freebsd-src/sys/kern/current_folder_research.md	247	247	0	ok
sources/os/bsd/freebsd-src/sys/sys	Docs/researches/sources/os/bsd/freebsd-src/sys/sys/current_folder_research.md	380	384	1	ok
sources/os/bsd/freebsd-src/sys/ufs	Docs/researches/sources/os/bsd/freebsd-src/sys/ufs/current_folder_research.md	0	34	2	ok
sources/os/bsd/netbsd-src/lib/csu	Docs/researches/sources/os/bsd/netbsd-src/lib/csu/current_folder_research.md	1	111	2	ok
sources/os/bsd/netbsd-src/lib/i18n_module	Docs/researches/sources/os/bsd/netbsd-src/lib/i18n_module/current_folder_research.md	2	25	23	ok
sources/os/bsd/netbsd-src/lib/libarch	Docs/researches/sources/os/bsd/netbsd-src/lib/libarch/current_folder_research.md	1	26	7	ok
sources/os/bsd/netbsd-src/lib/libbluetooth	Docs/researches/sources/os/bsd/netbsd-src/lib/libbluetooth/current_folder_research.md	16	16	0	ok
sources/os/bsd/netbsd-src/lib/libbpfjit	Docs/researches/sources/os/bsd/netbsd-src/lib/libbpfjit/current_folder_research.md	1	1	0	ok
sources/os/bsd/netbsd-src/lib/libbsdmalloc	Docs/researches/sources/os/bsd/netbsd-src/lib/libbsdmalloc/current_folder_research.md	2	2	0	ok
sources/os/bsd/netbsd-src/lib/libbz2	Docs/researches/sources/os/bsd/netbsd-src/lib/libbz2/current_folder_research.md	1	1	0	ok
sources/os/bsd/netbsd-src/lib/libc	Docs/researches/sources/os/bsd/netbsd-src/lib/libc/current_folder_research.md	3	1814	39	ok
sources/os/bsd/netbsd-src/lib/libc_aligned	Docs/researches/sources/os/bsd/netbsd-src/lib/libc_aligned/current_folder_research.md	1	2	1	ok
sources/os/bsd/netbsd-src/lib/libc_fp	Docs/researches/sources/os/bsd/netbsd-src/lib/libc_fp/current_folder_research.md	2	5	1	ok
sources/os/bsd/netbsd-src/lib/libc_vfp	Docs/researches/sources/os/bsd/netbsd-src/lib/libc_vfp/current_folder_research.md	3	3	0	ok
sources/os/bsd/netbsd-src/lib/libcompat	Docs/researches/sources/os/bsd/netbsd-src/lib/libcompat/current_folder_research.md	1	12	4	ok
sources/os/bsd/netbsd-src/lib/libcrypt	Docs/researches/sources/os/bsd/netbsd-src/lib/libcrypt/current_folder_research.md	13	13	0	ok
sources/os/bsd/netbsd-src/lib/libcurses	Docs/researches/sources/os/bsd/netbsd-src/lib/libcurses/current_folder_research.md	99	109	2	ok
sources/os/bsd/netbsd-src/lib/libdm	Docs/researches/sources/os/bsd/netbsd-src/lib/libdm/current_folder_research.md	3	3	0	ok
sources/os/bsd/netbsd-src/lib/libedit	Docs/researches/sources/os/bsd/netbsd-src/lib/libedit/current_folder_research.md	46	54	2	ok
sources/os/bsd/netbsd-src/lib/libexecinfo	Docs/researches/sources/os/bsd/netbsd-src/lib/libexecinfo/current_folder_research.md	10	10	0	ok
sources/os/bsd/netbsd-src/lib/libform	Docs/researches/sources/os/bsd/netbsd-src/lib/libform/current_folder_research.md	18	18	0	ok
sources/os/bsd/netbsd-src/lib/libintl	Docs/researches/sources/os/bsd/netbsd-src/lib/libintl/current_folder_research.md	12	12	0	ok
sources/os/bsd/netbsd-src/lib/libipsec	Docs/researches/sources/os/bsd/netbsd-src/lib/libipsec/current_folder_research.md	3	3	0	ok
sources/os/bsd/netbsd-src/lib/libisns	Docs/researches/sources/os/bsd/netbsd-src/lib/libisns/current_folder_research.md	17	17	0	ok
sources/os/bsd/netbsd-src/lib/libkern	Docs/researches/sources/os/bsd/netbsd-src/lib/libkern/current_folder_research.md	1	1	0	ok
sources/os/bsd/netbsd-src/lib/libkvm	Docs/researches/sources/os/bsd/netbsd-src/lib/libkvm/current_folder_research.md	30	30	0	ok
sources/os/bsd/netbsd-src/lib/libm	Docs/researches/sources/os/bsd/netbsd-src/lib/libm/current_folder_research.md	2	625	9	ok
sources/os/bsd/netbsd-src/lib/libmenu	Docs/researches/sources/os/bsd/netbsd-src/lib/libmenu/current_folder_research.md	11	11	0	ok
sources/os/bsd/netbsd-src/lib/libnpf	Docs/researches/sources/os/bsd/netbsd-src/lib/libnpf/current_folder_research.md	3	3	0	ok
sources/os/bsd/netbsd-src/lib/libnvmm	Docs/researches/sources/os/bsd/netbsd-src/lib/libnvmm/current_folder_research.md	4	4	0	ok
sources/os/bsd/netbsd-src/lib/libossaudio	Docs/researches/sources/os/bsd/netbsd-src/lib/libossaudio/current_folder_research.md	9	9	0	ok
sources/os/bsd/netbsd-src/lib/libp2k	Docs/researches/sources/os/bsd/netbsd-src/lib/libp2k/current_folder_research.md	3	3	0	ok
sources/os/bsd/netbsd-src/lib/libpam	Docs/researches/sources/os/bsd/netbsd-src/lib/libpam/current_folder_research.md	2	56	3	ok
sources/os/bsd/netbsd-src/lib/libpanel	Docs/researches/sources/os/bsd/netbsd-src/lib/libpanel/current_folder_research.md	19	19	0	ok
sources/os/bsd/netbsd-src/lib/libpci	Docs/researches/sources/os/bsd/netbsd-src/lib/libpci/current_folder_research.md	5	5	0	ok
sources/os/bsd/netbsd-src/lib/libperfuse	Docs/researches/sources/os/bsd/netbsd-src/lib/libperfuse/current_folder_research.md	9	9	0	ok
sources/os/bsd/netbsd-src/lib/libposix	Docs/researches/sources/os/bsd/netbsd-src/lib/libposix/current_folder_research.md	1	2	1	ok
sources/os/bsd/netbsd-src/lib/libppath	Docs/researches/sources/os/bsd/netbsd-src/lib/libppath/current_folder_research.md	2	2	0	ok
sources/os/bsd/netbsd-src/lib/libprop	Docs/researches/sources/os/bsd/netbsd-src/lib/libprop/current_folder_research.md	1	1	0	ok
sources/os/bsd/netbsd-src/lib/libpthread	Docs/researches/sources/os/bsd/netbsd-src/lib/libpthread/current_folder_research.md	29	50	2	ok
sources/os/bsd/netbsd-src/lib/libpuffs	Docs/researches/sources/os/bsd/netbsd-src/lib/libpuffs/current_folder_research.md	17	17	0	ok
sources/os/bsd/netbsd-src/lib/libquota	Docs/researches/sources/os/bsd/netbsd-src/lib/libquota/current_folder_research.md	11	11	0	ok
sources/os/bsd/netbsd-src/lib/libradius	Docs/researches/sources/os/bsd/netbsd-src/lib/libradius/current_folder_research.md	5	5	0	ok
sources/os/bsd/netbsd-src/lib/librefuse	Docs/researches/sources/os/bsd/netbsd-src/lib/librefuse/current_folder_research.md	12	45	1	ok
sources/os/bsd/netbsd-src/lib/libresolv	Docs/researches/sources/os/bsd/netbsd-src/lib/libresolv/current_folder_research.md	14	14	0	ok
sources/os/bsd/netbsd-src/lib/librmt	Docs/researches/sources/os/bsd/netbsd-src/lib/librmt/current_folder_research.md	3	3	0	ok
sources/os/bsd/netbsd-src/lib/librpcsvc	Docs/researches/sources/os/bsd/netbsd-src/lib/librpcsvc/current_folder_research.md	1	1	0	ok
sources/os/bsd/netbsd-src/lib/librt	Docs/researches/sources/os/bsd/netbsd-src/lib/librt/current_folder_research.md	4	5	1	ok
sources/os/bsd/netbsd-src/lib/librump	Docs/researches/sources/os/bsd/netbsd-src/lib/librump/current_folder_research.md	1	1	0	ok
sources/os/bsd/netbsd-src/lib/librumpclient	Docs/researches/sources/os/bsd/netbsd-src/lib/librumpclient/current_folder_research.md	3	3	0	ok
sources/os/bsd/netbsd-src/lib/librumpdev	Docs/researches/sources/os/bsd/netbsd-src/lib/librumpdev/current_folder_research.md	1	1	0	ok
sources/os/bsd/netbsd-src/lib/librumphijack	Docs/researches/sources/os/bsd/netbsd-src/lib/librumphijack/current_folder_research.md	4	4	0	ok
sources/os/bsd/netbsd-src/lib/librumpnet	Docs/researches/sources/os/bsd/netbsd-src/lib/librumpnet/current_folder_research.md	1	1	0	ok
sources/os/bsd/netbsd-src/lib/librumpres	Docs/researches/sources/os/bsd/netbsd-src/lib/librumpres/current_folder_research.md	1	1	0	ok
sources/os/bsd/netbsd-src/lib/librumpuser	Docs/researches/sources/os/bsd/netbsd-src/lib/librumpuser/current_folder_research.md	25	29	1	ok
sources/os/bsd/netbsd-src/lib/librumpvfs	Docs/researches/sources/os/bsd/netbsd-src/lib/librumpvfs/current_folder_research.md	1	1	0	ok
sources/os/bsd/netbsd-src/lib/libskey	Docs/researches/sources/os/bsd/netbsd-src/lib/libskey/current_folder_research.md	5	5	0	ok
sources/os/bsd/netbsd-src/lib/libtelnet	Docs/researches/sources/os/bsd/netbsd-src/lib/libtelnet/current_folder_research.md	19	19	0	ok
sources/os/bsd/netbsd-src/lib/libterminfo	Docs/researches/sources/os/bsd/netbsd-src/lib/libterminfo/current_folder_research.md	18	18	0	ok
sources/os/bsd/netbsd-src/lib/libukfs	Docs/researches/sources/os/bsd/netbsd-src/lib/libukfs/current_folder_research.md	5	5	0	ok
sources/os/bsd/netbsd-src/lib/libusbhid	Docs/researches/sources/os/bsd/netbsd-src/lib/libusbhid/current_folder_research.md	7	7	0	ok
sources/os/bsd/netbsd-src/lib/libutil	Docs/researches/sources/os/bsd/netbsd-src/lib/libutil/current_folder_research.md	35	45	1	ok
sources/os/bsd/netbsd-src/lib/libwrap	Docs/researches/sources/os/bsd/netbsd-src/lib/libwrap/current_folder_research.md	20	20	0	ok
sources/os/bsd/netbsd-src/lib/liby	Docs/researches/sources/os/bsd/netbsd-src/lib/liby/current_folder_research.md	3	3	0	ok
sources/os/bsd/netbsd-src/lib/libz	Docs/researches/sources/os/bsd/netbsd-src/lib/libz/current_folder_research.md	1	1	0	ok
sources/os/bsd/netbsd-src/lib/lua	Docs/researches/sources/os/bsd/netbsd-src/lib/lua/current_folder_research.md	2	11	5	ok
sources/os/bsd/netbsd-src/lib/npf	Docs/researches/sources/os/bsd/netbsd-src/lib/npf/current_folder_research.md	2	10	4	ok
sources/os/bsd/netbsd-src/sys/fs	Docs/researches/sources/os/bsd/netbsd-src/sys/fs/current_folder_research.md	2	265	18	ok
sources/os/bsd/netbsd-src/sys/kern	Docs/researches/sources/os/bsd/netbsd-src/sys/kern/current_folder_research.md	227	227	0	ok
sources/os/bsd/netbsd-src/sys/sys	Docs/researches/sources/os/bsd/netbsd-src/sys/sys/current_folder_research.md	312	312	0	ok
sources/os/bsd/netbsd-src/sys/ufs	Docs/researches/sources/os/bsd/netbsd-src/sys/ufs/current_folder_research.md	1	149	6	ok
sources/os/bsd/openbsd-src/sbin/atactl	Docs/researches/sources/os/bsd/openbsd-src/sbin/atactl/current_folder_research.md	4	4	0	ok
sources/os/bsd/openbsd-src/sbin/badsect	Docs/researches/sources/os/bsd/openbsd-src/sbin/badsect/current_folder_research.md	2	2	0	ok
sources/os/bsd/openbsd-src/sbin/bioctl	Docs/researches/sources/os/bsd/openbsd-src/sbin/bioctl/current_folder_research.md	2	2	0	ok
sources/os/bsd/openbsd-src/sbin/clri	Docs/researches/sources/os/bsd/openbsd-src/sbin/clri/current_folder_research.md	2	2	0	ok
sources/os/bsd/openbsd-src/sbin/dhcp6leased	Docs/researches/sources/os/bsd/openbsd-src/sbin/dhcp6leased/current_folder_research.md	14	14	0	ok
sources/os/bsd/openbsd-src/sbin/dhcpleased	Docs/researches/sources/os/bsd/openbsd-src/sbin/dhcpleased/current_folder_research.md	17	17	0	ok
sources/os/bsd/openbsd-src/sbin/disklabel	Docs/researches/sources/os/bsd/openbsd-src/sbin/disklabel/current_folder_research.md	6	6	0	ok
sources/os/bsd/openbsd-src/sbin/dmesg	Docs/researches/sources/os/bsd/openbsd-src/sbin/dmesg/current_folder_research.md	2	2	0	ok
sources/os/bsd/openbsd-src/sbin/dump	Docs/researches/sources/os/bsd/openbsd-src/sbin/dump/current_folder_research.md	9	9	0	ok
sources/os/bsd/openbsd-src/sbin/dumpfs	Docs/researches/sources/os/bsd/openbsd-src/sbin/dumpfs/current_folder_research.md	2	2	0	ok
sources/os/bsd/openbsd-src/sbin/fdisk	Docs/researches/sources/os/bsd/openbsd-src/sbin/fdisk/current_folder_research.md	16	16	0	ok
sources/os/bsd/openbsd-src/sbin/fsck	Docs/researches/sources/os/bsd/openbsd-src/sbin/fsck/current_folder_research.md	6	6	0	ok
sources/os/bsd/openbsd-src/sbin/fsck_ext2fs	Docs/researches/sources/os/bsd/openbsd-src/sbin/fsck_ext2fs/current_folder_research.md	14	14	0	ok
sources/os/bsd/openbsd-src/sbin/fsck_ffs	Docs/researches/sources/os/bsd/openbsd-src/sbin/fsck_ffs/current_folder_research.md	14	15	1	ok
sources/os/bsd/openbsd-src/sbin/fsck_msdos	Docs/researches/sources/os/bsd/openbsd-src/sbin/fsck_msdos/current_folder_research.md	8	8	0	ok
sources/os/bsd/openbsd-src/sbin/fsdb	Docs/researches/sources/os/bsd/openbsd-src/sbin/fsdb/current_folder_research.md	4	4	0	ok
sources/os/bsd/openbsd-src/sbin/fsirand	Docs/researches/sources/os/bsd/openbsd-src/sbin/fsirand/current_folder_research.md	2	2	0	ok
sources/os/bsd/openbsd-src/sbin/growfs	Docs/researches/sources/os/bsd/openbsd-src/sbin/growfs/current_folder_research.md	2	2	0	ok
sources/os/bsd/openbsd-src/sbin/ifconfig	Docs/researches/sources/os/bsd/openbsd-src/sbin/ifconfig/current_folder_research.md	5	5	0	ok
sources/os/bsd/openbsd-src/sbin/iked	Docs/researches/sources/os/bsd/openbsd-src/sbin/iked/current_folder_research.md	37	37	0	ok
sources/os/bsd/openbsd-src/sbin/init	Docs/researches/sources/os/bsd/openbsd-src/sbin/init/current_folder_research.md	3	3	0	ok
sources/os/bsd/openbsd-src/sbin/ipsecctl	Docs/researches/sources/os/bsd/openbsd-src/sbin/ipsecctl/current_folder_research.md	8	8	0	ok
sources/os/bsd/openbsd-src/sbin/isakmpd	Docs/researches/sources/os/bsd/openbsd-src/sbin/isakmpd/current_folder_research.md	94	95	1	ok
sources/os/bsd/openbsd-src/sbin/kbd	Docs/researches/sources/os/bsd/openbsd-src/sbin/kbd/current_folder_research.md	3	3	0	ok
sources/os/bsd/openbsd-src/sbin/ldattach	Docs/researches/sources/os/bsd/openbsd-src/sbin/ldattach/current_folder_research.md	4	4	0	ok
sources/os/bsd/openbsd-src/sbin/mknod	Docs/researches/sources/os/bsd/openbsd-src/sbin/mknod/current_folder_research.md	2	2	0	ok
sources/os/bsd/openbsd-src/sbin/mount	Docs/researches/sources/os/bsd/openbsd-src/sbin/mount/current_folder_research.md	5	5	0	ok
sources/os/bsd/openbsd-src/sbin/mount_cd9660	Docs/researches/sources/os/bsd/openbsd-src/sbin/mount_cd9660/current_folder_research.md	2	2	0	ok
sources/os/bsd/openbsd-src/sbin/mount_ext2fs	Docs/researches/sources/os/bsd/openbsd-src/sbin/mount_ext2fs/current_folder_research.md	2	2	0	ok
sources/os/bsd/openbsd-src/sbin/mount_ffs	Docs/researches/sources/os/bsd/openbsd-src/sbin/mount_ffs/current_folder_research.md	2	2	0	ok
sources/os/bsd/openbsd-src/sbin/mount_msdos	Docs/researches/sources/os/bsd/openbsd-src/sbin/mount_msdos/current_folder_research.md	2	2	0	ok
sources/os/bsd/openbsd-src/sbin/mount_nfs	Docs/researches/sources/os/bsd/openbsd-src/sbin/mount_nfs/current_folder_research.md	2	2	0	ok
sources/os/bsd/openbsd-src/sbin/mount_ntfs	Docs/researches/sources/os/bsd/openbsd-src/sbin/mount_ntfs/current_folder_research.md	2	2	0	ok
sources/os/bsd/openbsd-src/sbin/mount_tmpfs	Docs/researches/sources/os/bsd/openbsd-src/sbin/mount_tmpfs/current_folder_research.md	3	3	0	ok
sources/os/bsd/openbsd-src/sbin/mount_udf	Docs/researches/sources/os/bsd/openbsd-src/sbin/mount_udf/current_folder_research.md	2	2	0	ok
sources/os/bsd/openbsd-src/sbin/mount_vnd	Docs/researches/sources/os/bsd/openbsd-src/sbin/mount_vnd/current_folder_research.md	2	2	0	ok
sources/os/bsd/openbsd-src/sbin/mountd	Docs/researches/sources/os/bsd/openbsd-src/sbin/mountd/current_folder_research.md	3	3	0	ok
sources/os/bsd/openbsd-src/sbin/ncheck_ffs	Docs/researches/sources/os/bsd/openbsd-src/sbin/ncheck_ffs/current_folder_research.md	2	2	0	ok
sources/os/bsd/openbsd-src/sbin/newfs	Docs/researches/sources/os/bsd/openbsd-src/sbin/newfs/current_folder_research.md	4	4	0	ok
sources/os/bsd/openbsd-src/sbin/newfs_ext2fs	Docs/researches/sources/os/bsd/openbsd-src/sbin/newfs_ext2fs/current_folder_research.md	4	4	0	ok
sources/os/bsd/openbsd-src/sbin/newfs_msdos	Docs/researches/sources/os/bsd/openbsd-src/sbin/newfs_msdos/current_folder_research.md	2	2	0	ok
sources/os/bsd/openbsd-src/sbin/nfsd	Docs/researches/sources/os/bsd/openbsd-src/sbin/nfsd/current_folder_research.md	2	2	0	ok
sources/os/bsd/openbsd-src/sbin/nologin	Docs/researches/sources/os/bsd/openbsd-src/sbin/nologin/current_folder_research.md	2	2	0	ok
sources/os/bsd/openbsd-src/sbin/pdisk	Docs/researches/sources/os/bsd/openbsd-src/sbin/pdisk/current_folder_research.md	10	10	0	ok
sources/os/bsd/openbsd-src/sbin/pfctl	Docs/researches/sources/os/bsd/openbsd-src/sbin/pfctl/current_folder_research.md	12	12	0	ok
sources/os/bsd/openbsd-src/sbin/pflogd	Docs/researches/sources/os/bsd/openbsd-src/sbin/pflogd/current_folder_research.md	5	5	0	ok
sources/os/bsd/openbsd-src/sbin/ping	Docs/researches/sources/os/bsd/openbsd-src/sbin/ping/current_folder_research.md	2	2	0	ok
sources/os/bsd/openbsd-src/sbin/quotacheck	Docs/researches/sources/os/bsd/openbsd-src/sbin/quotacheck/current_folder_research.md	2	2	0	ok
sources/os/bsd/openbsd-src/sbin/reboot	Docs/researches/sources/os/bsd/openbsd-src/sbin/reboot/current_folder_research.md	2	2	0	ok
sources/os/bsd/openbsd-src/sbin/resolvd	Docs/researches/sources/os/bsd/openbsd-src/sbin/resolvd/current_folder_research.md	2	2	0	ok
sources/os/bsd/openbsd-src/sbin/restore	Docs/researches/sources/os/bsd/openbsd-src/sbin/restore/current_folder_research.md	10	10	0	ok
sources/os/bsd/openbsd-src/sbin/route	Docs/researches/sources/os/bsd/openbsd-src/sbin/route/current_folder_research.md	6	6	0	ok
sources/os/bsd/openbsd-src/sbin/savecore	Docs/researches/sources/os/bsd/openbsd-src/sbin/savecore/current_folder_research.md	4	4	0	ok
sources/os/bsd/openbsd-src/sbin/scan_ffs	Docs/researches/sources/os/bsd/openbsd-src/sbin/scan_ffs/current_folder_research.md	2	2	0	ok
sources/os/bsd/openbsd-src/sbin/scsi	Docs/researches/sources/os/bsd/openbsd-src/sbin/scsi/current_folder_research.md	4	4	0	ok
sources/os/bsd/openbsd-src/sbin/shutdown	Docs/researches/sources/os/bsd/openbsd-src/sbin/shutdown/current_folder_research.md	3	3	0	ok
sources/os/bsd/openbsd-src/sbin/slaacd	Docs/researches/sources/os/bsd/openbsd-src/sbin/slaacd/current_folder_research.md	11	11	0	ok
sources/os/bsd/openbsd-src/sbin/swapctl	Docs/researches/sources/os/bsd/openbsd-src/sbin/swapctl/current_folder_research.md	4	4	0	ok
sources/os/bsd/openbsd-src/sbin/sysctl	Docs/researches/sources/os/bsd/openbsd-src/sbin/sysctl/current_folder_research.md	2	2	0	ok
sources/os/bsd/openbsd-src/sbin/ttyflags	Docs/researches/sources/os/bsd/openbsd-src/sbin/ttyflags/current_folder_research.md	2	2	0	ok
sources/os/bsd/openbsd-src/sbin/tunefs	Docs/researches/sources/os/bsd/openbsd-src/sbin/tunefs/current_folder_research.md	2	2	0	ok
sources/os/bsd/openbsd-src/sbin/umount	Docs/researches/sources/os/bsd/openbsd-src/sbin/umount/current_folder_research.md	2	2	0	ok
sources/os/bsd/openbsd-src/sbin/unwind	Docs/researches/sources/os/bsd/openbsd-src/sbin/unwind/current_folder_research.md	15	198	1	ok
sources/os/bsd/openbsd-src/sbin/vnconfig	Docs/researches/sources/os/bsd/openbsd-src/sbin/vnconfig/current_folder_research.md	2	2	0	ok
sources/os/bsd/openbsd-src/sbin/wsconsctl	Docs/researches/sources/os/bsd/openbsd-src/sbin/wsconsctl/current_folder_research.md	13	13	0	ok
sources/os/bsd/openbsd-src/sys/kern	Docs/researches/sources/os/bsd/openbsd-src/sys/kern/current_folder_research.md	108	108	0	ok
sources/os/bsd/openbsd-src/sys/miscfs	Docs/researches/sources/os/bsd/openbsd-src/sys/miscfs/current_folder_research.md	0	12	3	ok
sources/os/bsd/openbsd-src/sys/sys	Docs/researches/sources/os/bsd/openbsd-src/sys/sys/current_folder_research.md	146	146	0	ok
sources/os/bsd/openbsd-src/sys/ufs	Docs/researches/sources/os/bsd/openbsd-src/sys/ufs/current_folder_research.md	0	45	4	ok
sources/os/darwin/xnu/bsd/vfs	Docs/researches/sources/os/darwin/xnu/bsd/vfs/current_folder_research.md	33	33	0	ok
sources/os/illumos/illumos-gate/usr/src	Docs/researches/sources/os/illumos/illumos-gate/usr/src/current_folder_research.md	0	2206	2	ok
sources/os/linux/linux-stable/fs/9p	Docs/researches/sources/os/linux/linux-stable/fs/9p/current_folder_research.md	20	20	0	ok
sources/os/linux/linux-stable/fs/adfs	Docs/researches/sources/os/linux/linux-stable/fs/adfs/current_folder_research.md	12	12	0	ok
sources/os/linux/linux-stable/fs/affs	Docs/researches/sources/os/linux/linux-stable/fs/affs/current_folder_research.md	12	12	0	ok
sources/os/linux/linux-stable/fs/afs	Docs/researches/sources/os/linux/linux-stable/fs/afs/current_folder_research.md	49	49	0	ok
sources/os/linux/linux-stable/fs/autofs	Docs/researches/sources/os/linux/linux-stable/fs/autofs/current_folder_research.md	10	10	0	ok
sources/os/linux/linux-stable/fs/befs	Docs/researches/sources/os/linux/linux-stable/fs/befs/current_folder_research.md	17	17	0	ok
sources/os/linux/linux-stable/fs/bfs	Docs/researches/sources/os/linux/linux-stable/fs/bfs/current_folder_research.md	6	6	0	ok
sources/os/linux/linux-stable/fs/btrfs	Docs/researches/sources/os/linux/linux-stable/fs/btrfs/current_folder_research.md	130	143	1	ok
sources/os/linux/linux-stable/fs/cachefiles	Docs/researches/sources/os/linux/linux-stable/fs/cachefiles/current_folder_research.md	15	15	0	ok
sources/os/linux/linux-stable/fs/ceph	Docs/researches/sources/os/linux/linux-stable/fs/ceph/current_folder_research.md	35	35	0	ok
sources/os/linux/linux-stable/fs/coda	Docs/researches/sources/os/linux/linux-stable/fs/coda/current_folder_research.md	18	18	0	ok
sources/os/linux/linux-stable/fs/configfs	Docs/researches/sources/os/linux/linux-stable/fs/configfs/current_folder_research.md	9	9	0	ok
sources/os/linux/linux-stable/fs/cramfs	Docs/researches/sources/os/linux/linux-stable/fs/cramfs/current_folder_research.md	5	5	0	ok
sources/os/linux/linux-stable/fs/crypto	Docs/researches/sources/os/linux/linux-stable/fs/crypto/current_folder_research.md	13	13	0	ok
sources/os/linux/linux-stable/fs/debugfs	Docs/researches/sources/os/linux/linux-stable/fs/debugfs/current_folder_research.md	4	4	0	ok
sources/os/linux/linux-stable/fs/devpts	Docs/researches/sources/os/linux/linux-stable/fs/devpts/current_folder_research.md	2	2	0	ok
sources/os/linux/linux-stable/fs/dlm	Docs/researches/sources/os/linux/linux-stable/fs/dlm/current_folder_research.md	37	37	0	ok
sources/os/linux/linux-stable/fs/ecryptfs	Docs/researches/sources/os/linux/linux-stable/fs/ecryptfs/current_folder_research.md	16	16	0	ok
sources/os/linux/linux-stable/fs/efivarfs	Docs/researches/sources/os/linux/linux-stable/fs/efivarfs/current_folder_research.md	7	7	0	ok
sources/os/linux/linux-stable/fs/efs	Docs/researches/sources/os/linux/linux-stable/fs/efs/current_folder_research.md	9	9	0	ok
sources/os/linux/linux-stable/fs/erofs	Docs/researches/sources/os/linux/linux-stable/fs/erofs/current_folder_research.md	24	24	0	ok
sources/os/linux/linux-stable/fs/exfat	Docs/researches/sources/os/linux/linux-stable/fs/exfat/current_folder_research.md	14	14	0	ok
sources/os/linux/linux-stable/fs/exportfs	Docs/researches/sources/os/linux/linux-stable/fs/exportfs/current_folder_research.md	2	2	0	ok
sources/os/linux/linux-stable/fs/ext2	Docs/researches/sources/os/linux/linux-stable/fs/ext2/current_folder_research.md	21	21	0	ok
sources/os/linux/linux-stable/fs/ext4	Docs/researches/sources/os/linux/linux-stable/fs/ext4/current_folder_research.md	52	52	0	ok
sources/os/linux/linux-stable/fs/f2fs	Docs/researches/sources/os/linux/linux-stable/fs/f2fs/current_folder_research.md	31	31	0	ok
sources/os/linux/linux-stable/fs/fat	Docs/researches/sources/os/linux/linux-stable/fs/fat/current_folder_research.md	13	13	0	ok
sources/os/linux/linux-stable/fs/freevxfs	Docs/researches/sources/os/linux/linux-stable/fs/freevxfs/current_folder_research.md	16	16	0	ok
sources/os/linux/linux-stable/fs/fuse	Docs/researches/sources/os/linux/linux-stable/fs/fuse/current_folder_research.md	24	24	0	ok
sources/os/linux/linux-stable/fs/gfs2	Docs/researches/sources/os/linux/linux-stable/fs/gfs2/current_folder_research.md	47	47	0	ok
sources/os/linux/linux-stable/fs/hfs	Docs/researches/sources/os/linux/linux-stable/fs/hfs/current_folder_research.md	22	22	0	ok
sources/os/linux/linux-stable/fs/hfsplus	Docs/researches/sources/os/linux/linux-stable/fs/hfsplus/current_folder_research.md	27	27	0	ok
sources/os/linux/linux-stable/fs/hostfs	Docs/researches/sources/os/linux/linux-stable/fs/hostfs/current_folder_research.md	5	5	0	ok
sources/os/linux/linux-stable/fs/hpfs	Docs/researches/sources/os/linux/linux-stable/fs/hpfs/current_folder_research.md	17	17	0	ok
sources/os/linux/linux-stable/fs/hugetlbfs	Docs/researches/sources/os/linux/linux-stable/fs/hugetlbfs/current_folder_research.md	2	2	0	ok
sources/os/linux/linux-stable/fs/iomap	Docs/researches/sources/os/linux/linux-stable/fs/iomap/current_folder_research.md	12	12	0	ok
sources/os/linux/linux-stable/fs/isofs	Docs/researches/sources/os/linux/linux-stable/fs/isofs/current_folder_research.md	13	13	0	ok
sources/os/linux/linux-stable/fs/jbd2	Docs/researches/sources/os/linux/linux-stable/fs/jbd2/current_folder_research.md	8	8	0	ok
sources/os/linux/linux-stable/fs/jffs2	Docs/researches/sources/os/linux/linux-stable/fs/jffs2/current_folder_research.md	42	42	0	ok
sources/os/linux/linux-stable/fs/jfs	Docs/researches/sources/os/linux/linux-stable/fs/jfs/current_folder_research.md	46	46	0	ok
sources/os/linux/linux-stable/fs/kernfs	Docs/researches/sources/os/linux/linux-stable/fs/kernfs/current_folder_research.md	8	8	0	ok
sources/os/linux/linux-stable/fs/lockd	Docs/researches/sources/os/linux/linux-stable/fs/lockd/current_folder_research.md	28	28	0	ok
sources/os/linux/linux-stable/fs/minix	Docs/researches/sources/os/linux/linux-stable/fs/minix/current_folder_research.md	11	11	0	ok
sources/os/linux/linux-stable/fs/netfs	Docs/researches/sources/os/linux/linux-stable/fs/netfs/current_folder_research.md	29	29	0	ok
sources/os/linux/linux-stable/fs/nfs	Docs/researches/sources/os/linux/linux-stable/fs/nfs/current_folder_research.md	79	93	3	ok
sources/os/linux/linux-stable/fs/nfs_common	Docs/researches/sources/os/linux/linux-stable/fs/nfs_common/current_folder_research.md	8	8	0	ok
sources/os/linux/linux-stable/fs/nfsd	Docs/researches/sources/os/linux/linux-stable/fs/nfsd/current_folder_research.md	58	58	0	ok
sources/os/linux/linux-stable/fs/nilfs2	Docs/researches/sources/os/linux/linux-stable/fs/nilfs2/current_folder_research.md	42	42	0	ok
sources/os/linux/linux-stable/fs/nls	Docs/researches/sources/os/linux/linux-stable/fs/nls/current_folder_research.md	57	57	0	ok
sources/os/linux/linux-stable/fs/notify	Docs/researches/sources/os/linux/linux-stable/fs/notify/current_folder_research.md	9	22	3	ok
sources/os/linux/linux-stable/fs/ntfs	Docs/researches/sources/os/linux/linux-stable/fs/ntfs/current_folder_research.md	52	52	0	ok
sources/os/linux/linux-stable/fs/ntfs3	Docs/researches/sources/os/linux/linux-stable/fs/ntfs3/current_folder_research.md	23	28	1	ok
sources/os/linux/linux-stable/fs/ocfs2	Docs/researches/sources/os/linux/linux-stable/fs/ocfs2/current_folder_research.md	78	114	3	ok
sources/os/linux/linux-stable/fs/omfs	Docs/researches/sources/os/linux/linux-stable/fs/omfs/current_folder_research.md	8	8	0	ok
sources/os/linux/linux-stable/fs/openpromfs	Docs/researches/sources/os/linux/linux-stable/fs/openpromfs/current_folder_research.md	2	2	0	ok
sources/os/linux/linux-stable/fs/orangefs	Docs/researches/sources/os/linux/linux-stable/fs/orangefs/current_folder_research.md	28	28	0	ok
sources/os/linux/linux-stable/fs/overlayfs	Docs/researches/sources/os/linux/linux-stable/fs/overlayfs/current_folder_research.md	16	16	0	ok
sources/os/linux/linux-stable/fs/proc	Docs/researches/sources/os/linux/linux-stable/fs/proc/current_folder_research.md	36	36	0	ok
sources/os/linux/linux-stable/fs/pstore	Docs/researches/sources/os/linux/linux-stable/fs/pstore/current_folder_research.md	12	12	0	ok
sources/os/linux/linux-stable/fs/qnx4	Docs/researches/sources/os/linux/linux-stable/fs/qnx4/current_folder_research.md	7	7	0	ok
sources/os/linux/linux-stable/fs/qnx6	Docs/researches/sources/os/linux/linux-stable/fs/qnx6/current_folder_research.md	7	7	0	ok
sources/os/linux/linux-stable/fs/quota	Docs/researches/sources/os/linux/linux-stable/fs/quota/current_folder_research.md	13	13	0	ok
sources/os/linux/linux-stable/fs/ramfs	Docs/researches/sources/os/linux/linux-stable/fs/ramfs/current_folder_research.md	5	5	0	ok
sources/os/linux/linux-stable/fs/resctrl	Docs/researches/sources/os/linux/linux-stable/fs/resctrl/current_folder_research.md	8	8	0	ok
sources/os/linux/linux-stable/fs/romfs	Docs/researches/sources/os/linux/linux-stable/fs/romfs/current_folder_research.md	6	6	0	ok
sources/os/linux/linux-stable/fs/smb	Docs/researches/sources/os/linux/linux-stable/fs/smb/current_folder_research.md	2	175	4	ok
sources/os/linux/linux-stable/fs/squashfs	Docs/researches/sources/os/linux/linux-stable/fs/squashfs/current_folder_research.md	34	34	0	ok
sources/os/linux/linux-stable/fs/sysfs	Docs/researches/sources/os/linux/linux-stable/fs/sysfs/current_folder_research.md	8	8	0	ok
sources/os/linux/linux-stable/fs/tests	Docs/researches/sources/os/linux/linux-stable/fs/tests/current_folder_research.md	2	2	0	ok
sources/os/linux/linux-stable/fs/tracefs	Docs/researches/sources/os/linux/linux-stable/fs/tracefs/current_folder_research.md	4	4	0	ok
sources/os/linux/linux-stable/fs/ubifs	Docs/researches/sources/os/linux/linux-stable/fs/ubifs/current_folder_research.md	38	38	0	ok
sources/os/linux/linux-stable/fs/udf	Docs/researches/sources/os/linux/linux-stable/fs/udf/current_folder_research.md	23	23	0	ok
sources/os/linux/linux-stable/fs/ufs	Docs/researches/sources/os/linux/linux-stable/fs/ufs/current_folder_research.md	15	15	0	ok
sources/os/linux/linux-stable/fs/unicode	Docs/researches/sources/os/linux/linux-stable/fs/unicode/current_folder_research.md	6	7	1	ok
sources/os/linux/linux-stable/fs/vboxsf	Docs/researches/sources/os/linux/linux-stable/fs/vboxsf/current_folder_research.md	9	9	0	ok
sources/os/linux/linux-stable/fs/verity	Docs/researches/sources/os/linux/linux-stable/fs/verity/current_folder_research.md	12	12	0	ok
sources/os/linux/linux-stable/fs/xfs	Docs/researches/sources/os/linux/linux-stable/fs/xfs/current_folder_research.md	145	355	2	ok
sources/os/linux/linux-stable/fs/zonefs	Docs/researches/sources/os/linux/linux-stable/fs/zonefs/current_folder_research.md	7	7	0	ok
sources/os/linux/linux/block/partitions	Docs/researches/sources/os/linux/linux/block/partitions/current_folder_research.md	25	25	0	ok
sources/os/linux/linux/fs/9p	Docs/researches/sources/os/linux/linux/fs/9p/current_folder_research.md	20	20	0	ok
sources/os/linux/linux/fs/adfs	Docs/researches/sources/os/linux/linux/fs/adfs/current_folder_research.md	12	12	0	ok
sources/os/linux/linux/fs/affs	Docs/researches/sources/os/linux/linux/fs/affs/current_folder_research.md	12	12	0	ok
sources/os/linux/linux/fs/afs	Docs/researches/sources/os/linux/linux/fs/afs/current_folder_research.md	49	49	0	ok
sources/os/linux/linux/fs/autofs	Docs/researches/sources/os/linux/linux/fs/autofs/current_folder_research.md	10	10	0	ok
sources/os/linux/linux/fs/befs	Docs/researches/sources/os/linux/linux/fs/befs/current_folder_research.md	17	17	0	ok
sources/os/linux/linux/fs/bfs	Docs/researches/sources/os/linux/linux/fs/bfs/current_folder_research.md	6	6	0	ok
sources/os/linux/linux/fs/btrfs	Docs/researches/sources/os/linux/linux/fs/btrfs/current_folder_research.md	130	143	1	ok
sources/os/linux/linux/fs/cachefiles	Docs/researches/sources/os/linux/linux/fs/cachefiles/current_folder_research.md	15	15	0	ok
sources/os/linux/linux/fs/ceph	Docs/researches/sources/os/linux/linux/fs/ceph/current_folder_research.md	35	35	0	ok
sources/os/linux/linux/fs/coda	Docs/researches/sources/os/linux/linux/fs/coda/current_folder_research.md	18	18	0	ok
sources/os/linux/linux/fs/configfs	Docs/researches/sources/os/linux/linux/fs/configfs/current_folder_research.md	9	9	0	ok
sources/os/linux/linux/fs/cramfs	Docs/researches/sources/os/linux/linux/fs/cramfs/current_folder_research.md	5	5	0	ok
sources/os/linux/linux/fs/crypto	Docs/researches/sources/os/linux/linux/fs/crypto/current_folder_research.md	13	13	0	ok
sources/os/linux/linux/fs/debugfs	Docs/researches/sources/os/linux/linux/fs/debugfs/current_folder_research.md	4	4	0	ok
sources/os/linux/linux/fs/devpts	Docs/researches/sources/os/linux/linux/fs/devpts/current_folder_research.md	2	2	0	ok
sources/os/linux/linux/fs/dlm	Docs/researches/sources/os/linux/linux/fs/dlm/current_folder_research.md	37	37	0	ok
sources/os/linux/linux/fs/ecryptfs	Docs/researches/sources/os/linux/linux/fs/ecryptfs/current_folder_research.md	16	16	0	ok
sources/os/linux/linux/fs/efivarfs	Docs/researches/sources/os/linux/linux/fs/efivarfs/current_folder_research.md	7	7	0	ok
sources/os/linux/linux/fs/efs	Docs/researches/sources/os/linux/linux/fs/efs/current_folder_research.md	9	9	0	ok
sources/os/linux/linux/fs/erofs	Docs/researches/sources/os/linux/linux/fs/erofs/current_folder_research.md	24	24	0	ok
sources/os/linux/linux/fs/exfat	Docs/researches/sources/os/linux/linux/fs/exfat/current_folder_research.md	14	14	0	ok
sources/os/linux/linux/fs/exportfs	Docs/researches/sources/os/linux/linux/fs/exportfs/current_folder_research.md	2	2	0	ok
sources/os/linux/linux/fs/ext2	Docs/researches/sources/os/linux/linux/fs/ext2/current_folder_research.md	21	21	0	ok
sources/os/linux/linux/fs/ext4	Docs/researches/sources/os/linux/linux/fs/ext4/current_folder_research.md	52	52	0	ok
sources/os/linux/linux/fs/f2fs	Docs/researches/sources/os/linux/linux/fs/f2fs/current_folder_research.md	31	31	0	ok
sources/os/linux/linux/fs/fat	Docs/researches/sources/os/linux/linux/fs/fat/current_folder_research.md	13	13	0	ok
sources/os/linux/linux/fs/freevxfs	Docs/researches/sources/os/linux/linux/fs/freevxfs/current_folder_research.md	16	16	0	ok
sources/os/linux/linux/fs/fuse	Docs/researches/sources/os/linux/linux/fs/fuse/current_folder_research.md	24	24	0	ok
sources/os/linux/linux/fs/gfs2	Docs/researches/sources/os/linux/linux/fs/gfs2/current_folder_research.md	47	47	0	ok
sources/os/linux/linux/fs/hfs	Docs/researches/sources/os/linux/linux/fs/hfs/current_folder_research.md	22	22	0	ok
sources/os/linux/linux/fs/hfsplus	Docs/researches/sources/os/linux/linux/fs/hfsplus/current_folder_research.md	27	27	0	ok
sources/os/linux/linux/fs/hostfs	Docs/researches/sources/os/linux/linux/fs/hostfs/current_folder_research.md	5	5	0	ok
sources/os/linux/linux/fs/hpfs	Docs/researches/sources/os/linux/linux/fs/hpfs/current_folder_research.md	17	17	0	ok
sources/os/linux/linux/fs/hugetlbfs	Docs/researches/sources/os/linux/linux/fs/hugetlbfs/current_folder_research.md	2	2	0	ok
sources/os/linux/linux/fs/iomap	Docs/researches/sources/os/linux/linux/fs/iomap/current_folder_research.md	12	12	0	ok
sources/os/linux/linux/fs/isofs	Docs/researches/sources/os/linux/linux/fs/isofs/current_folder_research.md	13	13	0	ok
sources/os/linux/linux/fs/jbd2	Docs/researches/sources/os/linux/linux/fs/jbd2/current_folder_research.md	8	8	0	ok
sources/os/linux/linux/fs/jffs2	Docs/researches/sources/os/linux/linux/fs/jffs2/current_folder_research.md	42	42	0	ok
sources/os/linux/linux/fs/jfs	Docs/researches/sources/os/linux/linux/fs/jfs/current_folder_research.md	46	46	0	ok
sources/os/linux/linux/fs/kernfs	Docs/researches/sources/os/linux/linux/fs/kernfs/current_folder_research.md	8	8	0	ok
sources/os/linux/linux/fs/lockd	Docs/researches/sources/os/linux/linux/fs/lockd/current_folder_research.md	28	28	0	ok
sources/os/linux/linux/fs/minix	Docs/researches/sources/os/linux/linux/fs/minix/current_folder_research.md	11	11	0	ok
sources/os/linux/linux/fs/netfs	Docs/researches/sources/os/linux/linux/fs/netfs/current_folder_research.md	29	29	0	ok
sources/os/linux/linux/fs/nfs	Docs/researches/sources/os/linux/linux/fs/nfs/current_folder_research.md	79	93	3	ok
sources/os/linux/linux/fs/nfs_common	Docs/researches/sources/os/linux/linux/fs/nfs_common/current_folder_research.md	8	8	0	ok
sources/os/linux/linux/fs/nfsd	Docs/researches/sources/os/linux/linux/fs/nfsd/current_folder_research.md	58	58	0	ok
sources/os/linux/linux/fs/nilfs2	Docs/researches/sources/os/linux/linux/fs/nilfs2/current_folder_research.md	42	42	0	ok
sources/os/linux/linux/fs/nls	Docs/researches/sources/os/linux/linux/fs/nls/current_folder_research.md	57	57	0	ok
sources/os/linux/linux/fs/notify	Docs/researches/sources/os/linux/linux/fs/notify/current_folder_research.md	9	22	3	ok
sources/os/linux/linux/fs/ntfs	Docs/researches/sources/os/linux/linux/fs/ntfs/current_folder_research.md	52	52	0	ok
sources/os/linux/linux/fs/ntfs3	Docs/researches/sources/os/linux/linux/fs/ntfs3/current_folder_research.md	23	28	1	ok
sources/os/linux/linux/fs/ocfs2	Docs/researches/sources/os/linux/linux/fs/ocfs2/current_folder_research.md	78	114	3	ok
sources/os/linux/linux/fs/omfs	Docs/researches/sources/os/linux/linux/fs/omfs/current_folder_research.md	8	8	0	ok
sources/os/linux/linux/fs/openpromfs	Docs/researches/sources/os/linux/linux/fs/openpromfs/current_folder_research.md	2	2	0	ok
sources/os/linux/linux/fs/orangefs	Docs/researches/sources/os/linux/linux/fs/orangefs/current_folder_research.md	28	28	0	ok
sources/os/linux/linux/fs/overlayfs	Docs/researches/sources/os/linux/linux/fs/overlayfs/current_folder_research.md	16	16	0	ok
sources/os/linux/linux/fs/proc	Docs/researches/sources/os/linux/linux/fs/proc/current_folder_research.md	36	36	0	ok
sources/os/linux/linux/fs/pstore	Docs/researches/sources/os/linux/linux/fs/pstore/current_folder_research.md	12	12	0	ok
sources/os/linux/linux/fs/qnx4	Docs/researches/sources/os/linux/linux/fs/qnx4/current_folder_research.md	7	7	0	ok
sources/os/linux/linux/fs/qnx6	Docs/researches/sources/os/linux/linux/fs/qnx6/current_folder_research.md	7	7	0	ok
sources/os/linux/linux/fs/quota	Docs/researches/sources/os/linux/linux/fs/quota/current_folder_research.md	13	13	0	ok
sources/os/linux/linux/fs/ramfs	Docs/researches/sources/os/linux/linux/fs/ramfs/current_folder_research.md	5	5	0	ok
sources/os/linux/linux/fs/resctrl	Docs/researches/sources/os/linux/linux/fs/resctrl/current_folder_research.md	8	8	0	ok
sources/os/linux/linux/fs/romfs	Docs/researches/sources/os/linux/linux/fs/romfs/current_folder_research.md	6	6	0	ok
sources/os/linux/linux/fs/smb	Docs/researches/sources/os/linux/linux/fs/smb/current_folder_research.md	2	175	4	ok
sources/os/linux/linux/fs/squashfs	Docs/researches/sources/os/linux/linux/fs/squashfs/current_folder_research.md	34	34	0	ok
sources/os/linux/linux/fs/sysfs	Docs/researches/sources/os/linux/linux/fs/sysfs/current_folder_research.md	8	8	0	ok
sources/os/linux/linux/fs/tests	Docs/researches/sources/os/linux/linux/fs/tests/current_folder_research.md	2	2	0	ok
sources/os/linux/linux/fs/tracefs	Docs/researches/sources/os/linux/linux/fs/tracefs/current_folder_research.md	4	4	0	ok
sources/os/linux/linux/fs/ubifs	Docs/researches/sources/os/linux/linux/fs/ubifs/current_folder_research.md	38	38	0	ok
sources/os/linux/linux/fs/udf	Docs/researches/sources/os/linux/linux/fs/udf/current_folder_research.md	23	23	0	ok
sources/os/linux/linux/fs/ufs	Docs/researches/sources/os/linux/linux/fs/ufs/current_folder_research.md	15	15	0	ok
sources/os/linux/linux/fs/unicode	Docs/researches/sources/os/linux/linux/fs/unicode/current_folder_research.md	6	7	1	ok
sources/os/linux/linux/fs/vboxsf	Docs/researches/sources/os/linux/linux/fs/vboxsf/current_folder_research.md	9	9	0	ok
sources/os/linux/linux/fs/verity	Docs/researches/sources/os/linux/linux/fs/verity/current_folder_research.md	12	12	0	ok
sources/os/linux/linux/fs/xfs	Docs/researches/sources/os/linux/linux/fs/xfs/current_folder_research.md	145	355	2	ok
sources/os/linux/linux/fs/zonefs	Docs/researches/sources/os/linux/linux/fs/zonefs/current_folder_research.md	7	7	0	ok
sources/os/linux/linux/include/linux	Docs/researches/sources/os/linux/linux/include/linux/current_folder_research.md	2	2	0	ok
sources/os/linux/linux/mm/damon	Docs/researches/sources/os/linux/linux/mm/damon/current_folder_research.md	16	19	1	ok
sources/os/linux/linux/mm/kasan	Docs/researches/sources/os/linux/linux/mm/kasan/current_folder_research.md	17	17	0	ok
sources/os/linux/linux/mm/kfence	Docs/researches/sources/os/linux/linux/mm/kfence/current_folder_research.md	5	5	0	ok
sources/os/linux/linux/mm/kmsan	Docs/researches/sources/os/linux/linux/mm/kmsan/current_folder_research.md	9	9	0	ok
sources/os/linux/linux/mm/tests	Docs/researches/sources/os/linux/linux/mm/tests/current_folder_research.md	1	1	0	ok
sources/os/plan9/9front/sys/src	Docs/researches/sources/os/plan9/9front/sys/src/current_folder_research.md	0	5031	3	ok
sources/os/plan9/plan9/sys/src	Docs/researches/sources/os/plan9/plan9/sys/src/current_folder_research.md	0	4760	3	ok
sources/teaching/minix/minix/drivers/storage	Docs/researches/sources/teaching/minix/minix/drivers/storage/current_folder_research.md	2	48	10	ok
sources/teaching/minix/minix/fs/ext2	Docs/researches/sources/teaching/minix/minix/fs/ext2/current_folder_research.md	26	26	0	ok
sources/teaching/minix/minix/fs/hgfs	Docs/researches/sources/teaching/minix/minix/fs/hgfs/current_folder_research.md	2	2	0	ok
sources/teaching/minix/minix/fs/isofs	Docs/researches/sources/teaching/minix/minix/fs/isofs/current_folder_research.md	20	20	0	ok
sources/teaching/minix/minix/fs/mfs	Docs/researches/sources/teaching/minix/minix/fs/mfs/current_folder_research.md	28	28	0	ok
sources/teaching/minix/minix/fs/pfs	Docs/researches/sources/teaching/minix/minix/fs/pfs/current_folder_research.md	2	2	0	ok
sources/teaching/minix/minix/fs/procfs	Docs/researches/sources/teaching/minix/minix/fs/procfs/current_folder_research.md	14	14	0	ok
sources/teaching/minix/minix/fs/ptyfs	Docs/researches/sources/teaching/minix/minix/fs/ptyfs/current_folder_research.md	4	4	0	ok
sources/teaching/minix/minix/fs/vbfs	Docs/researches/sources/teaching/minix/minix/fs/vbfs/current_folder_research.md	3	3	0	ok
sources/teaching/minix/minix/lib/libminixfs	Docs/researches/sources/teaching/minix/minix/lib/libminixfs/current_folder_research.md	4	4	0	ok
sources/teaching/minix/minix/servers/vfs	Docs/researches/sources/teaching/minix/minix/servers/vfs/current_folder_research.md	49	49	0	ok
sources/teaching/os161/kern/fs/semfs	Docs/researches/sources/teaching/os161/kern/fs/semfs/current_folder_research.md	4	4	0	ok
sources/teaching/os161/kern/fs/sfs	Docs/researches/sources/teaching/os161/kern/fs/sfs/current_folder_research.md	8	8	0	ok
sources/teaching/os161/kern/include/kern	Docs/researches/sources/teaching/os161/kern/include/kern/current_folder_research.md	23	23	0	ok
sources/virtualization/guestfs-tools/builder/test-config/virt-builder	Docs/researches/sources/virtualization/guestfs-tools/builder/test-config/virt-builder/current_folder_research.md	0	1	1	ok
sources/virtualization/guestfs-tools/builder/test-simplestreams/streams	Docs/researches/sources/virtualization/guestfs-tools/builder/test-simplestreams/streams/current_folder_research.md	0	2	1	ok
sources/virtualization/guestfs-tools/builder/test-simplestreams/virt-builder	Docs/researches/sources/virtualization/guestfs-tools/builder/test-simplestreams/virt-builder/current_folder_research.md	0	1	1	ok
sources/virtualization/guestfs-tools/builder/test-website/virt-builder	Docs/researches/sources/virtualization/guestfs-tools/builder/test-website/virt-builder/current_folder_research.md	0	1	1	ok
sources/virtualization/libblockdev/src/lib/plugin_apis	Docs/researches/sources/virtualization/libblockdev/src/lib/plugin_apis/current_folder_research.md	1	1	0	ok
sources/virtualization/libblockdev/src/plugins/fs	Docs/researches/sources/virtualization/libblockdev/src/plugins/fs/current_folder_research.md	25	25	0	ok
sources/virtualization/libblockdev/src/plugins/lvm	Docs/researches/sources/virtualization/libblockdev/src/plugins/lvm/current_folder_research.md	8	8	0	ok
sources/virtualization/libblockdev/src/plugins/nvme	Docs/researches/sources/virtualization/libblockdev/src/plugins/nvme/current_folder_research.md	8	8	0	ok
sources/virtualization/libblockdev/src/plugins/smart	Docs/researches/sources/virtualization/libblockdev/src/plugins/smart/current_folder_research.md	7	7	0	ok
sources/virtualization/libblockdev/src/python/gi	Docs/researches/sources/virtualization/libblockdev/src/python/gi/current_folder_research.md	1	3	1	ok
sources/virtualization/nbdkit/plugins/golang/examples	Docs/researches/sources/virtualization/nbdkit/plugins/golang/examples/current_folder_research.md	0	4	4	ok
sources/virtualization/nbdkit/plugins/golang/src	Docs/researches/sources/virtualization/nbdkit/plugins/golang/src/current_folder_research.md	0	4	1	ok
sources/virtualization/nbdkit/plugins/python/examples	Docs/researches/sources/virtualization/nbdkit/plugins/python/examples/current_folder_research.md	5	5	0	ok
sources/virtualization/nbdkit/plugins/rust/examples	Docs/researches/sources/virtualization/nbdkit/plugins/rust/examples/current_folder_research.md	1	1	0	ok
sources/virtualization/nbdkit/plugins/rust/src	Docs/researches/sources/virtualization/nbdkit/plugins/rust/src/current_folder_research.md	1	1	0	ok
sources/virtualization/nbdkit/plugins/rust/tests	Docs/researches/sources/virtualization/nbdkit/plugins/rust/tests/current_folder_research.md	2	3	1	ok
sources/virtualization/nbdkit/plugins/sh/examples	Docs/researches/sources/virtualization/nbdkit/plugins/sh/examples/current_folder_research.md	2	2	0	ok
sources/virtualization/nvme-cli/ccan/ccan/array_size	Docs/researches/sources/virtualization/nvme-cli/ccan/ccan/array_size/current_folder_research.md	1	1	0	ok
sources/virtualization/nvme-cli/ccan/ccan/build_assert	Docs/researches/sources/virtualization/nvme-cli/ccan/ccan/build_assert/current_folder_research.md	1	1	0	ok
sources/virtualization/nvme-cli/ccan/ccan/check_type	Docs/researches/sources/virtualization/nvme-cli/ccan/ccan/check_type/current_folder_research.md	1	1	0	ok
sources/virtualization/nvme-cli/ccan/ccan/compiler	Docs/researches/sources/virtualization/nvme-cli/ccan/ccan/compiler/current_folder_research.md	1	1	0	ok
sources/virtualization/nvme-cli/ccan/ccan/container_of	Docs/researches/sources/virtualization/nvme-cli/ccan/ccan/container_of/current_folder_research.md	1	1	0	ok
sources/virtualization/nvme-cli/ccan/ccan/endian	Docs/researches/sources/virtualization/nvme-cli/ccan/ccan/endian/current_folder_research.md	1	1	0	ok
sources/virtualization/nvme-cli/ccan/ccan/hash	Docs/researches/sources/virtualization/nvme-cli/ccan/ccan/hash/current_folder_research.md	2	2	0	ok
sources/virtualization/nvme-cli/ccan/ccan/htable	Docs/researches/sources/virtualization/nvme-cli/ccan/ccan/htable/current_folder_research.md	3	3	0	ok
sources/virtualization/nvme-cli/ccan/ccan/ilog	Docs/researches/sources/virtualization/nvme-cli/ccan/ccan/ilog/current_folder_research.md	2	2	0	ok
sources/virtualization/nvme-cli/ccan/ccan/likely	Docs/researches/sources/virtualization/nvme-cli/ccan/ccan/likely/current_folder_research.md	2	2	0	ok
sources/virtualization/nvme-cli/ccan/ccan/list	Docs/researches/sources/virtualization/nvme-cli/ccan/ccan/list/current_folder_research.md	2	2	0	ok
sources/virtualization/nvme-cli/ccan/ccan/minmax	Docs/researches/sources/virtualization/nvme-cli/ccan/ccan/minmax/current_folder_research.md	1	1	0	ok
sources/virtualization/nvme-cli/ccan/ccan/short_types	Docs/researches/sources/virtualization/nvme-cli/ccan/ccan/short_types/current_folder_research.md	1	1	0	ok
sources/virtualization/nvme-cli/ccan/ccan/str	Docs/researches/sources/virtualization/nvme-cli/ccan/ccan/str/current_folder_research.md	4	4	0	ok
sources/virtualization/nvme-cli/ccan/ccan/strset	Docs/researches/sources/virtualization/nvme-cli/ccan/ccan/strset/current_folder_research.md	2	2	0	ok
sources/virtualization/nvme-cli/ccan/ccan/typesafe_cb	Docs/researches/sources/virtualization/nvme-cli/ccan/ccan/typesafe_cb/current_folder_research.md	1	1	0	ok
sources/virtualization/nvme-cli/libnvme/libnvme/tests	Docs/researches/sources/virtualization/nvme-cli/libnvme/libnvme/tests/current_folder_research.md	5	5	0	ok
sources/virtualization/nvme-cli/libnvme/src/nvme	Docs/researches/sources/virtualization/nvme-cli/libnvme/src/nvme/current_folder_research.md	69	69	0	ok
sources/virtualization/nvme-cli/libnvme/test/config	Docs/researches/sources/virtualization/nvme-cli/libnvme/test/config/current_folder_research.md	5	10	1	ok
sources/virtualization/nvme-cli/libnvme/test/ioctl	Docs/researches/sources/virtualization/nvme-cli/libnvme/test/ioctl/current_folder_research.md	13	13	0	ok
sources/virtualization/nvme-cli/libnvme/test/nbft	Docs/researches/sources/virtualization/nvme-cli/libnvme/test/nbft/current_folder_research.md	4	4	0	ok
sources/virtualization/nvme-cli/libnvme/test/sysfs	Docs/researches/sources/virtualization/nvme-cli/libnvme/test/sysfs/current_folder_research.md	3	3	0	ok
sources/virtualization/nvme-cli/libnvme/tools/generator	Docs/researches/sources/virtualization/nvme-cli/libnvme/tools/generator/current_folder_research.md	3	3	0	ok
sources/virtualization/nvme-cli/plugins/solidigm/solidigm-telemetry	Docs/researches/sources/virtualization/nvme-cli/plugins/solidigm/solidigm-telemetry/current_folder_research.md	22	22	0	ok
sources/virtualization/spdk/app/fio/bdev	Docs/researches/sources/virtualization/spdk/app/fio/bdev/current_folder_research.md	4	4	0	ok
sources/virtualization/spdk/app/fio/nvme	Docs/researches/sources/virtualization/spdk/app/fio/nvme/current_folder_research.md	2	2	0	ok
sources/virtualization/spdk/lib/env_dpdk/22.07	Docs/researches/sources/virtualization/spdk/lib/env_dpdk/22.07/current_folder_research.md	3	3	0	ok
sources/virtualization/spdk/lib/env_dpdk/22.11	Docs/researches/sources/virtualization/spdk/lib/env_dpdk/22.11/current_folder_research.md	6	6	0	ok
sources/virtualization/spdk/lib/ftl/base	Docs/researches/sources/virtualization/spdk/lib/ftl/base/current_folder_research.md	3	3	0	ok
sources/virtualization/spdk/lib/ftl/mngt	Docs/researches/sources/virtualization/spdk/lib/ftl/mngt/current_folder_research.md	15	15	0	ok
sources/virtualization/spdk/lib/ftl/nvc	Docs/researches/sources/virtualization/spdk/lib/ftl/nvc/current_folder_research.md	6	6	0	ok
sources/virtualization/spdk/lib/ftl/upgrade	Docs/researches/sources/virtualization/spdk/lib/ftl/upgrade/current_folder_research.md	13	13	0	ok
sources/virtualization/spdk/lib/ftl/utils	Docs/researches/sources/virtualization/spdk/lib/ftl/utils/current_folder_research.md	16	16	0	ok
sources/virtualization/spdk/lib/vfio_user/host	Docs/researches/sources/virtualization/spdk/lib/vfio_user/host/current_folder_research.md	4	4	0	ok
sources/virtualization/spdk/module/accel/ae4dma	Docs/researches/sources/virtualization/spdk/module/accel/ae4dma/current_folder_research.md	4	4	0	ok
sources/virtualization/spdk/module/accel/cuda	Docs/researches/sources/virtualization/spdk/module/accel/cuda/current_folder_research.md	7	7	0	ok
sources/virtualization/spdk/module/accel/dpdk_compressdev	Docs/researches/sources/virtualization/spdk/module/accel/dpdk_compressdev/current_folder_research.md	4	4	0	ok
sources/virtualization/spdk/module/accel/dpdk_cryptodev	Docs/researches/sources/virtualization/spdk/module/accel/dpdk_cryptodev/current_folder_research.md	4	4	0	ok
sources/virtualization/spdk/module/accel/dsa	Docs/researches/sources/virtualization/spdk/module/accel/dsa/current_folder_research.md	4	4	0	ok
sources/virtualization/spdk/module/accel/error	Docs/researches/sources/virtualization/spdk/module/accel/error/current_folder_research.md	4	4	0	ok
sources/virtualization/spdk/module/accel/iaa	Docs/researches/sources/virtualization/spdk/module/accel/iaa/current_folder_research.md	4	4	0	ok
sources/virtualization/spdk/module/accel/ioat	Docs/researches/sources/virtualization/spdk/module/accel/ioat/current_folder_research.md	4	4	0	ok
sources/virtualization/spdk/module/accel/mlx5	Docs/researches/sources/virtualization/spdk/module/accel/mlx5/current_folder_research.md	4	4	0	ok
sources/virtualization/spdk/module/bdev/aio	Docs/researches/sources/virtualization/spdk/module/bdev/aio/current_folder_research.md	4	4	0	ok
sources/virtualization/spdk/module/bdev/crypto	Docs/researches/sources/virtualization/spdk/module/bdev/crypto/current_folder_research.md	4	4	0	ok
sources/virtualization/spdk/module/bdev/daos	Docs/researches/sources/virtualization/spdk/module/bdev/daos/current_folder_research.md	4	4	0	ok
sources/virtualization/spdk/module/bdev/delay	Docs/researches/sources/virtualization/spdk/module/bdev/delay/current_folder_research.md	4	4	0	ok
sources/virtualization/spdk/module/bdev/error	Docs/researches/sources/virtualization/spdk/module/bdev/error/current_folder_research.md	4	4	0	ok
sources/virtualization/spdk/module/bdev/ftl	Docs/researches/sources/virtualization/spdk/module/bdev/ftl/current_folder_research.md	4	4	0	ok
sources/virtualization/spdk/module/bdev/gpt	Docs/researches/sources/virtualization/spdk/module/bdev/gpt/current_folder_research.md	4	4	0	ok
sources/virtualization/spdk/module/bdev/iscsi	Docs/researches/sources/virtualization/spdk/module/bdev/iscsi/current_folder_research.md	4	4	0	ok
sources/virtualization/spdk/module/bdev/lvol	Docs/researches/sources/virtualization/spdk/module/bdev/lvol/current_folder_research.md	4	4	0	ok
sources/virtualization/spdk/module/bdev/malloc	Docs/researches/sources/virtualization/spdk/module/bdev/malloc/current_folder_research.md	4	4	0	ok
sources/virtualization/spdk/module/bdev/null	Docs/researches/sources/virtualization/spdk/module/bdev/null/current_folder_research.md	4	4	0	ok
sources/virtualization/spdk/module/bdev/nvme	Docs/researches/sources/virtualization/spdk/module/bdev/nvme/current_folder_research.md	10	10	0	ok
sources/virtualization/spdk/module/bdev/ocf	Docs/researches/sources/virtualization/spdk/module/bdev/ocf/current_folder_research.md	14	14	0	ok
sources/virtualization/spdk/module/bdev/passthru	Docs/researches/sources/virtualization/spdk/module/bdev/passthru/current_folder_research.md	4	4	0	ok
sources/virtualization/spdk/module/bdev/raid	Docs/researches/sources/virtualization/spdk/module/bdev/raid/current_folder_research.md	9	9	0	ok
sources/virtualization/spdk/module/bdev/rbd	Docs/researches/sources/virtualization/spdk/module/bdev/rbd/current_folder_research.md	4	4	0	ok
sources/virtualization/spdk/module/bdev/split	Docs/researches/sources/virtualization/spdk/module/bdev/split/current_folder_research.md	4	4	0	ok
sources/virtualization/spdk/module/bdev/uring	Docs/researches/sources/virtualization/spdk/module/bdev/uring/current_folder_research.md	4	4	0	ok
sources/virtualization/spdk/module/bdev/virtio	Docs/researches/sources/virtualization/spdk/module/bdev/virtio/current_folder_research.md	5	5	0	ok
sources/virtualization/spdk/module/bdev/xnvme	Docs/researches/sources/virtualization/spdk/module/bdev/xnvme/current_folder_research.md	4	4	0	ok
sources/virtualization/spdk/module/bdev/zone_block	Docs/researches/sources/virtualization/spdk/module/bdev/zone_block/current_folder_research.md	4	4	0	ok
sources/virtualization/spdk/module/blob/bdev	Docs/researches/sources/virtualization/spdk/module/blob/bdev/current_folder_research.md	2	2	0	ok
sources/virtualization/spdk/module/event/subsystems	Docs/researches/sources/virtualization/spdk/module/event/subsystems/current_folder_research.md	1	38	16	ok
sources/virtualization/spdk/module/fsdev/aio	Docs/researches/sources/virtualization/spdk/module/fsdev/aio/current_folder_research.md	7	7	0	ok
sources/virtualization/spdk/module/keyring/file	Docs/researches/sources/virtualization/spdk/module/keyring/file/current_folder_research.md	3	3	0	ok
sources/virtualization/spdk/module/keyring/linux	Docs/researches/sources/virtualization/spdk/module/keyring/linux/current_folder_research.md	4	4	0	ok
sources/virtualization/spdk/module/scheduler/dpdk_governor	Docs/researches/sources/virtualization/spdk/module/scheduler/dpdk_governor/current_folder_research.md	2	2	0	ok
sources/virtualization/spdk/module/scheduler/dynamic	Docs/researches/sources/virtualization/spdk/module/scheduler/dynamic/current_folder_research.md	2	2	0	ok
sources/virtualization/spdk/module/scheduler/gscheduler	Docs/researches/sources/virtualization/spdk/module/scheduler/gscheduler/current_folder_research.md	2	2	0	ok
sources/virtualization/spdk/module/sock/posix	Docs/researches/sources/virtualization/spdk/module/sock/posix/current_folder_research.md	2	2	0	ok
sources/virtualization/spdk/module/sock/uring	Docs/researches/sources/virtualization/spdk/module/sock/uring/current_folder_research.md	2	2	0	ok
sources/virtualization/virtiofsd/src/passthrough/device_state	Docs/researches/sources/virtualization/virtiofsd/src/passthrough/device_state/current_folder_research.md	4	8	1	ok
sources/virtualization/virtiofsd/src/passthrough/stat	Docs/researches/sources/virtualization/virtiofsd/src/passthrough/stat/current_folder_research.md	1	1	0	ok
sources/windows/dokany/dokan_fuse/include/old	Docs/researches/sources/windows/dokany/dokan_fuse/include/old/current_folder_research.md	1	1	0	ok
sources/windows/reactos/drivers/filesystems/btrfs	Docs/researches/sources/windows/reactos/drivers/filesystems/btrfs/current_folder_research.md	44	89	1	ok
sources/windows/reactos/drivers/filesystems/cdfs	Docs/researches/sources/windows/reactos/drivers/filesystems/cdfs/current_folder_research.md	36	36	0	ok
sources/windows/reactos/drivers/filesystems/ext2	Docs/researches/sources/windows/reactos/drivers/filesystems/ext2/current_folder_research.md	1	134	2	ok
sources/windows/reactos/drivers/filesystems/fastfat	Docs/researches/sources/windows/reactos/drivers/filesystems/fastfat/current_folder_research.md	41	41	0	ok
sources/windows/reactos/drivers/filesystems/fs_rec	Docs/researches/sources/windows/reactos/drivers/filesystems/fs_rec/current_folder_research.md	19	19	0	ok
sources/windows/reactos/drivers/filesystems/msfs	Docs/researches/sources/windows/reactos/drivers/filesystems/msfs/current_folder_research.md	8	8	0	ok
sources/windows/reactos/drivers/filesystems/mup	Docs/researches/sources/windows/reactos/drivers/filesystems/mup/current_folder_research.md	5	5	0	ok
sources/windows/reactos/drivers/filesystems/nfs	Docs/researches/sources/windows/reactos/drivers/filesystems/nfs/current_folder_research.md	5	5	0	ok
sources/windows/reactos/drivers/filesystems/npfs	Docs/researches/sources/windows/reactos/drivers/filesystems/npfs/current_folder_research.md	22	22	0	ok
sources/windows/reactos/drivers/filesystems/ntfs	Docs/researches/sources/windows/reactos/drivers/filesystems/ntfs/current_folder_research.md	20	20	0	ok
sources/windows/reactos/drivers/filesystems/udfs	Docs/researches/sources/windows/reactos/drivers/filesystems/udfs/current_folder_research.md	42	100	3	ok
sources/windows/reactos/drivers/filesystems/vfatfs	Docs/researches/sources/windows/reactos/drivers/filesystems/vfatfs/current_folder_research.md	24	24	0	ok
sources/windows/reactos/ntoskrnl/io/iomgr	Docs/researches/sources/windows/reactos/ntoskrnl/io/iomgr/current_folder_research.md	25	25	0	ok
sources/windows/reactos/ntoskrnl/io/pnpmgr	Docs/researches/sources/windows/reactos/ntoskrnl/io/pnpmgr/current_folder_research.md	13	18	1	ok
sources/windows/reactos/ntoskrnl/mm/ARM3	Docs/researches/sources/windows/reactos/ntoskrnl/mm/ARM3/current_folder_research.md	28	30	2	ok
sources/windows/reactos/ntoskrnl/mm/amd64	Docs/researches/sources/windows/reactos/ntoskrnl/mm/amd64/current_folder_research.md	2	2	0	ok
sources/windows/reactos/ntoskrnl/mm/arm	Docs/researches/sources/windows/reactos/ntoskrnl/mm/arm/current_folder_research.md	2	2	0	ok
sources/windows/reactos/ntoskrnl/mm/i386	Docs/researches/sources/windows/reactos/ntoskrnl/mm/i386/current_folder_research.md	3	3	0	ok
sources/windows/reactos/sdk/lib/fslib	Docs/researches/sources/windows/reactos/sdk/lib/fslib/current_folder_research.md	1	57	6	ok
sources/windows/windows-driver-samples/filesys/miniFilter/MetadataManager	Docs/researches/sources/windows/windows-driver-samples/filesys/miniFilter/MetadataManager/current_folder_research.md	7	7	0	ok
sources/windows/windows-driver-samples/filesys/miniFilter/NameChanger	Docs/researches/sources/windows/windows-driver-samples/filesys/miniFilter/NameChanger/current_folder_research.md	15	15	0	ok
sources/windows/windows-driver-samples/filesys/miniFilter/avscan	Docs/researches/sources/windows/windows-driver-samples/filesys/miniFilter/avscan/current_folder_research.md	0	17	3	ok
sources/windows/windows-driver-samples/filesys/miniFilter/cancelSafe	Docs/researches/sources/windows/windows-driver-samples/filesys/miniFilter/cancelSafe/current_folder_research.md	1	1	0	ok
sources/windows/windows-driver-samples/filesys/miniFilter/cdo	Docs/researches/sources/windows/windows-driver-samples/filesys/miniFilter/cdo/current_folder_research.md	5	5	0	ok
sources/windows/windows-driver-samples/filesys/miniFilter/change	Docs/researches/sources/windows/windows-driver-samples/filesys/miniFilter/change/current_folder_research.md	5	5	0	ok
sources/windows/windows-driver-samples/filesys/miniFilter/ctx	Docs/researches/sources/windows/windows-driver-samples/filesys/miniFilter/ctx/current_folder_research.md	7	7	0	ok
sources/windows/windows-driver-samples/filesys/miniFilter/delete	Docs/researches/sources/windows/windows-driver-samples/filesys/miniFilter/delete/current_folder_research.md	1	1	0	ok
sources/windows/windows-driver-samples/filesys/miniFilter/minispy	Docs/researches/sources/windows/windows-driver-samples/filesys/miniFilter/minispy/current_folder_research.md	0	8	3	ok
sources/windows/windows-driver-samples/filesys/miniFilter/nullFilter	Docs/researches/sources/windows/windows-driver-samples/filesys/miniFilter/nullFilter/current_folder_research.md	1	1	0	ok
sources/windows/windows-driver-samples/filesys/miniFilter/passThrough	Docs/researches/sources/windows/windows-driver-samples/filesys/miniFilter/passThrough/current_folder_research.md	1	1	0	ok
sources/windows/windows-driver-samples/filesys/miniFilter/scanner	Docs/researches/sources/windows/windows-driver-samples/filesys/miniFilter/scanner/current_folder_research.md	0	5	3	ok
sources/windows/windows-driver-samples/filesys/miniFilter/simrep	Docs/researches/sources/windows/windows-driver-samples/filesys/miniFilter/simrep/current_folder_research.md	1	1	0	ok
sources/windows/windows-driver-samples/filesys/miniFilter/swapBuffers	Docs/researches/sources/windows/windows-driver-samples/filesys/miniFilter/swapBuffers/current_folder_research.md	1	1	0	ok
sources/windows/winfsp/src/dll/eventlog	Docs/researches/sources/windows/winfsp/src/dll/eventlog/current_folder_research.md	1	1	0	ok
sources/windows/winfsp/src/dll/fuse	Docs/researches/sources/windows/winfsp/src/dll/fuse/current_folder_research.md	8	8	0	ok
sources/windows/winfsp/src/dll/fuse3	Docs/researches/sources/windows/winfsp/src/dll/fuse3/current_folder_research.md	5	5	0	ok
sources/block-storage/cryptsetup/lib/crypto_backend/argon2/blake2	Docs/researches/sources/block-storage/cryptsetup/lib/crypto_backend/argon2/blake2/current_folder_research.md	5	5	0	ok
sources/block-storage/parted/libparted/fs/r/fat	Docs/researches/sources/block-storage/parted/libparted/fs/r/fat/current_folder_research.md	19	19	0	ok
sources/block-storage/parted/libparted/fs/r/hfs	Docs/researches/sources/block-storage/parted/libparted/fs/r/hfs/current_folder_research.md	20	20	0	ok
sources/block-storage/stratisd/src/bin/utils/generators	Docs/researches/sources/block-storage/stratisd/src/bin/utils/generators/current_folder_research.md	4	4	0	ok
sources/block-storage/stratisd/src/dbus/blockdev/blockdev_3_0	Docs/researches/sources/block-storage/stratisd/src/dbus/blockdev/blockdev_3_0/current_folder_research.md	3	3	0	ok
sources/block-storage/stratisd/src/dbus/blockdev/blockdev_3_1	Docs/researches/sources/block-storage/stratisd/src/dbus/blockdev/blockdev_3_1/current_folder_research.md	1	1	0	ok
sources/block-storage/stratisd/src/dbus/blockdev/blockdev_3_2	Docs/researches/sources/block-storage/stratisd/src/dbus/blockdev/blockdev_3_2/current_folder_research.md	1	1	0	ok
sources/block-storage/stratisd/src/dbus/blockdev/blockdev_3_3	Docs/researches/sources/block-storage/stratisd/src/dbus/blockdev/blockdev_3_3/current_folder_research.md	2	2	0	ok
sources/block-storage/stratisd/src/dbus/blockdev/blockdev_3_4	Docs/researches/sources/block-storage/stratisd/src/dbus/blockdev/blockdev_3_4/current_folder_research.md	1	1	0	ok
sources/block-storage/stratisd/src/dbus/blockdev/blockdev_3_5	Docs/researches/sources/block-storage/stratisd/src/dbus/blockdev/blockdev_3_5/current_folder_research.md	1	1	0	ok
sources/block-storage/stratisd/src/dbus/blockdev/blockdev_3_6	Docs/researches/sources/block-storage/stratisd/src/dbus/blockdev/blockdev_3_6/current_folder_research.md	1	1	0	ok
sources/block-storage/stratisd/src/dbus/blockdev/blockdev_3_7	Docs/researches/sources/block-storage/stratisd/src/dbus/blockdev/blockdev_3_7/current_folder_research.md	1	1	0	ok
sources/block-storage/stratisd/src/dbus/blockdev/blockdev_3_8	Docs/researches/sources/block-storage/stratisd/src/dbus/blockdev/blockdev_3_8/current_folder_research.md	1	1	0	ok
sources/block-storage/stratisd/src/dbus/blockdev/blockdev_3_9	Docs/researches/sources/block-storage/stratisd/src/dbus/blockdev/blockdev_3_9/current_folder_research.md	1	1	0	ok
sources/block-storage/stratisd/src/dbus/filesystem/filesystem_3_0	Docs/researches/sources/block-storage/stratisd/src/dbus/filesystem/filesystem_3_0/current_folder_research.md	3	3	0	ok
sources/block-storage/stratisd/src/dbus/filesystem/filesystem_3_1	Docs/researches/sources/block-storage/stratisd/src/dbus/filesystem/filesystem_3_1/current_folder_research.md	1	1	0	ok
sources/block-storage/stratisd/src/dbus/filesystem/filesystem_3_2	Docs/researches/sources/block-storage/stratisd/src/dbus/filesystem/filesystem_3_2/current_folder_research.md	1	1	0	ok
sources/block-storage/stratisd/src/dbus/filesystem/filesystem_3_3	Docs/researches/sources/block-storage/stratisd/src/dbus/filesystem/filesystem_3_3/current_folder_research.md	1	1	0	ok
sources/block-storage/stratisd/src/dbus/filesystem/filesystem_3_4	Docs/researches/sources/block-storage/stratisd/src/dbus/filesystem/filesystem_3_4/current_folder_research.md	1	1	0	ok
sources/block-storage/stratisd/src/dbus/filesystem/filesystem_3_5	Docs/researches/sources/block-storage/stratisd/src/dbus/filesystem/filesystem_3_5/current_folder_research.md	1	1	0	ok
sources/block-storage/stratisd/src/dbus/filesystem/filesystem_3_6	Docs/researches/sources/block-storage/stratisd/src/dbus/filesystem/filesystem_3_6/current_folder_research.md	2	2	0	ok
sources/block-storage/stratisd/src/dbus/filesystem/filesystem_3_7	Docs/researches/sources/block-storage/stratisd/src/dbus/filesystem/filesystem_3_7/current_folder_research.md	2	2	0	ok
sources/block-storage/stratisd/src/dbus/filesystem/filesystem_3_8	Docs/researches/sources/block-storage/stratisd/src/dbus/filesystem/filesystem_3_8/current_folder_research.md	1	1	0	ok
sources/block-storage/stratisd/src/dbus/filesystem/filesystem_3_9	Docs/researches/sources/block-storage/stratisd/src/dbus/filesystem/filesystem_3_9/current_folder_research.md	1	1	0	ok
sources/block-storage/stratisd/src/dbus/manager/manager_3_0	Docs/researches/sources/block-storage/stratisd/src/dbus/manager/manager_3_0/current_folder_research.md	3	3	0	ok
sources/block-storage/stratisd/src/dbus/manager/manager_3_1	Docs/researches/sources/block-storage/stratisd/src/dbus/manager/manager_3_1/current_folder_research.md	1	1	0	ok
sources/block-storage/stratisd/src/dbus/manager/manager_3_2	Docs/researches/sources/block-storage/stratisd/src/dbus/manager/manager_3_2/current_folder_research.md	3	3	0	ok
sources/block-storage/stratisd/src/dbus/manager/manager_3_3	Docs/researches/sources/block-storage/stratisd/src/dbus/manager/manager_3_3/current_folder_research.md	1	1	0	ok
sources/block-storage/stratisd/src/dbus/manager/manager_3_4	Docs/researches/sources/block-storage/stratisd/src/dbus/manager/manager_3_4/current_folder_research.md	2	2	0	ok
sources/block-storage/stratisd/src/dbus/manager/manager_3_5	Docs/researches/sources/block-storage/stratisd/src/dbus/manager/manager_3_5/current_folder_research.md	1	1	0	ok
sources/block-storage/stratisd/src/dbus/manager/manager_3_6	Docs/researches/sources/block-storage/stratisd/src/dbus/manager/manager_3_6/current_folder_research.md	2	2	0	ok
sources/block-storage/stratisd/src/dbus/manager/manager_3_7	Docs/researches/sources/block-storage/stratisd/src/dbus/manager/manager_3_7/current_folder_research.md	1	1	0	ok
sources/block-storage/stratisd/src/dbus/manager/manager_3_8	Docs/researches/sources/block-storage/stratisd/src/dbus/manager/manager_3_8/current_folder_research.md	3	3	0	ok
sources/block-storage/stratisd/src/dbus/manager/manager_3_9	Docs/researches/sources/block-storage/stratisd/src/dbus/manager/manager_3_9/current_folder_research.md	2	2	0	ok
sources/block-storage/stratisd/src/dbus/manager/report_3_0	Docs/researches/sources/block-storage/stratisd/src/dbus/manager/report_3_0/current_folder_research.md	2	2	0	ok
sources/block-storage/stratisd/src/dbus/manager/report_3_1	Docs/researches/sources/block-storage/stratisd/src/dbus/manager/report_3_1/current_folder_research.md	1	1	0	ok
sources/block-storage/stratisd/src/dbus/manager/report_3_2	Docs/researches/sources/block-storage/stratisd/src/dbus/manager/report_3_2/current_folder_research.md	1	1	0	ok
sources/block-storage/stratisd/src/dbus/manager/report_3_3	Docs/researches/sources/block-storage/stratisd/src/dbus/manager/report_3_3/current_folder_research.md	1	1	0	ok
sources/block-storage/stratisd/src/dbus/manager/report_3_4	Docs/researches/sources/block-storage/stratisd/src/dbus/manager/report_3_4/current_folder_research.md	1	1	0	ok
sources/block-storage/stratisd/src/dbus/manager/report_3_5	Docs/researches/sources/block-storage/stratisd/src/dbus/manager/report_3_5/current_folder_research.md	1	1	0	ok
sources/block-storage/stratisd/src/dbus/manager/report_3_6	Docs/researches/sources/block-storage/stratisd/src/dbus/manager/report_3_6/current_folder_research.md	1	1	0	ok
sources/block-storage/stratisd/src/dbus/manager/report_3_7	Docs/researches/sources/block-storage/stratisd/src/dbus/manager/report_3_7/current_folder_research.md	1	1	0	ok
sources/block-storage/stratisd/src/dbus/manager/report_3_8	Docs/researches/sources/block-storage/stratisd/src/dbus/manager/report_3_8/current_folder_research.md	1	1	0	ok
sources/block-storage/stratisd/src/dbus/manager/report_3_9	Docs/researches/sources/block-storage/stratisd/src/dbus/manager/report_3_9/current_folder_research.md	1	1	0	ok
sources/block-storage/stratisd/src/dbus/pool/pool_3_0	Docs/researches/sources/block-storage/stratisd/src/dbus/pool/pool_3_0/current_folder_research.md	3	3	0	ok
sources/block-storage/stratisd/src/dbus/pool/pool_3_1	Docs/researches/sources/block-storage/stratisd/src/dbus/pool/pool_3_1/current_folder_research.md	2	2	0	ok
sources/block-storage/stratisd/src/dbus/pool/pool_3_2	Docs/researches/sources/block-storage/stratisd/src/dbus/pool/pool_3_2/current_folder_research.md	1	1	0	ok
sources/block-storage/stratisd/src/dbus/pool/pool_3_3	Docs/researches/sources/block-storage/stratisd/src/dbus/pool/pool_3_3/current_folder_research.md	2	2	0	ok
sources/block-storage/stratisd/src/dbus/pool/pool_3_4	Docs/researches/sources/block-storage/stratisd/src/dbus/pool/pool_3_4/current_folder_research.md	1	1	0	ok
sources/block-storage/stratisd/src/dbus/pool/pool_3_5	Docs/researches/sources/block-storage/stratisd/src/dbus/pool/pool_3_5/current_folder_research.md	2	2	0	ok
sources/block-storage/stratisd/src/dbus/pool/pool_3_6	Docs/researches/sources/block-storage/stratisd/src/dbus/pool/pool_3_6/current_folder_research.md	2	2	0	ok
sources/block-storage/stratisd/src/dbus/pool/pool_3_7	Docs/researches/sources/block-storage/stratisd/src/dbus/pool/pool_3_7/current_folder_research.md	2	2	0	ok
sources/block-storage/stratisd/src/dbus/pool/pool_3_8	Docs/researches/sources/block-storage/stratisd/src/dbus/pool/pool_3_8/current_folder_research.md	3	3	0	ok
sources/block-storage/stratisd/src/dbus/pool/pool_3_9	Docs/researches/sources/block-storage/stratisd/src/dbus/pool/pool_3_9/current_folder_research.md	3	3	0	ok
sources/block-storage/stratisd/src/engine/strat_engine/backstore	Docs/researches/sources/block-storage/stratisd/src/engine/strat_engine/backstore/current_folder_research.md	7	13	2	ok
sources/block-storage/stratisd/src/engine/strat_engine/crypt	Docs/researches/sources/block-storage/stratisd/src/engine/strat_engine/crypt/current_folder_research.md	4	7	1	ok
sources/block-storage/stratisd/src/engine/strat_engine/liminal	Docs/researches/sources/block-storage/stratisd/src/engine/strat_engine/liminal/current_folder_research.md	5	5	0	ok
sources/block-storage/stratisd/src/engine/strat_engine/metadata	Docs/researches/sources/block-storage/stratisd/src/engine/strat_engine/metadata/current_folder_research.md	5	5	0	ok
sources/block-storage/stratisd/src/engine/strat_engine/pool	Docs/researches/sources/block-storage/stratisd/src/engine/strat_engine/pool/current_folder_research.md	5	5	0	ok
sources/block-storage/stratisd/src/engine/strat_engine/tests	Docs/researches/sources/block-storage/stratisd/src/engine/strat_engine/tests/current_folder_research.md	6	6	0	ok
sources/block-storage/stratisd/src/engine/strat_engine/thinpool	Docs/researches/sources/block-storage/stratisd/src/engine/strat_engine/thinpool/current_folder_research.md	6	6	0	ok
sources/cow-pools/bcachefs-tools/arch/etc/initcpio/hooks	Docs/researches/sources/cow-pools/bcachefs-tools/arch/etc/initcpio/hooks/current_folder_research.md	1	1	0	ok
sources/cow-pools/bcachefs-tools/arch/etc/initcpio/install	Docs/researches/sources/cow-pools/bcachefs-tools/arch/etc/initcpio/install/current_folder_research.md	1	1	0	ok
sources/cow-pools/bcachefs/fs/bcachefs/data/ec	Docs/researches/sources/cow-pools/bcachefs/fs/bcachefs/data/ec/current_folder_research.md	10	10	0	ok
sources/cow-pools/bcachefs/fs/bcachefs/data/reconcile	Docs/researches/sources/cow-pools/bcachefs/fs/bcachefs/data/reconcile/current_folder_research.md	8	8	0	ok
sources/cow-pools/openzfs/cmd/zpool/os/freebsd	Docs/researches/sources/cow-pools/openzfs/cmd/zpool/os/freebsd/current_folder_research.md	1	1	0	ok
sources/cow-pools/openzfs/cmd/zpool/os/linux	Docs/researches/sources/cow-pools/openzfs/cmd/zpool/os/linux/current_folder_research.md	1	1	0	ok
sources/cow-pools/openzfs/lib/libzfs/os/freebsd	Docs/researches/sources/cow-pools/openzfs/lib/libzfs/os/freebsd/current_folder_research.md	4	4	0	ok
sources/cow-pools/openzfs/lib/libzfs/os/linux	Docs/researches/sources/cow-pools/openzfs/lib/libzfs/os/linux/current_folder_research.md	5	5	0	ok
sources/cow-pools/openzfs/lib/libzpool/include/sys	Docs/researches/sources/cow-pools/openzfs/lib/libzpool/include/sys/current_folder_research.md	6	6	0	ok
sources/cow-pools/openzfs/module/os/freebsd/spl	Docs/researches/sources/cow-pools/openzfs/module/os/freebsd/spl/current_folder_research.md	21	21	0	ok
sources/cow-pools/openzfs/module/os/freebsd/zfs	Docs/researches/sources/cow-pools/openzfs/module/os/freebsd/zfs/current_folder_research.md	24	24	0	ok
sources/cow-pools/openzfs/module/os/linux/spl	Docs/researches/sources/cow-pools/openzfs/module/os/linux/spl/current_folder_research.md	19	19	0	ok
sources/cow-pools/openzfs/module/os/linux/zfs	Docs/researches/sources/cow-pools/openzfs/module/os/linux/zfs/current_folder_research.md	34	34	0	ok
sources/local-fs/mtd-utils/tests/fs-tests/stress/atoms	Docs/researches/sources/local-fs/mtd-utils/tests/fs-tests/stress/atoms/current_folder_research.md	11	11	0	ok
sources/os/bsd/dragonflybsd/sys/kern/firmware	Docs/researches/sources/os/bsd/dragonflybsd/sys/kern/firmware/current_folder_research.md	1	1	0	ok
sources/os/bsd/dragonflybsd/sys/kern/libmchain	Docs/researches/sources/os/bsd/dragonflybsd/sys/kern/libmchain/current_folder_research.md	2	2	0	ok
sources/os/bsd/dragonflybsd/sys/vfs/autofs	Docs/researches/sources/os/bsd/dragonflybsd/sys/vfs/autofs/current_folder_research.md	7	7	0	ok
sources/os/bsd/dragonflybsd/sys/vfs/deadfs	Docs/researches/sources/os/bsd/dragonflybsd/sys/vfs/deadfs/current_folder_research.md	1	1	0	ok
sources/os/bsd/dragonflybsd/sys/vfs/devfs	Docs/researches/sources/os/bsd/dragonflybsd/sys/vfs/devfs/current_folder_research.md	5	5	0	ok
sources/os/bsd/dragonflybsd/sys/vfs/dirfs	Docs/researches/sources/os/bsd/dragonflybsd/sys/vfs/dirfs/current_folder_research.md	4	4	0	ok
sources/os/bsd/dragonflybsd/sys/vfs/ext2fs	Docs/researches/sources/os/bsd/dragonflybsd/sys/vfs/ext2fs/current_folder_research.md	24	24	0	ok
sources/os/bsd/dragonflybsd/sys/vfs/fifofs	Docs/researches/sources/os/bsd/dragonflybsd/sys/vfs/fifofs/current_folder_research.md	3	3	0	ok
sources/os/bsd/dragonflybsd/sys/vfs/fuse	Docs/researches/sources/os/bsd/dragonflybsd/sys/vfs/fuse/current_folder_research.md	12	12	0	ok
sources/os/bsd/dragonflybsd/sys/vfs/hammer	Docs/researches/sources/os/bsd/dragonflybsd/sys/vfs/hammer/current_folder_research.md	32	32	0	ok
sources/os/bsd/dragonflybsd/sys/vfs/hammer2	Docs/researches/sources/os/bsd/dragonflybsd/sys/vfs/hammer2/current_folder_research.md	29	47	2	ok
sources/os/bsd/dragonflybsd/sys/vfs/hpfs	Docs/researches/sources/os/bsd/dragonflybsd/sys/vfs/hpfs/current_folder_research.md	11	11	0	ok
sources/os/bsd/dragonflybsd/sys/vfs/isofs	Docs/researches/sources/os/bsd/dragonflybsd/sys/vfs/isofs/current_folder_research.md	1	16	1	ok
sources/os/bsd/dragonflybsd/sys/vfs/mfs	Docs/researches/sources/os/bsd/dragonflybsd/sys/vfs/mfs/current_folder_research.md	4	4	0	ok
sources/os/bsd/dragonflybsd/sys/vfs/msdosfs	Docs/researches/sources/os/bsd/dragonflybsd/sys/vfs/msdosfs/current_folder_research.md	13	15	1	ok
sources/os/bsd/dragonflybsd/sys/vfs/nfs	Docs/researches/sources/os/bsd/dragonflybsd/sys/vfs/nfs/current_folder_research.md	29	29	0	ok
sources/os/bsd/dragonflybsd/sys/vfs/ntfs	Docs/researches/sources/os/bsd/dragonflybsd/sys/vfs/ntfs/current_folder_research.md	13	15	1	ok
sources/os/bsd/dragonflybsd/sys/vfs/nullfs	Docs/researches/sources/os/bsd/dragonflybsd/sys/vfs/nullfs/current_folder_research.md	4	4	0	ok
sources/os/bsd/dragonflybsd/sys/vfs/procfs	Docs/researches/sources/os/bsd/dragonflybsd/sys/vfs/procfs/current_folder_research.md	15	15	0	ok
sources/os/bsd/dragonflybsd/sys/vfs/smbfs	Docs/researches/sources/os/bsd/dragonflybsd/sys/vfs/smbfs/current_folder_research.md	10	10	0	ok
sources/os/bsd/dragonflybsd/sys/vfs/tmpfs	Docs/researches/sources/os/bsd/dragonflybsd/sys/vfs/tmpfs/current_folder_research.md	8	8	0	ok
sources/os/bsd/dragonflybsd/sys/vfs/udf	Docs/researches/sources/os/bsd/dragonflybsd/sys/vfs/udf/current_folder_research.md	8	8	0	ok
sources/os/bsd/dragonflybsd/sys/vfs/ufs	Docs/researches/sources/os/bsd/dragonflybsd/sys/vfs/ufs/current_folder_research.md	29	29	0	ok
sources/os/bsd/freebsd-src/sbin/bectl/tests	Docs/researches/sources/os/bsd/freebsd-src/sbin/bectl/tests/current_folder_research.md	2	2	0	ok
sources/os/bsd/freebsd-src/sbin/devd/tests	Docs/researches/sources/os/bsd/freebsd-src/sbin/devd/tests/current_folder_research.md	2	2	0	ok
sources/os/bsd/freebsd-src/sbin/dhclient/tests	Docs/researches/sources/os/bsd/freebsd-src/sbin/dhclient/tests/current_folder_research.md	4	4	0	ok
sources/os/bsd/freebsd-src/sbin/geom/core	Docs/researches/sources/os/bsd/freebsd-src/sbin/geom/core/current_folder_research.md	2	2	0	ok
sources/os/bsd/freebsd-src/sbin/geom/misc	Docs/researches/sources/os/bsd/freebsd-src/sbin/geom/misc/current_folder_research.md	2	2	0	ok
sources/os/bsd/freebsd-src/sbin/ggate/ggatec	Docs/researches/sources/os/bsd/freebsd-src/sbin/ggate/ggatec/current_folder_research.md	2	2	0	ok
sources/os/bsd/freebsd-src/sbin/ggate/ggated	Docs/researches/sources/os/bsd/freebsd-src/sbin/ggate/ggated/current_folder_research.md	2	2	0	ok
sources/os/bsd/freebsd-src/sbin/ggate/ggatel	Docs/researches/sources/os/bsd/freebsd-src/sbin/ggate/ggatel/current_folder_research.md	2	2	0	ok
sources/os/bsd/freebsd-src/sbin/ggate/shared	Docs/researches/sources/os/bsd/freebsd-src/sbin/ggate/shared/current_folder_research.md	2	2	0	ok
sources/os/bsd/freebsd-src/sbin/growfs/tests	Docs/researches/sources/os/bsd/freebsd-src/sbin/growfs/tests/current_folder_research.md	2	2	0	ok
sources/os/bsd/freebsd-src/sbin/ifconfig/tests	Docs/researches/sources/os/bsd/freebsd-src/sbin/ifconfig/tests/current_folder_research.md	3	3	0	ok
sources/os/bsd/freebsd-src/sbin/ipf/common	Docs/researches/sources/os/bsd/freebsd-src/sbin/ipf/common/current_folder_research.md	10	10	0	ok
sources/os/bsd/freebsd-src/sbin/ipf/ipf	Docs/researches/sources/os/bsd/freebsd-src/sbin/ipf/ipf/current_folder_research.md	5	5	0	ok
sources/os/bsd/freebsd-src/sbin/ipf/ipfs	Docs/researches/sources/os/bsd/freebsd-src/sbin/ipf/ipfs/current_folder_research.md	2	2	0	ok
sources/os/bsd/freebsd-src/sbin/ipf/ipfstat	Docs/researches/sources/os/bsd/freebsd-src/sbin/ipf/ipfstat/current_folder_research.md	2	2	0	ok
sources/os/bsd/freebsd-src/sbin/ipf/ipfsync	Docs/researches/sources/os/bsd/freebsd-src/sbin/ipf/ipfsync/current_folder_research.md	3	3	0	ok
sources/os/bsd/freebsd-src/sbin/ipf/ipftest	Docs/researches/sources/os/bsd/freebsd-src/sbin/ipf/ipftest/current_folder_research.md	5	5	0	ok
sources/os/bsd/freebsd-src/sbin/ipf/iplang	Docs/researches/sources/os/bsd/freebsd-src/sbin/ipf/iplang/current_folder_research.md	4	4	0	ok
sources/os/bsd/freebsd-src/sbin/ipf/ipmon	Docs/researches/sources/os/bsd/freebsd-src/sbin/ipf/ipmon/current_folder_research.md	3	3	0	ok
sources/os/bsd/freebsd-src/sbin/ipf/ipnat	Docs/researches/sources/os/bsd/freebsd-src/sbin/ipf/ipnat/current_folder_research.md	3	3	0	ok
sources/os/bsd/freebsd-src/sbin/ipf/ippool	Docs/researches/sources/os/bsd/freebsd-src/sbin/ipf/ippool/current_folder_research.md	3	3	0	ok
sources/os/bsd/freebsd-src/sbin/ipf/ipresend	Docs/researches/sources/os/bsd/freebsd-src/sbin/ipf/ipresend/current_folder_research.md	1	1	0	ok
sources/os/bsd/freebsd-src/sbin/ipf/ipscan	Docs/researches/sources/os/bsd/freebsd-src/sbin/ipf/ipscan/current_folder_research.md	2	2	0	ok
sources/os/bsd/freebsd-src/sbin/ipf/ipsend	Docs/researches/sources/os/bsd/freebsd-src/sbin/ipf/ipsend/current_folder_research.md	18	18	0	ok
sources/os/bsd/freebsd-src/sbin/ipf/libipf	Docs/researches/sources/os/bsd/freebsd-src/sbin/ipf/libipf/current_folder_research.md	143	143	0	ok
sources/os/bsd/freebsd-src/sbin/ipfw/tests	Docs/researches/sources/os/bsd/freebsd-src/sbin/ipfw/tests/current_folder_research.md	3	3	0	ok
sources/os/bsd/freebsd-src/sbin/md5/tests	Docs/researches/sources/os/bsd/freebsd-src/sbin/md5/tests/current_folder_research.md	2	2	0	ok
sources/os/bsd/freebsd-src/sbin/mdconfig/tests	Docs/researches/sources/os/bsd/freebsd-src/sbin/mdconfig/tests/current_folder_research.md	2	2	0	ok
sources/os/bsd/freebsd-src/sbin/newfs_msdos/tests	Docs/researches/sources/os/bsd/freebsd-src/sbin/newfs_msdos/tests/current_folder_research.md	1	1	0	ok
sources/os/bsd/freebsd-src/sbin/nvmecontrol/modules	Docs/researches/sources/os/bsd/freebsd-src/sbin/nvmecontrol/modules/current_folder_research.md	2	10	4	ok
sources/os/bsd/freebsd-src/sbin/nvmecontrol/tests	Docs/researches/sources/os/bsd/freebsd-src/sbin/nvmecontrol/tests/current_folder_research.md	2	2	0	ok
sources/os/bsd/freebsd-src/sbin/pfctl/tests	Docs/researches/sources/os/bsd/freebsd-src/sbin/pfctl/tests/current_folder_research.md	4	158	1	ok
sources/os/bsd/freebsd-src/sbin/ping/tests	Docs/researches/sources/os/bsd/freebsd-src/sbin/ping/tests/current_folder_research.md	5	5	0	ok
sources/os/bsd/freebsd-src/sbin/route/tests	Docs/researches/sources/os/bsd/freebsd-src/sbin/route/tests/current_folder_research.md	2	2	0	ok
sources/os/bsd/freebsd-src/sbin/routed/rtquery	Docs/researches/sources/os/bsd/freebsd-src/sbin/routed/rtquery/current_folder_research.md	2	2	0	ok
sources/os/bsd/freebsd-src/sbin/savecore/tests	Docs/researches/sources/os/bsd/freebsd-src/sbin/savecore/tests/current_folder_research.md	3	3	0	ok
sources/os/bsd/freebsd-src/sbin/swapon/tests	Docs/researches/sources/os/bsd/freebsd-src/sbin/swapon/tests/current_folder_research.md	2	2	0	ok
sources/os/bsd/freebsd-src/sbin/sysctl/tests	Docs/researches/sources/os/bsd/freebsd-src/sbin/sysctl/tests/current_folder_research.md	2	2	0	ok
sources/os/bsd/freebsd-src/sbin/tunefs/tests	Docs/researches/sources/os/bsd/freebsd-src/sbin/tunefs/tests/current_folder_research.md	2	2	0	ok
sources/os/bsd/freebsd-src/sys/fs/autofs	Docs/researches/sources/os/bsd/freebsd-src/sys/fs/autofs/current_folder_research.md	5	5	0	ok
sources/os/bsd/freebsd-src/sys/fs/cd9660	Docs/researches/sources/os/bsd/freebsd-src/sys/fs/cd9660/current_folder_research.md	13	13	0	ok
sources/os/bsd/freebsd-src/sys/fs/cuse	Docs/researches/sources/os/bsd/freebsd-src/sys/fs/cuse/current_folder_research.md	3	3	0	ok
sources/os/bsd/freebsd-src/sys/fs/deadfs	Docs/researches/sources/os/bsd/freebsd-src/sys/fs/deadfs/current_folder_research.md	1	1	0	ok
sources/os/bsd/freebsd-src/sys/fs/devfs	Docs/researches/sources/os/bsd/freebsd-src/sys/fs/devfs/current_folder_research.md	7	7	0	ok
sources/os/bsd/freebsd-src/sys/fs/ext2fs	Docs/researches/sources/os/bsd/freebsd-src/sys/fs/ext2fs/current_folder_research.md	26	26	0	ok
sources/os/bsd/freebsd-src/sys/fs/fdescfs	Docs/researches/sources/os/bsd/freebsd-src/sys/fs/fdescfs/current_folder_research.md	3	3	0	ok
sources/os/bsd/freebsd-src/sys/fs/fifofs	Docs/researches/sources/os/bsd/freebsd-src/sys/fs/fifofs/current_folder_research.md	1	1	0	ok
sources/os/bsd/freebsd-src/sys/fs/fuse	Docs/researches/sources/os/bsd/freebsd-src/sys/fs/fuse/current_folder_research.md	16	16	0	ok
sources/os/bsd/freebsd-src/sys/fs/mntfs	Docs/researches/sources/os/bsd/freebsd-src/sys/fs/mntfs/current_folder_research.md	1	1	0	ok
sources/os/bsd/freebsd-src/sys/fs/msdosfs	Docs/researches/sources/os/bsd/freebsd-src/sys/fs/msdosfs/current_folder_research.md	13	13	0	ok
sources/os/bsd/freebsd-src/sys/fs/nfs	Docs/researches/sources/os/bsd/freebsd-src/sys/fs/nfs/current_folder_research.md	19	19	0	ok
sources/os/bsd/freebsd-src/sys/fs/nfsclient	Docs/researches/sources/os/bsd/freebsd-src/sys/fs/nfsclient/current_folder_research.md	17	17	0	ok
sources/os/bsd/freebsd-src/sys/fs/nfsserver	Docs/researches/sources/os/bsd/freebsd-src/sys/fs/nfsserver/current_folder_research.md	9	9	0	ok
sources/os/bsd/freebsd-src/sys/fs/nullfs	Docs/researches/sources/os/bsd/freebsd-src/sys/fs/nullfs/current_folder_research.md	4	4	0	ok
sources/os/bsd/freebsd-src/sys/fs/p9fs	Docs/researches/sources/os/bsd/freebsd-src/sys/fs/p9fs/current_folder_research.md	12	12	0	ok
sources/os/bsd/freebsd-src/sys/fs/procfs	Docs/researches/sources/os/bsd/freebsd-src/sys/fs/procfs/current_folder_research.md	12	12	0	ok
sources/os/bsd/freebsd-src/sys/fs/pseudofs	Docs/researches/sources/os/bsd/freebsd-src/sys/fs/pseudofs/current_folder_research.md	6	6	0	ok
sources/os/bsd/freebsd-src/sys/fs/smbfs	Docs/researches/sources/os/bsd/freebsd-src/sys/fs/smbfs/current_folder_research.md	9	9	0	ok
sources/os/bsd/freebsd-src/sys/fs/tarfs	Docs/researches/sources/os/bsd/freebsd-src/sys/fs/tarfs/current_folder_research.md	6	6	0	ok
sources/os/bsd/freebsd-src/sys/fs/tmpfs	Docs/researches/sources/os/bsd/freebsd-src/sys/fs/tmpfs/current_folder_research.md	7	7	0	ok
sources/os/bsd/freebsd-src/sys/fs/udf	Docs/researches/sources/os/bsd/freebsd-src/sys/fs/udf/current_folder_research.md	8	8	0	ok
sources/os/bsd/freebsd-src/sys/fs/unionfs	Docs/researches/sources/os/bsd/freebsd-src/sys/fs/unionfs/current_folder_research.md	4	4	0	ok
sources/os/bsd/freebsd-src/sys/sys/disk	Docs/researches/sources/os/bsd/freebsd-src/sys/sys/disk/current_folder_research.md	4	4	0	ok
sources/os/bsd/freebsd-src/sys/ufs/ffs	Docs/researches/sources/os/bsd/freebsd-src/sys/ufs/ffs/current_folder_research.md	14	14	0	ok
sources/os/bsd/freebsd-src/sys/ufs/ufs	Docs/researches/sources/os/bsd/freebsd-src/sys/ufs/ufs/current_folder_research.md	20	20	0	ok
sources/os/bsd/netbsd-src/lib/csu/arch	Docs/researches/sources/os/bsd/netbsd-src/lib/csu/arch/current_folder_research.md	0	104	17	ok
sources/os/bsd/netbsd-src/lib/csu/common	Docs/researches/sources/os/bsd/netbsd-src/lib/csu/common/current_folder_research.md	6	6	0	ok
sources/os/bsd/netbsd-src/lib/i18n_module/BIG5	Docs/researches/sources/os/bsd/netbsd-src/lib/i18n_module/BIG5/current_folder_research.md	1	1	0	ok
sources/os/bsd/netbsd-src/lib/i18n_module/DECHanyu	Docs/researches/sources/os/bsd/netbsd-src/lib/i18n_module/DECHanyu/current_folder_research.md	1	1	0	ok
sources/os/bsd/netbsd-src/lib/i18n_module/EUC	Docs/researches/sources/os/bsd/netbsd-src/lib/i18n_module/EUC/current_folder_research.md	1	1	0	ok
sources/os/bsd/netbsd-src/lib/i18n_module/EUCTW	Docs/researches/sources/os/bsd/netbsd-src/lib/i18n_module/EUCTW/current_folder_research.md	1	1	0	ok
sources/os/bsd/netbsd-src/lib/i18n_module/GBK2K	Docs/researches/sources/os/bsd/netbsd-src/lib/i18n_module/GBK2K/current_folder_research.md	1	1	0	ok
sources/os/bsd/netbsd-src/lib/i18n_module/HZ	Docs/researches/sources/os/bsd/netbsd-src/lib/i18n_module/HZ/current_folder_research.md	1	1	0	ok
sources/os/bsd/netbsd-src/lib/i18n_module/ISO2022	Docs/researches/sources/os/bsd/netbsd-src/lib/i18n_module/ISO2022/current_folder_research.md	1	1	0	ok
sources/os/bsd/netbsd-src/lib/i18n_module/JOHAB	Docs/researches/sources/os/bsd/netbsd-src/lib/i18n_module/JOHAB/current_folder_research.md	1	1	0	ok
sources/os/bsd/netbsd-src/lib/i18n_module/MSKanji	Docs/researches/sources/os/bsd/netbsd-src/lib/i18n_module/MSKanji/current_folder_research.md	1	1	0	ok
sources/os/bsd/netbsd-src/lib/i18n_module/UES	Docs/researches/sources/os/bsd/netbsd-src/lib/i18n_module/UES/current_folder_research.md	1	1	0	ok
sources/os/bsd/netbsd-src/lib/i18n_module/UTF1632	Docs/researches/sources/os/bsd/netbsd-src/lib/i18n_module/UTF1632/current_folder_research.md	1	1	0	ok
sources/os/bsd/netbsd-src/lib/i18n_module/UTF7	Docs/researches/sources/os/bsd/netbsd-src/lib/i18n_module/UTF7/current_folder_research.md	1	1	0	ok
sources/os/bsd/netbsd-src/lib/i18n_module/UTF8	Docs/researches/sources/os/bsd/netbsd-src/lib/i18n_module/UTF8/current_folder_research.md	1	1	0	ok
sources/os/bsd/netbsd-src/lib/i18n_module/VIQR	Docs/researches/sources/os/bsd/netbsd-src/lib/i18n_module/VIQR/current_folder_research.md	1	1	0	ok
sources/os/bsd/netbsd-src/lib/i18n_module/ZW	Docs/researches/sources/os/bsd/netbsd-src/lib/i18n_module/ZW/current_folder_research.md	1	1	0	ok
sources/os/bsd/netbsd-src/lib/i18n_module/iconv_none	Docs/researches/sources/os/bsd/netbsd-src/lib/i18n_module/iconv_none/current_folder_research.md	1	1	0	ok
sources/os/bsd/netbsd-src/lib/i18n_module/iconv_std	Docs/researches/sources/os/bsd/netbsd-src/lib/i18n_module/iconv_std/current_folder_research.md	1	1	0	ok
sources/os/bsd/netbsd-src/lib/i18n_module/mapper_646	Docs/researches/sources/os/bsd/netbsd-src/lib/i18n_module/mapper_646/current_folder_research.md	1	1	0	ok
sources/os/bsd/netbsd-src/lib/i18n_module/mapper_none	Docs/researches/sources/os/bsd/netbsd-src/lib/i18n_module/mapper_none/current_folder_research.md	1	1	0	ok
sources/os/bsd/netbsd-src/lib/i18n_module/mapper_parallel	Docs/researches/sources/os/bsd/netbsd-src/lib/i18n_module/mapper_parallel/current_folder_research.md	1	1	0	ok
sources/os/bsd/netbsd-src/lib/i18n_module/mapper_serial	Docs/researches/sources/os/bsd/netbsd-src/lib/i18n_module/mapper_serial/current_folder_research.md	1	1	0	ok
sources/os/bsd/netbsd-src/lib/i18n_module/mapper_std	Docs/researches/sources/os/bsd/netbsd-src/lib/i18n_module/mapper_std/current_folder_research.md	1	1	0	ok
sources/os/bsd/netbsd-src/lib/i18n_module/mapper_zone	Docs/researches/sources/os/bsd/netbsd-src/lib/i18n_module/mapper_zone/current_folder_research.md	1	1	0	ok
sources/os/bsd/netbsd-src/lib/libarch/alpha	Docs/researches/sources/os/bsd/netbsd-src/lib/libarch/alpha/current_folder_research.md	5	5	0	ok
sources/os/bsd/netbsd-src/lib/libarch/arm	Docs/researches/sources/os/bsd/netbsd-src/lib/libarch/arm/current_folder_research.md	3	3	0	ok
sources/os/bsd/netbsd-src/lib/libarch/i386	Docs/researches/sources/os/bsd/netbsd-src/lib/libarch/i386/current_folder_research.md	7	7	0	ok
sources/os/bsd/netbsd-src/lib/libarch/m68k	Docs/researches/sources/os/bsd/netbsd-src/lib/libarch/m68k/current_folder_research.md	2	2	0	ok
sources/os/bsd/netbsd-src/lib/libarch/powerpc	Docs/researches/sources/os/bsd/netbsd-src/lib/libarch/powerpc/current_folder_research.md	1	2	1	ok
sources/os/bsd/netbsd-src/lib/libarch/sparc	Docs/researches/sources/os/bsd/netbsd-src/lib/libarch/sparc/current_folder_research.md	1	3	1	ok
sources/os/bsd/netbsd-src/lib/libarch/x86_64	Docs/researches/sources/os/bsd/netbsd-src/lib/libarch/x86_64/current_folder_research.md	3	3	0	ok
sources/os/bsd/netbsd-src/lib/libc/arch	Docs/researches/sources/os/bsd/netbsd-src/lib/libc/arch/current_folder_research.md	0	508	17	ok
sources/os/bsd/netbsd-src/lib/libc/atomic	Docs/researches/sources/os/bsd/netbsd-src/lib/libc/atomic/current_folder_research.md	1	1	0	ok
sources/os/bsd/netbsd-src/lib/libc/cdb	Docs/researches/sources/os/bsd/netbsd-src/lib/libc/cdb/current_folder_research.md	2	2	0	ok
sources/os/bsd/netbsd-src/lib/libc/citrus	Docs/researches/sources/os/bsd/netbsd-src/lib/libc/citrus/current_folder_research.md	69	116	1	ok
sources/os/bsd/netbsd-src/lib/libc/compat	Docs/researches/sources/os/bsd/netbsd-src/lib/libc/compat/current_folder_research.md	2	307	10	ok
sources/os/bsd/netbsd-src/lib/libc/compat-43	Docs/researches/sources/os/bsd/netbsd-src/lib/libc/compat-43/current_folder_research.md	11	11	0	ok
sources/os/bsd/netbsd-src/lib/libc/compiler_rt	Docs/researches/sources/os/bsd/netbsd-src/lib/libc/compiler_rt/current_folder_research.md	1	1	0	ok
sources/os/bsd/netbsd-src/lib/libc/db	Docs/researches/sources/os/bsd/netbsd-src/lib/libc/db/current_folder_research.md	2	47	6	ok
sources/os/bsd/netbsd-src/lib/libc/dlfcn	Docs/researches/sources/os/bsd/netbsd-src/lib/libc/dlfcn/current_folder_research.md	2	2	0	ok
sources/os/bsd/netbsd-src/lib/libc/gdtoa	Docs/researches/sources/os/bsd/netbsd-src/lib/libc/gdtoa/current_folder_research.md	57	75	1	ok
sources/os/bsd/netbsd-src/lib/libc/gmon	Docs/researches/sources/os/bsd/netbsd-src/lib/libc/gmon/current_folder_research.md	2	2	0	ok
sources/os/bsd/netbsd-src/lib/libc/hash	Docs/researches/sources/os/bsd/netbsd-src/lib/libc/hash/current_folder_research.md	3	17	6	ok
sources/os/bsd/netbsd-src/lib/libc/iconv	Docs/researches/sources/os/bsd/netbsd-src/lib/libc/iconv/current_folder_research.md	2	2	0	ok
sources/os/bsd/netbsd-src/lib/libc/include	Docs/researches/sources/os/bsd/netbsd-src/lib/libc/include/current_folder_research.md	14	20	1	ok
sources/os/bsd/netbsd-src/lib/libc/inet	Docs/researches/sources/os/bsd/netbsd-src/lib/libc/inet/current_folder_research.md	14	14	0	ok
sources/os/bsd/netbsd-src/lib/libc/isc	Docs/researches/sources/os/bsd/netbsd-src/lib/libc/isc/current_folder_research.md	5	5	0	ok
sources/os/bsd/netbsd-src/lib/libc/locale	Docs/researches/sources/os/bsd/netbsd-src/lib/libc/locale/current_folder_research.md	61	61	0	ok
sources/os/bsd/netbsd-src/lib/libc/md	Docs/researches/sources/os/bsd/netbsd-src/lib/libc/md/current_folder_research.md	5	5	0	ok
sources/os/bsd/netbsd-src/lib/libc/misc	Docs/researches/sources/os/bsd/netbsd-src/lib/libc/misc/current_folder_research.md	3	3	0	ok
sources/os/bsd/netbsd-src/lib/libc/nameser	Docs/researches/sources/os/bsd/netbsd-src/lib/libc/nameser/current_folder_research.md	7	7	0	ok
sources/os/bsd/netbsd-src/lib/libc/net	Docs/researches/sources/os/bsd/netbsd-src/lib/libc/net/current_folder_research.md	48	48	0	ok
sources/os/bsd/netbsd-src/lib/libc/nls	Docs/researches/sources/os/bsd/netbsd-src/lib/libc/nls/current_folder_research.md	4	4	0	ok
sources/os/bsd/netbsd-src/lib/libc/posix1e	Docs/researches/sources/os/bsd/netbsd-src/lib/libc/posix1e/current_folder_research.md	24	24	0	ok
sources/os/bsd/netbsd-src/lib/libc/quad	Docs/researches/sources/os/bsd/netbsd-src/lib/libc/quad/current_folder_research.md	18	21	1	ok
sources/os/bsd/netbsd-src/lib/libc/regex	Docs/researches/sources/os/bsd/netbsd-src/lib/libc/regex/current_folder_research.md	10	10	0	ok
sources/os/bsd/netbsd-src/lib/libc/resolv	Docs/researches/sources/os/bsd/netbsd-src/lib/libc/resolv/current_folder_research.md	15	15	0	ok
sources/os/bsd/netbsd-src/lib/libc/rpc	Docs/researches/sources/os/bsd/netbsd-src/lib/libc/rpc/current_folder_research.md	51	51	0	ok
sources/os/bsd/netbsd-src/lib/libc/softfloat	Docs/researches/sources/os/bsd/netbsd-src/lib/libc/softfloat/current_folder_research.md	39	43	3	ok
sources/os/bsd/netbsd-src/lib/libc/ssp	Docs/researches/sources/os/bsd/netbsd-src/lib/libc/ssp/current_folder_research.md	17	17	0	ok
sources/os/bsd/netbsd-src/lib/libc/stdio	Docs/researches/sources/os/bsd/netbsd-src/lib/libc/stdio/current_folder_research.md	115	115	0	ok
sources/os/bsd/netbsd-src/lib/libc/stdlib	Docs/researches/sources/os/bsd/netbsd-src/lib/libc/stdlib/current_folder_research.md	76	76	0	ok
sources/os/bsd/netbsd-src/lib/libc/string	Docs/researches/sources/os/bsd/netbsd-src/lib/libc/string/current_folder_research.md	75	75	0	ok
sources/os/bsd/netbsd-src/lib/libc/sys	Docs/researches/sources/os/bsd/netbsd-src/lib/libc/sys/current_folder_research.md	46	46	0	ok
sources/os/bsd/netbsd-src/lib/libc/termios	Docs/researches/sources/os/bsd/netbsd-src/lib/libc/termios/current_folder_research.md	18	18	0	ok
sources/os/bsd/netbsd-src/lib/libc/thread-stub	Docs/researches/sources/os/bsd/netbsd-src/lib/libc/thread-stub/current_folder_research.md	4	4	0	ok
sources/os/bsd/netbsd-src/lib/libc/time	Docs/researches/sources/os/bsd/netbsd-src/lib/libc/time/current_folder_research.md	14	14	0	ok
sources/os/bsd/netbsd-src/lib/libc/tls	Docs/researches/sources/os/bsd/netbsd-src/lib/libc/tls/current_folder_research.md	2	2	0	ok
sources/os/bsd/netbsd-src/lib/libc/uuid	Docs/researches/sources/os/bsd/netbsd-src/lib/libc/uuid/current_folder_research.md	10	10	0	ok
sources/os/bsd/netbsd-src/lib/libc/yp	Docs/researches/sources/os/bsd/netbsd-src/lib/libc/yp/current_folder_research.md	12	12	0	ok
sources/os/bsd/netbsd-src/lib/libc_aligned/arch	Docs/researches/sources/os/bsd/netbsd-src/lib/libc_aligned/arch/current_folder_research.md	0	1	1	ok
sources/os/bsd/netbsd-src/lib/libc_fp/arch	Docs/researches/sources/os/bsd/netbsd-src/lib/libc_fp/arch/current_folder_research.md	0	3	1	ok
sources/os/bsd/netbsd-src/lib/libcompat/4.1	Docs/researches/sources/os/bsd/netbsd-src/lib/libcompat/4.1/current_folder_research.md	3	3	0	ok
sources/os/bsd/netbsd-src/lib/libcompat/4.3	Docs/researches/sources/os/bsd/netbsd-src/lib/libcompat/4.3/current_folder_research.md	4	4	0	ok
sources/os/bsd/netbsd-src/lib/libcompat/4.4	Docs/researches/sources/os/bsd/netbsd-src/lib/libcompat/4.4/current_folder_research.md	1	1	0	ok
sources/os/bsd/netbsd-src/lib/libcompat/regexp	Docs/researches/sources/os/bsd/netbsd-src/lib/libcompat/regexp/current_folder_research.md	3	3	0	ok
sources/os/bsd/netbsd-src/lib/libcurses/EXAMPLES	Docs/researches/sources/os/bsd/netbsd-src/lib/libcurses/EXAMPLES/current_folder_research.md	3	3	0	ok
sources/os/bsd/netbsd-src/lib/libcurses/PSD.doc	Docs/researches/sources/os/bsd/netbsd-src/lib/libcurses/PSD.doc/current_folder_research.md	7	7	0	ok
sources/os/bsd/netbsd-src/lib/libedit/TEST	Docs/researches/sources/os/bsd/netbsd-src/lib/libedit/TEST/current_folder_research.md	6	6	0	ok
sources/os/bsd/netbsd-src/lib/libedit/readline	Docs/researches/sources/os/bsd/netbsd-src/lib/libedit/readline/current_folder_research.md	2	2	0	ok
sources/os/bsd/netbsd-src/lib/libm/arch	Docs/researches/sources/os/bsd/netbsd-src/lib/libm/arch/current_folder_research.md	0	172	17	ok
sources/os/bsd/netbsd-src/lib/libm/compat	Docs/researches/sources/os/bsd/netbsd-src/lib/libm/compat/current_folder_research.md	2	2	0	ok
sources/os/bsd/netbsd-src/lib/libm/compiler_rt	Docs/researches/sources/os/bsd/netbsd-src/lib/libm/compiler_rt/current_folder_research.md	1	1	0	ok
sources/os/bsd/netbsd-src/lib/libm/complex	Docs/researches/sources/os/bsd/netbsd-src/lib/libm/complex/current_folder_research.md	76	76	0	ok
sources/os/bsd/netbsd-src/lib/libm/ld128	Docs/researches/sources/os/bsd/netbsd-src/lib/libm/ld128/current_folder_research.md	23	23	0	ok
sources/os/bsd/netbsd-src/lib/libm/ld80	Docs/researches/sources/os/bsd/netbsd-src/lib/libm/ld80/current_folder_research.md	23	23	0	ok
sources/os/bsd/netbsd-src/lib/libm/noieee_src	Docs/researches/sources/os/bsd/netbsd-src/lib/libm/noieee_src/current_folder_research.md	48	48	0	ok
sources/os/bsd/netbsd-src/lib/libm/softfloat	Docs/researches/sources/os/bsd/netbsd-src/lib/libm/softfloat/current_folder_research.md	14	14	0	ok
sources/os/bsd/netbsd-src/lib/libm/src	Docs/researches/sources/os/bsd/netbsd-src/lib/libm/src/current_folder_research.md	264	264	0	ok
sources/os/bsd/netbsd-src/lib/libpam/libpam	Docs/researches/sources/os/bsd/netbsd-src/lib/libpam/libpam/current_folder_research.md	4	5	1	ok
sources/os/bsd/netbsd-src/lib/libpam/modules	Docs/researches/sources/os/bsd/netbsd-src/lib/libpam/modules/current_folder_research.md	2	48	22	ok
sources/os/bsd/netbsd-src/lib/libpam/staticmodules	Docs/researches/sources/os/bsd/netbsd-src/lib/libpam/staticmodules/current_folder_research.md	1	1	0	ok
sources/os/bsd/netbsd-src/lib/libposix/sys	Docs/researches/sources/os/bsd/netbsd-src/lib/libposix/sys/current_folder_research.md	1	1	0	ok
sources/os/bsd/netbsd-src/lib/libpthread/arch	Docs/researches/sources/os/bsd/netbsd-src/lib/libpthread/arch/current_folder_research.md	0	18	16	ok
sources/os/bsd/netbsd-src/lib/libpthread/compat	Docs/researches/sources/os/bsd/netbsd-src/lib/libpthread/compat/current_folder_research.md	3	3	0	ok
sources/os/bsd/netbsd-src/lib/librefuse/refuse	Docs/researches/sources/os/bsd/netbsd-src/lib/librefuse/refuse/current_folder_research.md	33	33	0	ok
sources/os/bsd/netbsd-src/lib/librt/sys	Docs/researches/sources/os/bsd/netbsd-src/lib/librt/sys/current_folder_research.md	1	1	0	ok
sources/os/bsd/netbsd-src/lib/librumpuser/build-aux	Docs/researches/sources/os/bsd/netbsd-src/lib/librumpuser/build-aux/current_folder_research.md	4	4	0	ok
sources/os/bsd/netbsd-src/lib/libutil/compat	Docs/researches/sources/os/bsd/netbsd-src/lib/libutil/compat/current_folder_research.md	10	10	0	ok
sources/os/bsd/netbsd-src/lib/lua/bozohttpd	Docs/researches/sources/os/bsd/netbsd-src/lib/lua/bozohttpd/current_folder_research.md	1	1	0	ok
sources/os/bsd/netbsd-src/lib/lua/gpio	Docs/researches/sources/os/bsd/netbsd-src/lib/lua/gpio/current_folder_research.md	2	2	0	ok
sources/os/bsd/netbsd-src/lib/lua/libm	Docs/researches/sources/os/bsd/netbsd-src/lib/lua/libm/current_folder_research.md	2	2	0	ok
sources/os/bsd/netbsd-src/lib/lua/sqlite	Docs/researches/sources/os/bsd/netbsd-src/lib/lua/sqlite/current_folder_research.md	2	2	0	ok
sources/os/bsd/netbsd-src/lib/lua/syslog	Docs/researches/sources/os/bsd/netbsd-src/lib/lua/syslog/current_folder_research.md	2	2	0	ok
sources/os/bsd/netbsd-src/lib/npf/ext_log	Docs/researches/sources/os/bsd/netbsd-src/lib/npf/ext_log/current_folder_research.md	2	2	0	ok
sources/os/bsd/netbsd-src/lib/npf/ext_normalize	Docs/researches/sources/os/bsd/netbsd-src/lib/npf/ext_normalize/current_folder_research.md	2	2	0	ok
sources/os/bsd/netbsd-src/lib/npf/ext_rndblock	Docs/researches/sources/os/bsd/netbsd-src/lib/npf/ext_rndblock/current_folder_research.md	2	2	0	ok
sources/os/bsd/netbsd-src/lib/npf/ext_route	Docs/researches/sources/os/bsd/netbsd-src/lib/npf/ext_route/current_folder_research.md	2	2	0	ok
sources/os/bsd/netbsd-src/sys/fs/adosfs	Docs/researches/sources/os/bsd/netbsd-src/sys/fs/adosfs/current_folder_research.md	6	6	0	ok
sources/os/bsd/netbsd-src/sys/fs/autofs	Docs/researches/sources/os/bsd/netbsd-src/sys/fs/autofs/current_folder_research.md	7	7	0	ok
sources/os/bsd/netbsd-src/sys/fs/cd9660	Docs/researches/sources/os/bsd/netbsd-src/sys/fs/cd9660/current_folder_research.md	14	14	0	ok
sources/os/bsd/netbsd-src/sys/fs/efs	Docs/researches/sources/os/bsd/netbsd-src/sys/fs/efs/current_folder_research.md	14	14	0	ok
sources/os/bsd/netbsd-src/sys/fs/filecorefs	Docs/researches/sources/os/bsd/netbsd-src/sys/fs/filecorefs/current_folder_research.md	11	11	0	ok
sources/os/bsd/netbsd-src/sys/fs/hfs	Docs/researches/sources/os/bsd/netbsd-src/sys/fs/hfs/current_folder_research.md	9	9	0	ok
sources/os/bsd/netbsd-src/sys/fs/msdosfs	Docs/researches/sources/os/bsd/netbsd-src/sys/fs/msdosfs/current_folder_research.md	15	15	0	ok
sources/os/bsd/netbsd-src/sys/fs/nfs	Docs/researches/sources/os/bsd/netbsd-src/sys/fs/nfs/current_folder_research.md	1	74	4	ok
sources/os/bsd/netbsd-src/sys/fs/nilfs	Docs/researches/sources/os/bsd/netbsd-src/sys/fs/nilfs/current_folder_research.md	9	9	0	ok
sources/os/bsd/netbsd-src/sys/fs/ntfs	Docs/researches/sources/os/bsd/netbsd-src/sys/fs/ntfs/current_folder_research.md	14	14	0	ok
sources/os/bsd/netbsd-src/sys/fs/ptyfs	Docs/researches/sources/os/bsd/netbsd-src/sys/fs/ptyfs/current_folder_research.md	5	5	0	ok
sources/os/bsd/netbsd-src/sys/fs/puffs	Docs/researches/sources/os/bsd/netbsd-src/sys/fs/puffs/current_folder_research.md	9	9	0	ok
sources/os/bsd/netbsd-src/sys/fs/sysvbfs	Docs/researches/sources/os/bsd/netbsd-src/sys/fs/sysvbfs/current_folder_research.md	9	9	0	ok
sources/os/bsd/netbsd-src/sys/fs/tmpfs	Docs/researches/sources/os/bsd/netbsd-src/sys/fs/tmpfs/current_folder_research.md	13	13	0	ok
sources/os/bsd/netbsd-src/sys/fs/udf	Docs/researches/sources/os/bsd/netbsd-src/sys/fs/udf/current_folder_research.md	18	18	0	ok
sources/os/bsd/netbsd-src/sys/fs/union	Docs/researches/sources/os/bsd/netbsd-src/sys/fs/union/current_folder_research.md	5	5	0	ok
sources/os/bsd/netbsd-src/sys/fs/unionfs	Docs/researches/sources/os/bsd/netbsd-src/sys/fs/unionfs/current_folder_research.md	5	5	0	ok
sources/os/bsd/netbsd-src/sys/fs/v7fs	Docs/researches/sources/os/bsd/netbsd-src/sys/fs/v7fs/current_folder_research.md	26	26	0	ok
sources/os/bsd/netbsd-src/sys/ufs/chfs	Docs/researches/sources/os/bsd/netbsd-src/sys/ufs/chfs/current_folder_research.md	25	25	0	ok
sources/os/bsd/netbsd-src/sys/ufs/ext2fs	Docs/researches/sources/os/bsd/netbsd-src/sys/ufs/ext2fs/current_folder_research.md	24	24	0	ok
sources/os/bsd/netbsd-src/sys/ufs/ffs	Docs/researches/sources/os/bsd/netbsd-src/sys/ufs/ffs/current_folder_research.md	16	16	0	ok
sources/os/bsd/netbsd-src/sys/ufs/lfs	Docs/researches/sources/os/bsd/netbsd-src/sys/ufs/lfs/current_folder_research.md	47	47	0	ok
sources/os/bsd/netbsd-src/sys/ufs/mfs	Docs/researches/sources/os/bsd/netbsd-src/sys/ufs/mfs/current_folder_research.md	6	6	0	ok
sources/os/bsd/netbsd-src/sys/ufs/ufs	Docs/researches/sources/os/bsd/netbsd-src/sys/ufs/ufs/current_folder_research.md	30	30	0	ok
sources/os/bsd/openbsd-src/sbin/fsck_ffs/SMM.doc	Docs/researches/sources/os/bsd/openbsd-src/sbin/fsck_ffs/SMM.doc/current_folder_research.md	1	1	0	ok
sources/os/bsd/openbsd-src/sbin/isakmpd/sysdep	Docs/researches/sources/os/bsd/openbsd-src/sbin/isakmpd/sysdep/current_folder_research.md	0	1	1	ok
sources/os/bsd/openbsd-src/sbin/unwind/libunbound	Docs/researches/sources/os/bsd/openbsd-src/sbin/unwind/libunbound/current_folder_research.md	2	183	11	ok
sources/os/bsd/openbsd-src/sys/miscfs/deadfs	Docs/researches/sources/os/bsd/openbsd-src/sys/miscfs/deadfs/current_folder_research.md	1	1	0	ok
sources/os/bsd/openbsd-src/sys/miscfs/fifofs	Docs/researches/sources/os/bsd/openbsd-src/sys/miscfs/fifofs/current_folder_research.md	2	2	0	ok
sources/os/bsd/openbsd-src/sys/miscfs/fuse	Docs/researches/sources/os/bsd/openbsd-src/sys/miscfs/fuse/current_folder_research.md	9	9	0	ok
sources/os/bsd/openbsd-src/sys/ufs/ext2fs	Docs/researches/sources/os/bsd/openbsd-src/sys/ufs/ext2fs/current_folder_research.md	16	16	0	ok
sources/os/bsd/openbsd-src/sys/ufs/ffs	Docs/researches/sources/os/bsd/openbsd-src/sys/ufs/ffs/current_folder_research.md	9	9	0	ok
sources/os/bsd/openbsd-src/sys/ufs/mfs	Docs/researches/sources/os/bsd/openbsd-src/sys/ufs/mfs/current_folder_research.md	4	4	0	ok
sources/os/bsd/openbsd-src/sys/ufs/ufs	Docs/researches/sources/os/bsd/openbsd-src/sys/ufs/ufs/current_folder_research.md	16	16	0	ok
sources/os/illumos/illumos-gate/usr/src/cmd	Docs/researches/sources/os/illumos/illumos-gate/usr/src/cmd/current_folder_research.md	0	13	2	ok
sources/os/illumos/illumos-gate/usr/src/uts	Docs/researches/sources/os/illumos/illumos-gate/usr/src/uts/current_folder_research.md	0	2193	1	ok
sources/os/linux/linux-stable/fs/btrfs/tests	Docs/researches/sources/os/linux/linux-stable/fs/btrfs/tests/current_folder_research.md	13	13	0	ok
sources/os/linux/linux-stable/fs/nfs/blocklayout	Docs/researches/sources/os/linux/linux-stable/fs/nfs/blocklayout/current_folder_research.md	6	6	0	ok
sources/os/linux/linux-stable/fs/nfs/filelayout	Docs/researches/sources/os/linux/linux-stable/fs/nfs/filelayout/current_folder_research.md	4	4	0	ok
sources/os/linux/linux-stable/fs/nfs/flexfilelayout	Docs/researches/sources/os/linux/linux-stable/fs/nfs/flexfilelayout/current_folder_research.md	4	4	0	ok
sources/os/linux/linux-stable/fs/notify/dnotify	Docs/researches/sources/os/linux/linux-stable/fs/notify/dnotify/current_folder_research.md	3	3	0	ok
sources/os/linux/linux-stable/fs/notify/fanotify	Docs/researches/sources/os/linux/linux-stable/fs/notify/fanotify/current_folder_research.md	5	5	0	ok
sources/os/linux/linux-stable/fs/notify/inotify	Docs/researches/sources/os/linux/linux-stable/fs/notify/inotify/current_folder_research.md	5	5	0	ok
sources/os/linux/linux-stable/fs/ntfs3/lib	Docs/researches/sources/os/linux/linux-stable/fs/ntfs3/lib/current_folder_research.md	5	5	0	ok
sources/os/linux/linux-stable/fs/ocfs2/cluster	Docs/researches/sources/os/linux/linux-stable/fs/ocfs2/cluster/current_folder_research.md	17	17	0	ok
sources/os/linux/linux-stable/fs/ocfs2/dlm	Docs/researches/sources/os/linux/linux-stable/fs/ocfs2/dlm/current_folder_research.md	15	15	0	ok
sources/os/linux/linux-stable/fs/ocfs2/dlmfs	Docs/researches/sources/os/linux/linux-stable/fs/ocfs2/dlmfs/current_folder_research.md	4	4	0	ok
sources/os/linux/linux-stable/fs/smb/client	Docs/researches/sources/os/linux/linux-stable/fs/smb/client/current_folder_research.md	89	91	1	ok
sources/os/linux/linux-stable/fs/smb/common	Docs/researches/sources/os/linux/linux-stable/fs/smb/common/current_folder_research.md	10	10	0	ok
sources/os/linux/linux-stable/fs/smb/server	Docs/researches/sources/os/linux/linux-stable/fs/smb/server/current_folder_research.md	47	57	1	ok
sources/os/linux/linux-stable/fs/smb/smbdirect	Docs/researches/sources/os/linux/linux-stable/fs/smb/smbdirect/current_folder_research.md	15	15	0	ok
sources/os/linux/linux-stable/fs/unicode/tests	Docs/researches/sources/os/linux/linux-stable/fs/unicode/tests/current_folder_research.md	1	1	0	ok
sources/os/linux/linux-stable/fs/xfs/libxfs	Docs/researches/sources/os/linux/linux-stable/fs/xfs/libxfs/current_folder_research.md	102	102	0	ok
sources/os/linux/linux-stable/fs/xfs/scrub	Docs/researches/sources/os/linux/linux-stable/fs/xfs/scrub/current_folder_research.md	108	108	0	ok
sources/os/linux/linux/fs/btrfs/tests	Docs/researches/sources/os/linux/linux/fs/btrfs/tests/current_folder_research.md	13	13	0	ok
sources/os/linux/linux/fs/nfs/blocklayout	Docs/researches/sources/os/linux/linux/fs/nfs/blocklayout/current_folder_research.md	6	6	0	ok
sources/os/linux/linux/fs/nfs/filelayout	Docs/researches/sources/os/linux/linux/fs/nfs/filelayout/current_folder_research.md	4	4	0	ok
sources/os/linux/linux/fs/nfs/flexfilelayout	Docs/researches/sources/os/linux/linux/fs/nfs/flexfilelayout/current_folder_research.md	4	4	0	ok
sources/os/linux/linux/fs/notify/dnotify	Docs/researches/sources/os/linux/linux/fs/notify/dnotify/current_folder_research.md	3	3	0	ok
sources/os/linux/linux/fs/notify/fanotify	Docs/researches/sources/os/linux/linux/fs/notify/fanotify/current_folder_research.md	5	5	0	ok
sources/os/linux/linux/fs/notify/inotify	Docs/researches/sources/os/linux/linux/fs/notify/inotify/current_folder_research.md	5	5	0	ok
sources/os/linux/linux/fs/ntfs3/lib	Docs/researches/sources/os/linux/linux/fs/ntfs3/lib/current_folder_research.md	5	5	0	ok
sources/os/linux/linux/fs/ocfs2/cluster	Docs/researches/sources/os/linux/linux/fs/ocfs2/cluster/current_folder_research.md	17	17	0	ok
sources/os/linux/linux/fs/ocfs2/dlm	Docs/researches/sources/os/linux/linux/fs/ocfs2/dlm/current_folder_research.md	15	15	0	ok
sources/os/linux/linux/fs/ocfs2/dlmfs	Docs/researches/sources/os/linux/linux/fs/ocfs2/dlmfs/current_folder_research.md	4	4	0	ok
sources/os/linux/linux/fs/smb/client	Docs/researches/sources/os/linux/linux/fs/smb/client/current_folder_research.md	89	91	1	ok
sources/os/linux/linux/fs/smb/common	Docs/researches/sources/os/linux/linux/fs/smb/common/current_folder_research.md	10	10	0	ok
sources/os/linux/linux/fs/smb/server	Docs/researches/sources/os/linux/linux/fs/smb/server/current_folder_research.md	47	57	1	ok
sources/os/linux/linux/fs/smb/smbdirect	Docs/researches/sources/os/linux/linux/fs/smb/smbdirect/current_folder_research.md	15	15	0	ok
sources/os/linux/linux/fs/unicode/tests	Docs/researches/sources/os/linux/linux/fs/unicode/tests/current_folder_research.md	1	1	0	ok
sources/os/linux/linux/fs/xfs/libxfs	Docs/researches/sources/os/linux/linux/fs/xfs/libxfs/current_folder_research.md	102	102	0	ok
sources/os/linux/linux/fs/xfs/scrub	Docs/researches/sources/os/linux/linux/fs/xfs/scrub/current_folder_research.md	108	108	0	ok
sources/os/linux/linux/mm/damon/tests	Docs/researches/sources/os/linux/linux/mm/damon/tests/current_folder_research.md	3	3	0	ok
sources/os/plan9/9front/sys/src/9	Docs/researches/sources/os/plan9/9front/sys/src/9/current_folder_research.md	0	721	20	ok
sources/os/plan9/9front/sys/src/cmd	Docs/researches/sources/os/plan9/9front/sys/src/cmd/current_folder_research.md	159	4285	134	ok
sources/os/plan9/9front/sys/src/lib9p	Docs/researches/sources/os/plan9/9front/sys/src/lib9p/current_folder_research.md	25	25	0	ok
sources/os/plan9/plan9/sys/src/9	Docs/researches/sources/os/plan9/plan9/sys/src/9/current_folder_research.md	0	553	12	ok
sources/os/plan9/plan9/sys/src/cmd	Docs/researches/sources/os/plan9/plan9/sys/src/cmd/current_folder_research.md	128	4190	110	ok
sources/os/plan9/plan9/sys/src/lib9p	Docs/researches/sources/os/plan9/plan9/sys/src/lib9p/current_folder_research.md	17	17	0	ok
sources/teaching/minix/minix/drivers/storage/ahci	Docs/researches/sources/teaching/minix/minix/drivers/storage/ahci/current_folder_research.md	3	3	0	ok
sources/teaching/minix/minix/drivers/storage/at_wini	Docs/researches/sources/teaching/minix/minix/drivers/storage/at_wini/current_folder_research.md	4	4	0	ok
sources/teaching/minix/minix/drivers/storage/fbd	Docs/researches/sources/teaching/minix/minix/drivers/storage/fbd/current_folder_research.md	6	6	0	ok
sources/teaching/minix/minix/drivers/storage/filter	Docs/researches/sources/teaching/minix/minix/drivers/storage/filter/current_folder_research.md	10	10	0	ok
sources/teaching/minix/minix/drivers/storage/floppy	Docs/researches/sources/teaching/minix/minix/drivers/storage/floppy/current_folder_research.md	4	4	0	ok
sources/teaching/minix/minix/drivers/storage/memory	Docs/researches/sources/teaching/minix/minix/drivers/storage/memory/current_folder_research.md	3	3	0	ok
sources/teaching/minix/minix/drivers/storage/mmc	Docs/researches/sources/teaching/minix/minix/drivers/storage/mmc/current_folder_research.md	9	9	0	ok
sources/teaching/minix/minix/drivers/storage/ramdisk	Docs/researches/sources/teaching/minix/minix/drivers/storage/ramdisk/current_folder_research.md	2	2	0	ok
sources/teaching/minix/minix/drivers/storage/virtio_blk	Docs/researches/sources/teaching/minix/minix/drivers/storage/virtio_blk/current_folder_research.md	3	3	0	ok
sources/teaching/minix/minix/drivers/storage/vnd	Docs/researches/sources/teaching/minix/minix/drivers/storage/vnd/current_folder_research.md	2	2	0	ok
sources/virtualization/guestfs-tools/builder/test-config/virt-builder/repos.d	Docs/researches/sources/virtualization/guestfs-tools/builder/test-config/virt-builder/repos.d/current_folder_research.md	1	1	0	ok
sources/virtualization/guestfs-tools/builder/test-simplestreams/streams/v1	Docs/researches/sources/virtualization/guestfs-tools/builder/test-simplestreams/streams/v1/current_folder_research.md	2	2	0	ok
sources/virtualization/guestfs-tools/builder/test-simplestreams/virt-builder/repos.d	Docs/researches/sources/virtualization/guestfs-tools/builder/test-simplestreams/virt-builder/repos.d/current_folder_research.md	1	1	0	ok
sources/virtualization/guestfs-tools/builder/test-website/virt-builder/repos.d	Docs/researches/sources/virtualization/guestfs-tools/builder/test-website/virt-builder/repos.d/current_folder_research.md	1	1	0	ok
sources/virtualization/libblockdev/src/python/gi/overrides	Docs/researches/sources/virtualization/libblockdev/src/python/gi/overrides/current_folder_research.md	2	2	0	ok
sources/virtualization/nbdkit/plugins/golang/examples/disk	Docs/researches/sources/virtualization/nbdkit/plugins/golang/examples/disk/current_folder_research.md	1	1	0	ok
sources/virtualization/nbdkit/plugins/golang/examples/dump-plugin	Docs/researches/sources/virtualization/nbdkit/plugins/golang/examples/dump-plugin/current_folder_research.md	1	1	0	ok
sources/virtualization/nbdkit/plugins/golang/examples/minimal	Docs/researches/sources/virtualization/nbdkit/plugins/golang/examples/minimal/current_folder_research.md	1	1	0	ok
sources/virtualization/nbdkit/plugins/golang/examples/ramdisk	Docs/researches/sources/virtualization/nbdkit/plugins/golang/examples/ramdisk/current_folder_research.md	1	1	0	ok
sources/virtualization/nbdkit/plugins/golang/src/libguestfs.org	Docs/researches/sources/virtualization/nbdkit/plugins/golang/src/libguestfs.org/current_folder_research.md	0	4	1	ok
sources/virtualization/nbdkit/plugins/rust/tests/common	Docs/researches/sources/virtualization/nbdkit/plugins/rust/tests/common/current_folder_research.md	1	1	0	ok
sources/virtualization/nvme-cli/libnvme/test/config/data	Docs/researches/sources/virtualization/nvme-cli/libnvme/test/config/data/current_folder_research.md	5	5	0	ok
sources/virtualization/spdk/module/event/subsystems/accel	Docs/researches/sources/virtualization/spdk/module/event/subsystems/accel/current_folder_research.md	2	2	0	ok
sources/virtualization/spdk/module/event/subsystems/bdev	Docs/researches/sources/virtualization/spdk/module/event/subsystems/bdev/current_folder_research.md	2	2	0	ok
sources/virtualization/spdk/module/event/subsystems/fsdev	Docs/researches/sources/virtualization/spdk/module/event/subsystems/fsdev/current_folder_research.md	2	2	0	ok
sources/virtualization/spdk/module/event/subsystems/iobuf	Docs/researches/sources/virtualization/spdk/module/event/subsystems/iobuf/current_folder_research.md	3	3	0	ok
sources/virtualization/spdk/module/event/subsystems/iscsi	Docs/researches/sources/virtualization/spdk/module/event/subsystems/iscsi/current_folder_research.md	2	2	0	ok
sources/virtualization/spdk/module/event/subsystems/keyring	Docs/researches/sources/virtualization/spdk/module/event/subsystems/keyring/current_folder_research.md	2	2	0	ok
sources/virtualization/spdk/module/event/subsystems/nbd	Docs/researches/sources/virtualization/spdk/module/event/subsystems/nbd/current_folder_research.md	2	2	0	ok
sources/virtualization/spdk/module/event/subsystems/nvmf	Docs/researches/sources/virtualization/spdk/module/event/subsystems/nvmf/current_folder_research.md	4	4	0	ok
sources/virtualization/spdk/module/event/subsystems/scheduler	Docs/researches/sources/virtualization/spdk/module/event/subsystems/scheduler/current_folder_research.md	2	2	0	ok
sources/virtualization/spdk/module/event/subsystems/scsi	Docs/researches/sources/virtualization/spdk/module/event/subsystems/scsi/current_folder_research.md	2	2	0	ok
sources/virtualization/spdk/module/event/subsystems/sock	Docs/researches/sources/virtualization/spdk/module/event/subsystems/sock/current_folder_research.md	2	2	0	ok
sources/virtualization/spdk/module/event/subsystems/ublk	Docs/researches/sources/virtualization/spdk/module/event/subsystems/ublk/current_folder_research.md	2	2	0	ok
sources/virtualization/spdk/module/event/subsystems/vfu_tgt	Docs/researches/sources/virtualization/spdk/module/event/subsystems/vfu_tgt/current_folder_research.md	2	2	0	ok
sources/virtualization/spdk/module/event/subsystems/vhost_blk	Docs/researches/sources/virtualization/spdk/module/event/subsystems/vhost_blk/current_folder_research.md	2	2	0	ok
sources/virtualization/spdk/module/event/subsystems/vhost_scsi	Docs/researches/sources/virtualization/spdk/module/event/subsystems/vhost_scsi/current_folder_research.md	2	2	0	ok
sources/virtualization/spdk/module/event/subsystems/vmd	Docs/researches/sources/virtualization/spdk/module/event/subsystems/vmd/current_folder_research.md	4	4	0	ok
sources/virtualization/virtiofsd/src/passthrough/device_state/preserialization	Docs/researches/sources/virtualization/virtiofsd/src/passthrough/device_state/preserialization/current_folder_research.md	4	4	0	ok
sources/windows/reactos/drivers/filesystems/btrfs/zstd	Docs/researches/sources/windows/reactos/drivers/filesystems/btrfs/zstd/current_folder_research.md	45	45	0	ok
sources/windows/reactos/drivers/filesystems/ext2/inc	Docs/researches/sources/windows/reactos/drivers/filesystems/ext2/inc/current_folder_research.md	3	52	2	ok
sources/windows/reactos/drivers/filesystems/ext2/src	Docs/researches/sources/windows/reactos/drivers/filesystems/ext2/src/current_folder_research.md	28	81	4	ok
sources/windows/reactos/drivers/filesystems/udfs/CDRW	Docs/researches/sources/windows/reactos/drivers/filesystems/udfs/CDRW/current_folder_research.md	3	3	0	ok
sources/windows/reactos/drivers/filesystems/udfs/Include	Docs/researches/sources/windows/reactos/drivers/filesystems/udfs/Include/current_folder_research.md	35	41	1	ok
sources/windows/reactos/drivers/filesystems/udfs/udf_info	Docs/researches/sources/windows/reactos/drivers/filesystems/udfs/udf_info/current_folder_research.md	14	14	0	ok
sources/windows/reactos/ntoskrnl/io/pnpmgr/arb	Docs/researches/sources/windows/reactos/ntoskrnl/io/pnpmgr/arb/current_folder_research.md	5	5	0	ok
sources/windows/reactos/ntoskrnl/mm/ARM3/arm	Docs/researches/sources/windows/reactos/ntoskrnl/mm/ARM3/arm/current_folder_research.md	1	1	0	ok
sources/windows/reactos/ntoskrnl/mm/ARM3/i386	Docs/researches/sources/windows/reactos/ntoskrnl/mm/ARM3/i386/current_folder_research.md	1	1	0	ok
sources/windows/reactos/sdk/lib/fslib/btrfslib	Docs/researches/sources/windows/reactos/sdk/lib/fslib/btrfslib/current_folder_research.md	2	2	0	ok
sources/windows/reactos/sdk/lib/fslib/cdfslib	Docs/researches/sources/windows/reactos/sdk/lib/fslib/cdfslib/current_folder_research.md	2	2	0	ok
sources/windows/reactos/sdk/lib/fslib/ext2lib	Docs/researches/sources/windows/reactos/sdk/lib/fslib/ext2lib/current_folder_research.md	15	15	0	ok
sources/windows/reactos/sdk/lib/fslib/ntfslib	Docs/researches/sources/windows/reactos/sdk/lib/fslib/ntfslib/current_folder_research.md	2	2	0	ok
sources/windows/reactos/sdk/lib/fslib/vfatlib	Docs/researches/sources/windows/reactos/sdk/lib/fslib/vfatlib/current_folder_research.md	8	31	1	ok
sources/windows/reactos/sdk/lib/fslib/vfatxlib	Docs/researches/sources/windows/reactos/sdk/lib/fslib/vfatxlib/current_folder_research.md	4	4	0	ok
sources/windows/windows-driver-samples/filesys/miniFilter/avscan/filter	Docs/researches/sources/windows/windows-driver-samples/filesys/miniFilter/avscan/filter/current_folder_research.md	11	11	0	ok
sources/windows/windows-driver-samples/filesys/miniFilter/avscan/inc	Docs/researches/sources/windows/windows-driver-samples/filesys/miniFilter/avscan/inc/current_folder_research.md	1	1	0	ok
sources/windows/windows-driver-samples/filesys/miniFilter/avscan/user	Docs/researches/sources/windows/windows-driver-samples/filesys/miniFilter/avscan/user/current_folder_research.md	5	5	0	ok
sources/windows/windows-driver-samples/filesys/miniFilter/minispy/filter	Docs/researches/sources/windows/windows-driver-samples/filesys/miniFilter/minispy/filter/current_folder_research.md	4	4	0	ok
sources/windows/windows-driver-samples/filesys/miniFilter/minispy/inc	Docs/researches/sources/windows/windows-driver-samples/filesys/miniFilter/minispy/inc/current_folder_research.md	1	1	0	ok
sources/windows/windows-driver-samples/filesys/miniFilter/minispy/user	Docs/researches/sources/windows/windows-driver-samples/filesys/miniFilter/minispy/user/current_folder_research.md	3	3	0	ok
sources/windows/windows-driver-samples/filesys/miniFilter/scanner/filter	Docs/researches/sources/windows/windows-driver-samples/filesys/miniFilter/scanner/filter/current_folder_research.md	2	2	0	ok
sources/windows/windows-driver-samples/filesys/miniFilter/scanner/inc	Docs/researches/sources/windows/windows-driver-samples/filesys/miniFilter/scanner/inc/current_folder_research.md	1	1	0	ok
sources/windows/windows-driver-samples/filesys/miniFilter/scanner/user	Docs/researches/sources/windows/windows-driver-samples/filesys/miniFilter/scanner/user/current_folder_research.md	2	2	0	ok
sources/block-storage/stratisd/src/engine/strat_engine/backstore/backstore	Docs/researches/sources/block-storage/stratisd/src/engine/strat_engine/backstore/backstore/current_folder_research.md	3	3	0	ok
sources/block-storage/stratisd/src/engine/strat_engine/backstore/blockdev	Docs/researches/sources/block-storage/stratisd/src/engine/strat_engine/backstore/blockdev/current_folder_research.md	3	3	0	ok
sources/block-storage/stratisd/src/engine/strat_engine/crypt/handle	Docs/researches/sources/block-storage/stratisd/src/engine/strat_engine/crypt/handle/current_folder_research.md	3	3	0	ok
sources/os/bsd/dragonflybsd/sys/vfs/hammer2/xxhash	Docs/researches/sources/os/bsd/dragonflybsd/sys/vfs/hammer2/xxhash/current_folder_research.md	2	2	0	ok
sources/os/bsd/dragonflybsd/sys/vfs/hammer2/zlib	Docs/researches/sources/os/bsd/dragonflybsd/sys/vfs/hammer2/zlib/current_folder_research.md	16	16	0	ok
sources/os/bsd/dragonflybsd/sys/vfs/isofs/cd9660	Docs/researches/sources/os/bsd/dragonflybsd/sys/vfs/isofs/cd9660/current_folder_research.md	13	15	1	ok
sources/os/bsd/dragonflybsd/sys/vfs/msdosfs/msdosfs_iconv	Docs/researches/sources/os/bsd/dragonflybsd/sys/vfs/msdosfs/msdosfs_iconv/current_folder_research.md	2	2	0	ok
sources/os/bsd/dragonflybsd/sys/vfs/ntfs/ntfs_iconv	Docs/researches/sources/os/bsd/dragonflybsd/sys/vfs/ntfs/ntfs_iconv/current_folder_research.md	2	2	0	ok
sources/os/bsd/freebsd-src/sbin/nvmecontrol/modules/intel	Docs/researches/sources/os/bsd/freebsd-src/sbin/nvmecontrol/modules/intel/current_folder_research.md	2	2	0	ok
sources/os/bsd/freebsd-src/sbin/nvmecontrol/modules/micron	Docs/researches/sources/os/bsd/freebsd-src/sbin/nvmecontrol/modules/micron/current_folder_research.md	2	2	0	ok
sources/os/bsd/freebsd-src/sbin/nvmecontrol/modules/samsung	Docs/researches/sources/os/bsd/freebsd-src/sbin/nvmecontrol/modules/samsung/current_folder_research.md	2	2	0	ok
sources/os/bsd/freebsd-src/sbin/nvmecontrol/modules/wdc	Docs/researches/sources/os/bsd/freebsd-src/sbin/nvmecontrol/modules/wdc/current_folder_research.md	2	2	0	ok
sources/os/bsd/freebsd-src/sbin/pfctl/tests/files	Docs/researches/sources/os/bsd/freebsd-src/sbin/pfctl/tests/files/current_folder_research.md	154	154	0	ok
sources/os/bsd/netbsd-src/lib/csu/arch/aarch64	Docs/researches/sources/os/bsd/netbsd-src/lib/csu/arch/aarch64/current_folder_research.md	6	6	0	ok
sources/os/bsd/netbsd-src/lib/csu/arch/alpha	Docs/researches/sources/os/bsd/netbsd-src/lib/csu/arch/alpha/current_folder_research.md	7	7	0	ok
sources/os/bsd/netbsd-src/lib/csu/arch/arm	Docs/researches/sources/os/bsd/netbsd-src/lib/csu/arch/arm/current_folder_research.md	6	6	0	ok
sources/os/bsd/netbsd-src/lib/csu/arch/earm	Docs/researches/sources/os/bsd/netbsd-src/lib/csu/arch/earm/current_folder_research.md	6	6	0	ok
sources/os/bsd/netbsd-src/lib/csu/arch/hppa	Docs/researches/sources/os/bsd/netbsd-src/lib/csu/arch/hppa/current_folder_research.md	6	6	0	ok
sources/os/bsd/netbsd-src/lib/csu/arch/i386	Docs/researches/sources/os/bsd/netbsd-src/lib/csu/arch/i386/current_folder_research.md	6	6	0	ok
sources/os/bsd/netbsd-src/lib/csu/arch/ia64	Docs/researches/sources/os/bsd/netbsd-src/lib/csu/arch/ia64/current_folder_research.md	6	6	0	ok
sources/os/bsd/netbsd-src/lib/csu/arch/m68k	Docs/researches/sources/os/bsd/netbsd-src/lib/csu/arch/m68k/current_folder_research.md	6	6	0	ok
sources/os/bsd/netbsd-src/lib/csu/arch/mips	Docs/researches/sources/os/bsd/netbsd-src/lib/csu/arch/mips/current_folder_research.md	6	6	0	ok
sources/os/bsd/netbsd-src/lib/csu/arch/or1k	Docs/researches/sources/os/bsd/netbsd-src/lib/csu/arch/or1k/current_folder_research.md	6	6	0	ok
sources/os/bsd/netbsd-src/lib/csu/arch/powerpc	Docs/researches/sources/os/bsd/netbsd-src/lib/csu/arch/powerpc/current_folder_research.md	6	6	0	ok
sources/os/bsd/netbsd-src/lib/csu/arch/riscv	Docs/researches/sources/os/bsd/netbsd-src/lib/csu/arch/riscv/current_folder_research.md	6	6	0	ok
sources/os/bsd/netbsd-src/lib/csu/arch/sh3	Docs/researches/sources/os/bsd/netbsd-src/lib/csu/arch/sh3/current_folder_research.md	6	6	0	ok
sources/os/bsd/netbsd-src/lib/csu/arch/sparc	Docs/researches/sources/os/bsd/netbsd-src/lib/csu/arch/sparc/current_folder_research.md	6	6	0	ok
sources/os/bsd/netbsd-src/lib/csu/arch/sparc64	Docs/researches/sources/os/bsd/netbsd-src/lib/csu/arch/sparc64/current_folder_research.md	6	6	0	ok
sources/os/bsd/netbsd-src/lib/csu/arch/vax	Docs/researches/sources/os/bsd/netbsd-src/lib/csu/arch/vax/current_folder_research.md	7	7	0	ok
sources/os/bsd/netbsd-src/lib/csu/arch/x86_64	Docs/researches/sources/os/bsd/netbsd-src/lib/csu/arch/x86_64/current_folder_research.md	6	6	0	ok
sources/os/bsd/netbsd-src/lib/libarch/powerpc/espresso	Docs/researches/sources/os/bsd/netbsd-src/lib/libarch/powerpc/espresso/current_folder_research.md	1	1	0	ok
sources/os/bsd/netbsd-src/lib/libarch/sparc/v8	Docs/researches/sources/os/bsd/netbsd-src/lib/libarch/sparc/v8/current_folder_research.md	2	2	0	ok
sources/os/bsd/netbsd-src/lib/libc/arch/aarch64	Docs/researches/sources/os/bsd/netbsd-src/lib/libc/arch/aarch64/current_folder_research.md	2	27	6	ok
sources/os/bsd/netbsd-src/lib/libc/arch/alpha	Docs/researches/sources/os/bsd/netbsd-src/lib/libc/arch/alpha/current_folder_research.md	2	22	6	ok
sources/os/bsd/netbsd-src/lib/libc/arch/arm	Docs/researches/sources/os/bsd/netbsd-src/lib/libc/arch/arm/current_folder_research.md	2	48	8	ok
sources/os/bsd/netbsd-src/lib/libc/arch/hppa	Docs/researches/sources/os/bsd/netbsd-src/lib/libc/arch/hppa/current_folder_research.md	3	26	5	ok
sources/os/bsd/netbsd-src/lib/libc/arch/i386	Docs/researches/sources/os/bsd/netbsd-src/lib/libc/arch/i386/current_folder_research.md	2	33	5	ok
sources/os/bsd/netbsd-src/lib/libc/arch/ia64	Docs/researches/sources/os/bsd/netbsd-src/lib/libc/arch/ia64/current_folder_research.md	2	21	5	ok
sources/os/bsd/netbsd-src/lib/libc/arch/m68k	Docs/researches/sources/os/bsd/netbsd-src/lib/libc/arch/m68k/current_folder_research.md	3	72	8	ok
sources/os/bsd/netbsd-src/lib/libc/arch/mips	Docs/researches/sources/os/bsd/netbsd-src/lib/libc/arch/mips/current_folder_research.md	2	26	6	ok
sources/os/bsd/netbsd-src/lib/libc/arch/or1k	Docs/researches/sources/os/bsd/netbsd-src/lib/libc/arch/or1k/current_folder_research.md	3	25	6	ok
sources/os/bsd/netbsd-src/lib/libc/arch/powerpc	Docs/researches/sources/os/bsd/netbsd-src/lib/libc/arch/powerpc/current_folder_research.md	2	26	7	ok
sources/os/bsd/netbsd-src/lib/libc/arch/powerpc64	Docs/researches/sources/os/bsd/netbsd-src/lib/libc/arch/powerpc64/current_folder_research.md	2	23	5	ok
sources/os/bsd/netbsd-src/lib/libc/arch/riscv	Docs/researches/sources/os/bsd/netbsd-src/lib/libc/arch/riscv/current_folder_research.md	2	21	5	ok
sources/os/bsd/netbsd-src/lib/libc/arch/sh3	Docs/researches/sources/os/bsd/netbsd-src/lib/libc/arch/sh3/current_folder_research.md	2	30	6	ok
sources/os/bsd/netbsd-src/lib/libc/arch/sparc	Docs/researches/sources/os/bsd/netbsd-src/lib/libc/arch/sparc/current_folder_research.md	2	22	5	ok
sources/os/bsd/netbsd-src/lib/libc/arch/sparc64	Docs/researches/sources/os/bsd/netbsd-src/lib/libc/arch/sparc64/current_folder_research.md	2	28	6	ok
sources/os/bsd/netbsd-src/lib/libc/arch/vax	Docs/researches/sources/os/bsd/netbsd-src/lib/libc/arch/vax/current_folder_research.md	3	31	5	ok
sources/os/bsd/netbsd-src/lib/libc/arch/x86_64	Docs/researches/sources/os/bsd/netbsd-src/lib/libc/arch/x86_64/current_folder_research.md	2	27	5	ok
sources/os/bsd/netbsd-src/lib/libc/citrus/modules	Docs/researches/sources/os/bsd/netbsd-src/lib/libc/citrus/modules/current_folder_research.md	47	47	0	ok
sources/os/bsd/netbsd-src/lib/libc/compat/arch	Docs/researches/sources/os/bsd/netbsd-src/lib/libc/compat/arch/current_folder_research.md	0	207	17	ok
sources/os/bsd/netbsd-src/lib/libc/compat/db	Docs/researches/sources/os/bsd/netbsd-src/lib/libc/compat/db/current_folder_research.md	1	3	1	ok
sources/os/bsd/netbsd-src/lib/libc/compat/include	Docs/researches/sources/os/bsd/netbsd-src/lib/libc/compat/include/current_folder_research.md	24	26	1	ok
sources/os/bsd/netbsd-src/lib/libc/compat/locale	Docs/researches/sources/os/bsd/netbsd-src/lib/libc/compat/locale/current_folder_research.md	3	3	0	ok
sources/os/bsd/netbsd-src/lib/libc/compat/net	Docs/researches/sources/os/bsd/netbsd-src/lib/libc/compat/net/current_folder_research.md	4	4	0	ok
sources/os/bsd/netbsd-src/lib/libc/compat/rpc	Docs/researches/sources/os/bsd/netbsd-src/lib/libc/compat/rpc/current_folder_research.md	3	3	0	ok
sources/os/bsd/netbsd-src/lib/libc/compat/stdio	Docs/researches/sources/os/bsd/netbsd-src/lib/libc/compat/stdio/current_folder_research.md	3	3	0	ok
sources/os/bsd/netbsd-src/lib/libc/compat/stdlib	Docs/researches/sources/os/bsd/netbsd-src/lib/libc/compat/stdlib/current_folder_research.md	4	4	0	ok
sources/os/bsd/netbsd-src/lib/libc/compat/sys	Docs/researches/sources/os/bsd/netbsd-src/lib/libc/compat/sys/current_folder_research.md	48	48	0	ok
sources/os/bsd/netbsd-src/lib/libc/compat/time	Docs/researches/sources/os/bsd/netbsd-src/lib/libc/compat/time/current_folder_research.md	4	4	0	ok
sources/os/bsd/netbsd-src/lib/libc/db/btree	Docs/researches/sources/os/bsd/netbsd-src/lib/libc/db/btree/current_folder_research.md	16	16	0	ok
sources/os/bsd/netbsd-src/lib/libc/db/db	Docs/researches/sources/os/bsd/netbsd-src/lib/libc/db/db/current_folder_research.md	3	3	0	ok
sources/os/bsd/netbsd-src/lib/libc/db/hash	Docs/researches/sources/os/bsd/netbsd-src/lib/libc/db/hash/current_folder_research.md	12	12	0	ok
sources/os/bsd/netbsd-src/lib/libc/db/man	Docs/researches/sources/os/bsd/netbsd-src/lib/libc/db/man/current_folder_research.md	1	1	0	ok
sources/os/bsd/netbsd-src/lib/libc/db/mpool	Docs/researches/sources/os/bsd/netbsd-src/lib/libc/db/mpool/current_folder_research.md	2	2	0	ok
sources/os/bsd/netbsd-src/lib/libc/db/recno	Docs/researches/sources/os/bsd/netbsd-src/lib/libc/db/recno/current_folder_research.md	11	11	0	ok
sources/os/bsd/netbsd-src/lib/libc/gdtoa/test	Docs/researches/sources/os/bsd/netbsd-src/lib/libc/gdtoa/test/current_folder_research.md	18	18	0	ok
sources/os/bsd/netbsd-src/lib/libc/hash/md2	Docs/researches/sources/os/bsd/netbsd-src/lib/libc/hash/md2/current_folder_research.md	3	3	0	ok
sources/os/bsd/netbsd-src/lib/libc/hash/murmurhash	Docs/researches/sources/os/bsd/netbsd-src/lib/libc/hash/murmurhash/current_folder_research.md	1	1	0	ok
sources/os/bsd/netbsd-src/lib/libc/hash/rmd160	Docs/researches/sources/os/bsd/netbsd-src/lib/libc/hash/rmd160/current_folder_research.md	2	2	0	ok
sources/os/bsd/netbsd-src/lib/libc/hash/sha1	Docs/researches/sources/os/bsd/netbsd-src/lib/libc/hash/sha1/current_folder_research.md	2	2	0	ok
sources/os/bsd/netbsd-src/lib/libc/hash/sha2	Docs/researches/sources/os/bsd/netbsd-src/lib/libc/hash/sha2/current_folder_research.md	5	5	0	ok
sources/os/bsd/netbsd-src/lib/libc/hash/sha3	Docs/researches/sources/os/bsd/netbsd-src/lib/libc/hash/sha3/current_folder_research.md	1	1	0	ok
sources/os/bsd/netbsd-src/lib/libc/include/isc	Docs/researches/sources/os/bsd/netbsd-src/lib/libc/include/isc/current_folder_research.md	6	6	0	ok
sources/os/bsd/netbsd-src/lib/libc/quad/TESTS	Docs/researches/sources/os/bsd/netbsd-src/lib/libc/quad/TESTS/current_folder_research.md	3	3	0	ok
sources/os/bsd/netbsd-src/lib/libc/softfloat/bits32	Docs/researches/sources/os/bsd/netbsd-src/lib/libc/softfloat/bits32/current_folder_research.md	1	1	0	ok
sources/os/bsd/netbsd-src/lib/libc/softfloat/bits64	Docs/researches/sources/os/bsd/netbsd-src/lib/libc/softfloat/bits64/current_folder_research.md	1	1	0	ok
sources/os/bsd/netbsd-src/lib/libc/softfloat/templates	Docs/researches/sources/os/bsd/netbsd-src/lib/libc/softfloat/templates/current_folder_research.md	2	2	0	ok
sources/os/bsd/netbsd-src/lib/libc_aligned/arch/powerpc	Docs/researches/sources/os/bsd/netbsd-src/lib/libc_aligned/arch/powerpc/current_folder_research.md	1	1	0	ok
sources/os/bsd/netbsd-src/lib/libc_fp/arch/mips	Docs/researches/sources/os/bsd/netbsd-src/lib/libc_fp/arch/mips/current_folder_research.md	3	3	0	ok
sources/os/bsd/netbsd-src/lib/libm/arch/aarch64	Docs/researches/sources/os/bsd/netbsd-src/lib/libm/arch/aarch64/current_folder_research.md	10	10	0	ok
sources/os/bsd/netbsd-src/lib/libm/arch/alpha	Docs/researches/sources/os/bsd/netbsd-src/lib/libm/arch/alpha/current_folder_research.md	4	4	0	ok
sources/os/bsd/netbsd-src/lib/libm/arch/arm	Docs/researches/sources/os/bsd/netbsd-src/lib/libm/arch/arm/current_folder_research.md	8	8	0	ok
sources/os/bsd/netbsd-src/lib/libm/arch/hppa	Docs/researches/sources/os/bsd/netbsd-src/lib/libm/arch/hppa/current_folder_research.md	1	1	0	ok
sources/os/bsd/netbsd-src/lib/libm/arch/i387	Docs/researches/sources/os/bsd/netbsd-src/lib/libm/arch/i387/current_folder_research.md	48	48	0	ok
sources/os/bsd/netbsd-src/lib/libm/arch/ia64	Docs/researches/sources/os/bsd/netbsd-src/lib/libm/arch/ia64/current_folder_research.md	1	1	0	ok
sources/os/bsd/netbsd-src/lib/libm/arch/m68060	Docs/researches/sources/os/bsd/netbsd-src/lib/libm/arch/m68060/current_folder_research.md	40	40	0	ok
sources/os/bsd/netbsd-src/lib/libm/arch/m68k	Docs/researches/sources/os/bsd/netbsd-src/lib/libm/arch/m68k/current_folder_research.md	6	6	0	ok
sources/os/bsd/netbsd-src/lib/libm/arch/mc68881	Docs/researches/sources/os/bsd/netbsd-src/lib/libm/arch/mc68881/current_folder_research.md	21	21	0	ok
sources/os/bsd/netbsd-src/lib/libm/arch/mips	Docs/researches/sources/os/bsd/netbsd-src/lib/libm/arch/mips/current_folder_research.md	1	1	0	ok
sources/os/bsd/netbsd-src/lib/libm/arch/powerpc	Docs/researches/sources/os/bsd/netbsd-src/lib/libm/arch/powerpc/current_folder_research.md	3	3	0	ok
sources/os/bsd/netbsd-src/lib/libm/arch/riscv	Docs/researches/sources/os/bsd/netbsd-src/lib/libm/arch/riscv/current_folder_research.md	15	15	0	ok
sources/os/bsd/netbsd-src/lib/libm/arch/sh3	Docs/researches/sources/os/bsd/netbsd-src/lib/libm/arch/sh3/current_folder_research.md	1	1	0	ok
sources/os/bsd/netbsd-src/lib/libm/arch/sparc	Docs/researches/sources/os/bsd/netbsd-src/lib/libm/arch/sparc/current_folder_research.md	1	1	0	ok
sources/os/bsd/netbsd-src/lib/libm/arch/sparc64	Docs/researches/sources/os/bsd/netbsd-src/lib/libm/arch/sparc64/current_folder_research.md	1	1	0	ok
sources/os/bsd/netbsd-src/lib/libm/arch/vax	Docs/researches/sources/os/bsd/netbsd-src/lib/libm/arch/vax/current_folder_research.md	10	10	0	ok
sources/os/bsd/netbsd-src/lib/libm/arch/x86_64	Docs/researches/sources/os/bsd/netbsd-src/lib/libm/arch/x86_64/current_folder_research.md	1	1	0	ok
sources/os/bsd/netbsd-src/lib/libpam/libpam/security	Docs/researches/sources/os/bsd/netbsd-src/lib/libpam/libpam/security/current_folder_research.md	1	1	0	ok
sources/os/bsd/netbsd-src/lib/libpam/modules/pam_afslog	Docs/researches/sources/os/bsd/netbsd-src/lib/libpam/modules/pam_afslog/current_folder_research.md	2	2	0	ok
sources/os/bsd/netbsd-src/lib/libpam/modules/pam_chroot	Docs/researches/sources/os/bsd/netbsd-src/lib/libpam/modules/pam_chroot/current_folder_research.md	2	2	0	ok
sources/os/bsd/netbsd-src/lib/libpam/modules/pam_deny	Docs/researches/sources/os/bsd/netbsd-src/lib/libpam/modules/pam_deny/current_folder_research.md	2	2	0	ok
sources/os/bsd/netbsd-src/lib/libpam/modules/pam_echo	Docs/researches/sources/os/bsd/netbsd-src/lib/libpam/modules/pam_echo/current_folder_research.md	2	2	0	ok
sources/os/bsd/netbsd-src/lib/libpam/modules/pam_exec	Docs/researches/sources/os/bsd/netbsd-src/lib/libpam/modules/pam_exec/current_folder_research.md	2	2	0	ok
sources/os/bsd/netbsd-src/lib/libpam/modules/pam_ftpusers	Docs/researches/sources/os/bsd/netbsd-src/lib/libpam/modules/pam_ftpusers/current_folder_research.md	2	2	0	ok
sources/os/bsd/netbsd-src/lib/libpam/modules/pam_group	Docs/researches/sources/os/bsd/netbsd-src/lib/libpam/modules/pam_group/current_folder_research.md	2	2	0	ok
sources/os/bsd/netbsd-src/lib/libpam/modules/pam_guest	Docs/researches/sources/os/bsd/netbsd-src/lib/libpam/modules/pam_guest/current_folder_research.md	2	2	0	ok
sources/os/bsd/netbsd-src/lib/libpam/modules/pam_krb5	Docs/researches/sources/os/bsd/netbsd-src/lib/libpam/modules/pam_krb5/current_folder_research.md	2	2	0	ok
sources/os/bsd/netbsd-src/lib/libpam/modules/pam_ksu	Docs/researches/sources/os/bsd/netbsd-src/lib/libpam/modules/pam_ksu/current_folder_research.md	2	2	0	ok
sources/os/bsd/netbsd-src/lib/libpam/modules/pam_lastlog	Docs/researches/sources/os/bsd/netbsd-src/lib/libpam/modules/pam_lastlog/current_folder_research.md	2	2	0	ok
sources/os/bsd/netbsd-src/lib/libpam/modules/pam_login_access	Docs/researches/sources/os/bsd/netbsd-src/lib/libpam/modules/pam_login_access/current_folder_research.md	4	4	0	ok
sources/os/bsd/netbsd-src/lib/libpam/modules/pam_nologin	Docs/researches/sources/os/bsd/netbsd-src/lib/libpam/modules/pam_nologin/current_folder_research.md	2	2	0	ok
sources/os/bsd/netbsd-src/lib/libpam/modules/pam_permit	Docs/researches/sources/os/bsd/netbsd-src/lib/libpam/modules/pam_permit/current_folder_research.md	2	2	0	ok
sources/os/bsd/netbsd-src/lib/libpam/modules/pam_radius	Docs/researches/sources/os/bsd/netbsd-src/lib/libpam/modules/pam_radius/current_folder_research.md	2	2	0	ok
sources/os/bsd/netbsd-src/lib/libpam/modules/pam_rhosts	Docs/researches/sources/os/bsd/netbsd-src/lib/libpam/modules/pam_rhosts/current_folder_research.md	2	2	0	ok
sources/os/bsd/netbsd-src/lib/libpam/modules/pam_rootok	Docs/researches/sources/os/bsd/netbsd-src/lib/libpam/modules/pam_rootok/current_folder_research.md	2	2	0	ok
sources/os/bsd/netbsd-src/lib/libpam/modules/pam_securetty	Docs/researches/sources/os/bsd/netbsd-src/lib/libpam/modules/pam_securetty/current_folder_research.md	2	2	0	ok
sources/os/bsd/netbsd-src/lib/libpam/modules/pam_self	Docs/researches/sources/os/bsd/netbsd-src/lib/libpam/modules/pam_self/current_folder_research.md	2	2	0	ok
sources/os/bsd/netbsd-src/lib/libpam/modules/pam_skey	Docs/researches/sources/os/bsd/netbsd-src/lib/libpam/modules/pam_skey/current_folder_research.md	2	2	0	ok
sources/os/bsd/netbsd-src/lib/libpam/modules/pam_ssh	Docs/researches/sources/os/bsd/netbsd-src/lib/libpam/modules/pam_ssh/current_folder_research.md	2	2	0	ok
sources/os/bsd/netbsd-src/lib/libpam/modules/pam_unix	Docs/researches/sources/os/bsd/netbsd-src/lib/libpam/modules/pam_unix/current_folder_research.md	2	2	0	ok
sources/os/bsd/netbsd-src/lib/libpthread/arch/aarch64	Docs/researches/sources/os/bsd/netbsd-src/lib/libpthread/arch/aarch64/current_folder_research.md	1	1	0	ok
sources/os/bsd/netbsd-src/lib/libpthread/arch/alpha	Docs/researches/sources/os/bsd/netbsd-src/lib/libpthread/arch/alpha/current_folder_research.md	2	2	0	ok
sources/os/bsd/netbsd-src/lib/libpthread/arch/arm	Docs/researches/sources/os/bsd/netbsd-src/lib/libpthread/arch/arm/current_folder_research.md	1	1	0	ok
sources/os/bsd/netbsd-src/lib/libpthread/arch/hppa	Docs/researches/sources/os/bsd/netbsd-src/lib/libpthread/arch/hppa/current_folder_research.md	2	2	0	ok
sources/os/bsd/netbsd-src/lib/libpthread/arch/i386	Docs/researches/sources/os/bsd/netbsd-src/lib/libpthread/arch/i386/current_folder_research.md	1	1	0	ok
sources/os/bsd/netbsd-src/lib/libpthread/arch/ia64	Docs/researches/sources/os/bsd/netbsd-src/lib/libpthread/arch/ia64/current_folder_research.md	1	1	0	ok
sources/os/bsd/netbsd-src/lib/libpthread/arch/m68k	Docs/researches/sources/os/bsd/netbsd-src/lib/libpthread/arch/m68k/current_folder_research.md	1	1	0	ok
sources/os/bsd/netbsd-src/lib/libpthread/arch/mips	Docs/researches/sources/os/bsd/netbsd-src/lib/libpthread/arch/mips/current_folder_research.md	1	1	0	ok
sources/os/bsd/netbsd-src/lib/libpthread/arch/or1k	Docs/researches/sources/os/bsd/netbsd-src/lib/libpthread/arch/or1k/current_folder_research.md	1	1	0	ok
sources/os/bsd/netbsd-src/lib/libpthread/arch/powerpc	Docs/researches/sources/os/bsd/netbsd-src/lib/libpthread/arch/powerpc/current_folder_research.md	1	1	0	ok
sources/os/bsd/netbsd-src/lib/libpthread/arch/riscv	Docs/researches/sources/os/bsd/netbsd-src/lib/libpthread/arch/riscv/current_folder_research.md	1	1	0	ok
sources/os/bsd/netbsd-src/lib/libpthread/arch/sh3	Docs/researches/sources/os/bsd/netbsd-src/lib/libpthread/arch/sh3/current_folder_research.md	1	1	0	ok
sources/os/bsd/netbsd-src/lib/libpthread/arch/sparc	Docs/researches/sources/os/bsd/netbsd-src/lib/libpthread/arch/sparc/current_folder_research.md	1	1	0	ok
sources/os/bsd/netbsd-src/lib/libpthread/arch/sparc64	Docs/researches/sources/os/bsd/netbsd-src/lib/libpthread/arch/sparc64/current_folder_research.md	1	1	0	ok
sources/os/bsd/netbsd-src/lib/libpthread/arch/vax	Docs/researches/sources/os/bsd/netbsd-src/lib/libpthread/arch/vax/current_folder_research.md	1	1	0	ok
sources/os/bsd/netbsd-src/lib/libpthread/arch/x86_64	Docs/researches/sources/os/bsd/netbsd-src/lib/libpthread/arch/x86_64/current_folder_research.md	1	1	0	ok
sources/os/bsd/netbsd-src/sys/fs/nfs/client	Docs/researches/sources/os/bsd/netbsd-src/sys/fs/nfs/client/current_folder_research.md	18	18	0	ok
sources/os/bsd/netbsd-src/sys/fs/nfs/common	Docs/researches/sources/os/bsd/netbsd-src/sys/fs/nfs/common/current_folder_research.md	35	35	0	ok
sources/os/bsd/netbsd-src/sys/fs/nfs/nlm	Docs/researches/sources/os/bsd/netbsd-src/sys/fs/nfs/nlm/current_folder_research.md	10	10	0	ok
sources/os/bsd/netbsd-src/sys/fs/nfs/server	Docs/researches/sources/os/bsd/netbsd-src/sys/fs/nfs/server/current_folder_research.md	10	10	0	ok
sources/os/bsd/openbsd-src/sbin/isakmpd/sysdep/openbsd	Docs/researches/sources/os/bsd/openbsd-src/sbin/isakmpd/sysdep/openbsd/current_folder_research.md	1	1	0	ok
sources/os/bsd/openbsd-src/sbin/unwind/libunbound/daemon	Docs/researches/sources/os/bsd/openbsd-src/sbin/unwind/libunbound/daemon/current_folder_research.md	4	4	0	ok
sources/os/bsd/openbsd-src/sbin/unwind/libunbound/dns64	Docs/researches/sources/os/bsd/openbsd-src/sbin/unwind/libunbound/dns64/current_folder_research.md	3	3	0	ok
sources/os/bsd/openbsd-src/sbin/unwind/libunbound/dnscrypt	Docs/researches/sources/os/bsd/openbsd-src/sbin/unwind/libunbound/dnscrypt/current_folder_research.md	2	2	0	ok
sources/os/bsd/openbsd-src/sbin/unwind/libunbound/dnstap	Docs/researches/sources/os/bsd/openbsd-src/sbin/unwind/libunbound/dnstap/current_folder_research.md	2	2	0	ok
sources/os/bsd/openbsd-src/sbin/unwind/libunbound/iterator	Docs/researches/sources/os/bsd/openbsd-src/sbin/unwind/libunbound/iterator/current_folder_research.md	19	19	0	ok
sources/os/bsd/openbsd-src/sbin/unwind/libunbound/libunbound	Docs/researches/sources/os/bsd/openbsd-src/sbin/unwind/libunbound/libunbound/current_folder_research.md	9	9	0	ok
sources/os/bsd/openbsd-src/sbin/unwind/libunbound/respip	Docs/researches/sources/os/bsd/openbsd-src/sbin/unwind/libunbound/respip/current_folder_research.md	3	3	0	ok
sources/os/bsd/openbsd-src/sbin/unwind/libunbound/services	Docs/researches/sources/os/bsd/openbsd-src/sbin/unwind/libunbound/services/current_folder_research.md	19	26	1	ok
sources/os/bsd/openbsd-src/sbin/unwind/libunbound/sldns	Docs/researches/sources/os/bsd/openbsd-src/sbin/unwind/libunbound/sldns/current_folder_research.md	16	16	0	ok
sources/os/bsd/openbsd-src/sbin/unwind/libunbound/util	Docs/researches/sources/os/bsd/openbsd-src/sbin/unwind/libunbound/util/current_folder_research.md	54	74	2	ok
sources/os/bsd/openbsd-src/sbin/unwind/libunbound/validator	Docs/researches/sources/os/bsd/openbsd-src/sbin/unwind/libunbound/validator/current_folder_research.md	23	23	0	ok
sources/os/illumos/illumos-gate/usr/src/cmd/zfs	Docs/researches/sources/os/illumos/illumos-gate/usr/src/cmd/zfs/current_folder_research.md	7	7	0	ok
sources/os/illumos/illumos-gate/usr/src/cmd/zpool	Docs/researches/sources/os/illumos/illumos-gate/usr/src/cmd/zpool/current_folder_research.md	6	6	0	ok
sources/os/illumos/illumos-gate/usr/src/uts/common	Docs/researches/sources/os/illumos/illumos-gate/usr/src/uts/common/current_folder_research.md	0	2193	3	ok
sources/os/linux/linux-stable/fs/smb/client/compress	Docs/researches/sources/os/linux/linux-stable/fs/smb/client/compress/current_folder_research.md	2	2	0	ok
sources/os/linux/linux-stable/fs/smb/server/mgmt	Docs/researches/sources/os/linux/linux-stable/fs/smb/server/mgmt/current_folder_research.md	10	10	0	ok
sources/os/linux/linux/fs/smb/client/compress	Docs/researches/sources/os/linux/linux/fs/smb/client/compress/current_folder_research.md	2	2	0	ok
sources/os/linux/linux/fs/smb/server/mgmt	Docs/researches/sources/os/linux/linux/fs/smb/server/mgmt/current_folder_research.md	10	10	0	ok
sources/os/plan9/9front/sys/src/9/arm64	Docs/researches/sources/os/plan9/9front/sys/src/9/arm64/current_folder_research.md	21	21	0	ok
sources/os/plan9/9front/sys/src/9/bcm	Docs/researches/sources/os/plan9/9front/sys/src/9/bcm/current_folder_research.md	40	40	0	ok
sources/os/plan9/9front/sys/src/9/bcm64	Docs/researches/sources/os/plan9/9front/sys/src/9/bcm64/current_folder_research.md	18	18	0	ok
sources/os/plan9/9front/sys/src/9/boot	Docs/researches/sources/os/plan9/9front/sys/src/9/boot/current_folder_research.md	10	10	0	ok
sources/os/plan9/9front/sys/src/9/cycv	Docs/researches/sources/os/plan9/9front/sys/src/9/cycv/current_folder_research.md	16	16	0	ok
sources/os/plan9/9front/sys/src/9/imx8	Docs/researches/sources/os/plan9/9front/sys/src/9/imx8/current_folder_research.md	24	24	0	ok
sources/os/plan9/9front/sys/src/9/ip	Docs/researches/sources/os/plan9/9front/sys/src/9/ip/current_folder_research.md	27	27	0	ok
sources/os/plan9/9front/sys/src/9/kw	Docs/researches/sources/os/plan9/9front/sys/src/9/kw/current_folder_research.md	26	26	0	ok
sources/os/plan9/9front/sys/src/9/lx2k	Docs/researches/sources/os/plan9/9front/sys/src/9/lx2k/current_folder_research.md	13	13	0	ok
sources/os/plan9/9front/sys/src/9/mt7688	Docs/researches/sources/os/plan9/9front/sys/src/9/mt7688/current_folder_research.md	24	24	0	ok
sources/os/plan9/9front/sys/src/9/mtx	Docs/researches/sources/os/plan9/9front/sys/src/9/mtx/current_folder_research.md	18	18	0	ok
sources/os/plan9/9front/sys/src/9/omap	Docs/researches/sources/os/plan9/9front/sys/src/9/omap/current_folder_research.md	34	34	0	ok
sources/os/plan9/9front/sys/src/9/pc	Docs/researches/sources/os/plan9/9front/sys/src/9/pc/current_folder_research.md	141	141	0	ok
sources/os/plan9/9front/sys/src/9/pc64	Docs/researches/sources/os/plan9/9front/sys/src/9/pc64/current_folder_research.md	11	11	0	ok
sources/os/plan9/9front/sys/src/9/port	Docs/researches/sources/os/plan9/9front/sys/src/9/port/current_folder_research.md	125	125	0	ok
sources/os/plan9/9front/sys/src/9/ppc	Docs/researches/sources/os/plan9/9front/sys/src/9/ppc/current_folder_research.md	27	27	0	ok
sources/os/plan9/9front/sys/src/9/sgi	Docs/researches/sources/os/plan9/9front/sys/src/9/sgi/current_folder_research.md	17	17	0	ok
sources/os/plan9/9front/sys/src/9/teg2	Docs/researches/sources/os/plan9/9front/sys/src/9/teg2/current_folder_research.md	27	27	0	ok
sources/os/plan9/9front/sys/src/9/xen	Docs/researches/sources/os/plan9/9front/sys/src/9/xen/current_folder_research.md	23	81	1	ok
sources/os/plan9/9front/sys/src/9/zynq	Docs/researches/sources/os/plan9/9front/sys/src/9/zynq/current_folder_research.md	21	21	0	ok
sources/os/plan9/9front/sys/src/cmd/1a	Docs/researches/sources/os/plan9/9front/sys/src/cmd/1a/current_folder_research.md	3	3	0	ok
sources/os/plan9/9front/sys/src/cmd/1c	Docs/researches/sources/os/plan9/9front/sys/src/cmd/1c/current_folder_research.md	9	9	0	ok
sources/os/plan9/9front/sys/src/cmd/1l	Docs/researches/sources/os/plan9/9front/sys/src/cmd/1l/current_folder_research.md	8	8	0	ok
sources/os/plan9/9front/sys/src/cmd/2a	Docs/researches/sources/os/plan9/9front/sys/src/cmd/2a/current_folder_research.md	3	3	0	ok
sources/os/plan9/9front/sys/src/cmd/2c	Docs/researches/sources/os/plan9/9front/sys/src/cmd/2c/current_folder_research.md	10	10	0	ok
sources/os/plan9/9front/sys/src/cmd/2l	Docs/researches/sources/os/plan9/9front/sys/src/cmd/2l/current_folder_research.md	8	8	0	ok
sources/os/plan9/9front/sys/src/cmd/5a	Docs/researches/sources/os/plan9/9front/sys/src/cmd/5a/current_folder_research.md	3	3	0	ok
sources/os/plan9/9front/sys/src/cmd/5c	Docs/researches/sources/os/plan9/9front/sys/src/cmd/5c/current_folder_research.md	11	11	0	ok
sources/os/plan9/9front/sys/src/cmd/5e	Docs/researches/sources/os/plan9/9front/sys/src/cmd/5e/current_folder_research.md	11	11	0	ok
sources/os/plan9/9front/sys/src/cmd/5i	Docs/researches/sources/os/plan9/9front/sys/src/cmd/5i/current_folder_research.md	11	11	0	ok
sources/os/plan9/9front/sys/src/cmd/5l	Docs/researches/sources/os/plan9/9front/sys/src/cmd/5l/current_folder_research.md	10	10	0	ok
sources/os/plan9/9front/sys/src/cmd/6a	Docs/researches/sources/os/plan9/9front/sys/src/cmd/6a/current_folder_research.md	3	3	0	ok
sources/os/plan9/9front/sys/src/cmd/6c	Docs/researches/sources/os/plan9/9front/sys/src/cmd/6c/current_folder_research.md	12	12	0	ok
sources/os/plan9/9front/sys/src/cmd/6l	Docs/researches/sources/os/plan9/9front/sys/src/cmd/6l/current_folder_research.md	8	8	0	ok
sources/os/plan9/9front/sys/src/cmd/7a	Docs/researches/sources/os/plan9/9front/sys/src/cmd/7a/current_folder_research.md	3	3	0	ok
sources/os/plan9/9front/sys/src/cmd/7c	Docs/researches/sources/os/plan9/9front/sys/src/cmd/7c/current_folder_research.md	11	11	0	ok
sources/os/plan9/9front/sys/src/cmd/7l	Docs/researches/sources/os/plan9/9front/sys/src/cmd/7l/current_folder_research.md	13	13	0	ok
sources/os/plan9/9front/sys/src/cmd/8a	Docs/researches/sources/os/plan9/9front/sys/src/cmd/8a/current_folder_research.md	3	3	0	ok
sources/os/plan9/9front/sys/src/cmd/8c	Docs/researches/sources/os/plan9/9front/sys/src/cmd/8c/current_folder_research.md	13	13	0	ok
sources/os/plan9/9front/sys/src/cmd/8l	Docs/researches/sources/os/plan9/9front/sys/src/cmd/8l/current_folder_research.md	8	8	0	ok
sources/os/plan9/9front/sys/src/cmd/9660srv	Docs/researches/sources/os/plan9/9front/sys/src/cmd/9660srv/current_folder_research.md	8	8	0	ok
sources/os/plan9/9front/sys/src/cmd/9a	Docs/researches/sources/os/plan9/9front/sys/src/cmd/9a/current_folder_research.md	3	3	0	ok
sources/os/plan9/9front/sys/src/cmd/9c	Docs/researches/sources/os/plan9/9front/sys/src/cmd/9c/current_folder_research.md	12	12	0	ok
sources/os/plan9/9front/sys/src/cmd/9l	Docs/researches/sources/os/plan9/9front/sys/src/cmd/9l/current_folder_research.md	13	13	0	ok
sources/os/plan9/9front/sys/src/cmd/9nfs	Docs/researches/sources/os/plan9/9front/sys/src/cmd/9nfs/current_folder_research.md	26	26	0	ok
sources/os/plan9/9front/sys/src/cmd/abaco	Docs/researches/sources/os/plan9/9front/sys/src/cmd/abaco/current_folder_research.md	16	16	0	ok
sources/os/plan9/9front/sys/src/cmd/acid	Docs/researches/sources/os/plan9/9front/sys/src/cmd/acid/current_folder_research.md	12	12	0	ok
sources/os/plan9/9front/sys/src/cmd/acme	Docs/researches/sources/os/plan9/9front/sys/src/cmd/acme/current_folder_research.md	24	24	0	ok
sources/os/plan9/9front/sys/src/cmd/astro	Docs/researches/sources/os/plan9/9front/sys/src/cmd/astro/current_folder_research.md	31	31	0	ok
sources/os/plan9/9front/sys/src/cmd/atazz	Docs/researches/sources/os/plan9/9front/sys/src/cmd/atazz/current_folder_research.md	5	5	0	ok
sources/os/plan9/9front/sys/src/cmd/audio	Docs/researches/sources/os/plan9/9front/sys/src/cmd/audio/current_folder_research.md	1	252	17	ok
sources/os/plan9/9front/sys/src/cmd/auth	Docs/researches/sources/os/plan9/9front/sys/src/cmd/auth/current_folder_research.md	48	94	3	ok
sources/os/plan9/9front/sys/src/cmd/aux	Docs/researches/sources/os/plan9/9front/sys/src/cmd/aux/current_folder_research.md	54	229	9	ok
sources/os/plan9/9front/sys/src/cmd/awk	Docs/researches/sources/os/plan9/9front/sys/src/cmd/awk/current_folder_research.md	12	12	0	ok
sources/os/plan9/9front/sys/src/cmd/bitsy	Docs/researches/sources/os/plan9/9front/sys/src/cmd/bitsy/current_folder_research.md	5	5	0	ok
sources/os/plan9/9front/sys/src/cmd/bzfs	Docs/researches/sources/os/plan9/9front/sys/src/cmd/bzfs/current_folder_research.md	5	5	0	ok
sources/os/plan9/9front/sys/src/cmd/bzip2	Docs/researches/sources/os/plan9/9front/sys/src/cmd/bzip2/current_folder_research.md	3	29	1	ok
sources/os/plan9/9front/sys/src/cmd/cb	Docs/researches/sources/os/plan9/9front/sys/src/cmd/cb/current_folder_research.md	4	4	0	ok
sources/os/plan9/9front/sys/src/cmd/cc	Docs/researches/sources/os/plan9/9front/sys/src/cmd/cc/current_folder_research.md	19	19	0	ok
sources/os/plan9/9front/sys/src/cmd/cdfs	Docs/researches/sources/os/plan9/9front/sys/src/cmd/cdfs/current_folder_research.md	5	5	0	ok
sources/os/plan9/9front/sys/src/cmd/cec	Docs/researches/sources/os/plan9/9front/sys/src/cmd/cec/current_folder_research.md	5	5	0	ok
sources/os/plan9/9front/sys/src/cmd/cfs	Docs/researches/sources/os/plan9/9front/sys/src/cmd/cfs/current_folder_research.md	13	13	0	ok
sources/os/plan9/9front/sys/src/cmd/cifs	Docs/researches/sources/os/plan9/9front/sys/src/cmd/cifs/current_folder_research.md	20	20	0	ok
sources/os/plan9/9front/sys/src/cmd/compress	Docs/researches/sources/os/plan9/9front/sys/src/cmd/compress/current_folder_research.md	1	1	0	ok
sources/os/plan9/9front/sys/src/cmd/con	Docs/researches/sources/os/plan9/9front/sys/src/cmd/con/current_folder_research.md	4	4	0	ok
sources/os/plan9/9front/sys/src/cmd/cpp	Docs/researches/sources/os/plan9/9front/sys/src/cmd/cpp/current_folder_research.md	9	10	1	ok
sources/os/plan9/9front/sys/src/cmd/cwfs	Docs/researches/sources/os/plan9/9front/sys/src/cmd/cwfs/current_folder_research.md	30	48	9	ok
sources/os/plan9/9front/sys/src/cmd/db	Docs/researches/sources/os/plan9/9front/sys/src/cmd/db/current_folder_research.md	14	14	0	ok
sources/os/plan9/9front/sys/src/cmd/dial	Docs/researches/sources/os/plan9/9front/sys/src/cmd/dial/current_folder_research.md	4	4	0	ok
sources/os/plan9/9front/sys/src/cmd/dict	Docs/researches/sources/os/plan9/9front/sys/src/cmd/dict/current_folder_research.md	27	27	0	ok
sources/os/plan9/9front/sys/src/cmd/diff	Docs/researches/sources/os/plan9/9front/sys/src/cmd/diff/current_folder_research.md	7	48	1	ok
sources/os/plan9/9front/sys/src/cmd/disk	Docs/researches/sources/os/plan9/9front/sys/src/cmd/disk/current_folder_research.md	9	46	5	ok
sources/os/plan9/9front/sys/src/cmd/dossrv	Docs/researches/sources/os/plan9/9front/sys/src/cmd/dossrv/current_folder_research.md	13	13	0	ok
sources/os/plan9/9front/sys/src/cmd/dtracy	Docs/researches/sources/os/plan9/9front/sys/src/cmd/dtracy/current_folder_research.md	9	9	0	ok
sources/os/plan9/9front/sys/src/cmd/eqn	Docs/researches/sources/os/plan9/9front/sys/src/cmd/eqn/current_folder_research.md	24	24	0	ok
sources/os/plan9/9front/sys/src/cmd/execnet	Docs/researches/sources/os/plan9/9front/sys/src/cmd/execnet/current_folder_research.md	5	5	0	ok
sources/os/plan9/9front/sys/src/cmd/exportfs	Docs/researches/sources/os/plan9/9front/sys/src/cmd/exportfs/current_folder_research.md	5	5	0	ok
sources/os/plan9/9front/sys/src/cmd/ext4srv	Docs/researches/sources/os/plan9/9front/sys/src/cmd/ext4srv/current_folder_research.md	24	48	1	ok
sources/os/plan9/9front/sys/src/cmd/faces	Docs/researches/sources/os/plan9/9front/sys/src/cmd/faces/current_folder_research.md	6	6	0	ok
sources/os/plan9/9front/sys/src/cmd/fax	Docs/researches/sources/os/plan9/9front/sys/src/cmd/fax/current_folder_research.md	10	10	0	ok
sources/os/plan9/9front/sys/src/cmd/forp	Docs/researches/sources/os/plan9/9front/sys/src/cmd/forp/current_folder_research.md	7	7	0	ok
sources/os/plan9/9front/sys/src/cmd/gdbfs	Docs/researches/sources/os/plan9/9front/sys/src/cmd/gdbfs/current_folder_research.md	3	3	0	ok
sources/os/plan9/9front/sys/src/cmd/gefs	Docs/researches/sources/os/plan9/9front/sys/src/cmd/gefs/current_folder_research.md	18	18	0	ok
sources/os/plan9/9front/sys/src/cmd/git	Docs/researches/sources/os/plan9/9front/sys/src/cmd/git/current_folder_research.md	34	34	0	ok
sources/os/plan9/9front/sys/src/cmd/grap	Docs/researches/sources/os/plan9/9front/sys/src/cmd/grap/current_folder_research.md	12	12	0	ok
sources/os/plan9/9front/sys/src/cmd/graph	Docs/researches/sources/os/plan9/9front/sys/src/cmd/graph/current_folder_research.md	4	4	0	ok
sources/os/plan9/9front/sys/src/cmd/grep	Docs/researches/sources/os/plan9/9front/sys/src/cmd/grep/current_folder_research.md	5	5	0	ok
sources/os/plan9/9front/sys/src/cmd/gs	Docs/researches/sources/os/plan9/9front/sys/src/cmd/gs/current_folder_research.md	10	1412	6	ok
sources/os/plan9/9front/sys/src/cmd/gzip	Docs/researches/sources/os/plan9/9front/sys/src/cmd/gzip/current_folder_research.md	6	6	0	ok
sources/os/plan9/9front/sys/src/cmd/hgfs	Docs/researches/sources/os/plan9/9front/sys/src/cmd/hgfs/current_folder_research.md	12	12	0	ok
sources/os/plan9/9front/sys/src/cmd/hjfs	Docs/researches/sources/os/plan9/9front/sys/src/cmd/hjfs/current_folder_research.md	12	12	0	ok
sources/os/plan9/9front/sys/src/cmd/hoc	Docs/researches/sources/os/plan9/9front/sys/src/cmd/hoc/current_folder_research.md	6	6	0	ok
sources/os/plan9/9front/sys/src/cmd/htmlfmt	Docs/researches/sources/os/plan9/9front/sys/src/cmd/htmlfmt/current_folder_research.md	4	4	0	ok
sources/os/plan9/9front/sys/src/cmd/htmlroff	Docs/researches/sources/os/plan9/9front/sys/src/cmd/htmlroff/current_folder_research.md	27	27	0	ok
sources/os/plan9/9front/sys/src/cmd/image	Docs/researches/sources/os/plan9/9front/sys/src/cmd/image/current_folder_research.md	5	5	0	ok
sources/os/plan9/9front/sys/src/cmd/ip	Docs/researches/sources/os/plan9/9front/sys/src/cmd/ip/current_folder_research.md	36	148	7	ok
sources/os/plan9/9front/sys/src/cmd/jpg	Docs/researches/sources/os/plan9/9front/sys/src/cmd/jpg/current_folder_research.md	41	41	0	ok
sources/os/plan9/9front/sys/src/cmd/ka	Docs/researches/sources/os/plan9/9front/sys/src/cmd/ka/current_folder_research.md	3	3	0	ok
sources/os/plan9/9front/sys/src/cmd/kc	Docs/researches/sources/os/plan9/9front/sys/src/cmd/kc/current_folder_research.md	10	10	0	ok
sources/os/plan9/9front/sys/src/cmd/ki	Docs/researches/sources/os/plan9/9front/sys/src/cmd/ki/current_folder_research.md	11	11	0	ok
sources/os/plan9/9front/sys/src/cmd/kl	Docs/researches/sources/os/plan9/9front/sys/src/cmd/kl/current_folder_research.md	10	10	0	ok
sources/os/plan9/9front/sys/src/cmd/ktrans	Docs/researches/sources/os/plan9/9front/sys/src/cmd/ktrans/current_folder_research.md	4	4	0	ok
sources/os/plan9/9front/sys/src/cmd/lex	Docs/researches/sources/os/plan9/9front/sys/src/cmd/lex/current_folder_research.md	6	6	0	ok
sources/os/plan9/9front/sys/src/cmd/lp	Docs/researches/sources/os/plan9/9front/sys/src/cmd/lp/current_folder_research.md	5	5	0	ok
sources/os/plan9/9front/sys/src/cmd/map	Docs/researches/sources/os/plan9/9front/sys/src/cmd/map/current_folder_research.md	7	46	1	ok
sources/os/plan9/9front/sys/src/cmd/mk	Docs/researches/sources/os/plan9/9front/sys/src/cmd/mk/current_folder_research.md	25	25	0	ok
sources/os/plan9/9front/sys/src/cmd/mothra	Docs/researches/sources/os/plan9/9front/sys/src/cmd/mothra/current_folder_research.md	9	38	1	ok
sources/os/plan9/9front/sys/src/cmd/ndb	Docs/researches/sources/os/plan9/9front/sys/src/cmd/ndb/current_folder_research.md	23	23	0	ok
sources/os/plan9/9front/sys/src/cmd/nusb	Docs/researches/sources/os/plan9/9front/sys/src/cmd/nusb/current_folder_research.md	0	46	11	ok
sources/os/plan9/9front/sys/src/cmd/paqfs	Docs/researches/sources/os/plan9/9front/sys/src/cmd/paqfs/current_folder_research.md	3	3	0	ok
sources/os/plan9/9front/sys/src/cmd/pic	Docs/researches/sources/os/plan9/9front/sys/src/cmd/pic/current_folder_research.md	17	17	0	ok
sources/os/plan9/9front/sys/src/cmd/plot	Docs/researches/sources/os/plan9/9front/sys/src/cmd/plot/current_folder_research.md	2	36	1	ok
sources/os/plan9/9front/sys/src/cmd/plumb	Docs/researches/sources/os/plan9/9front/sys/src/cmd/plumb/current_folder_research.md	6	6	0	ok
sources/os/plan9/9front/sys/src/cmd/postscript	Docs/researches/sources/os/plan9/9front/sys/src/cmd/postscript/current_folder_research.md	2	73	22	ok
sources/os/plan9/9front/sys/src/cmd/proof	Docs/researches/sources/os/plan9/9front/sys/src/cmd/proof/current_folder_research.md	5	5	0	ok
sources/os/plan9/9front/sys/src/cmd/qa	Docs/researches/sources/os/plan9/9front/sys/src/cmd/qa/current_folder_research.md	3	3	0	ok
sources/os/plan9/9front/sys/src/cmd/qc	Docs/researches/sources/os/plan9/9front/sys/src/cmd/qc/current_folder_research.md	11	11	0	ok
sources/os/plan9/9front/sys/src/cmd/qi	Docs/researches/sources/os/plan9/9front/sys/src/cmd/qi/current_folder_research.md	13	13	0	ok
sources/os/plan9/9front/sys/src/cmd/ql	Docs/researches/sources/os/plan9/9front/sys/src/cmd/ql/current_folder_research.md	12	12	0	ok
sources/os/plan9/9front/sys/src/cmd/ratfs	Docs/researches/sources/os/plan9/9front/sys/src/cmd/ratfs/current_folder_research.md	5	5	0	ok
sources/os/plan9/9front/sys/src/cmd/rc	Docs/researches/sources/os/plan9/9front/sys/src/cmd/rc/current_folder_research.md	24	24	0	ok
sources/os/plan9/9front/sys/src/cmd/reform	Docs/researches/sources/os/plan9/9front/sys/src/cmd/reform/current_folder_research.md	3	3	0	ok
sources/os/plan9/9front/sys/src/cmd/replica	Docs/researches/sources/os/plan9/9front/sys/src/cmd/replica/current_folder_research.md	9	9	0	ok
sources/os/plan9/9front/sys/src/cmd/rio	Docs/researches/sources/os/plan9/9front/sys/src/cmd/rio/current_folder_research.md	11	11	0	ok
sources/os/plan9/9front/sys/src/cmd/sam	Docs/researches/sources/os/plan9/9front/sys/src/cmd/sam/current_folder_research.md	24	24	0	ok
sources/os/plan9/9front/sys/src/cmd/samterm	Docs/researches/sources/os/plan9/9front/sys/src/cmd/samterm/current_folder_research.md	11	11	0	ok
sources/os/plan9/9front/sys/src/cmd/scat	Docs/researches/sources/os/plan9/9front/sys/src/cmd/scat/current_folder_research.md	17	17	0	ok
sources/os/plan9/9front/sys/src/cmd/scuzz	Docs/researches/sources/os/plan9/9front/sys/src/cmd/scuzz/current_folder_research.md	7	7	0	ok
sources/os/plan9/9front/sys/src/cmd/snap	Docs/researches/sources/os/plan9/9front/sys/src/cmd/snap/current_folder_research.md	7	7	0	ok
sources/os/plan9/9front/sys/src/cmd/spell	Docs/researches/sources/os/plan9/9front/sys/src/cmd/spell/current_folder_research.md	3	3	0	ok
sources/os/plan9/9front/sys/src/cmd/spin	Docs/researches/sources/os/plan9/9front/sys/src/cmd/spin/current_folder_research.md	41	41	0	ok
sources/os/plan9/9front/sys/src/cmd/spred	Docs/researches/sources/os/plan9/9front/sys/src/cmd/spred/current_folder_research.md	9	9	0	ok
sources/os/plan9/9front/sys/src/cmd/syscall	Docs/researches/sources/os/plan9/9front/sys/src/cmd/syscall/current_folder_research.md	2	2	0	ok
sources/os/plan9/9front/sys/src/cmd/tapefs	Docs/researches/sources/os/plan9/9front/sys/src/cmd/tapefs/current_folder_research.md	12	12	0	ok
sources/os/plan9/9front/sys/src/cmd/tbl	Docs/researches/sources/os/plan9/9front/sys/src/cmd/tbl/current_folder_research.md	23	23	0	ok
sources/os/plan9/9front/sys/src/cmd/tc	Docs/researches/sources/os/plan9/9front/sys/src/cmd/tc/current_folder_research.md	9	9	0	ok
sources/os/plan9/9front/sys/src/cmd/tcs	Docs/researches/sources/os/plan9/9front/sys/src/cmd/tcs/current_folder_research.md	30	41	1	ok
sources/os/plan9/9front/sys/src/cmd/telco	Docs/researches/sources/os/plan9/9front/sys/src/cmd/telco/current_folder_research.md	3	3	0	ok
sources/os/plan9/9front/sys/src/cmd/test	Docs/researches/sources/os/plan9/9front/sys/src/cmd/test/current_folder_research.md	0	5	1	ok
sources/os/plan9/9front/sys/src/cmd/tl	Docs/researches/sources/os/plan9/9front/sys/src/cmd/tl/current_folder_research.md	10	10	0	ok
sources/os/plan9/9front/sys/src/cmd/troff	Docs/researches/sources/os/plan9/9front/sys/src/cmd/troff/current_folder_research.md	25	25	0	ok
sources/os/plan9/9front/sys/src/cmd/troff2html	Docs/researches/sources/os/plan9/9front/sys/src/cmd/troff2html/current_folder_research.md	2	2	0	ok
sources/os/plan9/9front/sys/src/cmd/upas	Docs/researches/sources/os/plan9/9front/sys/src/cmd/upas/current_folder_research.md	0	136	20	ok
sources/os/plan9/9front/sys/src/cmd/va	Docs/researches/sources/os/plan9/9front/sys/src/cmd/va/current_folder_research.md	3	3	0	ok
sources/os/plan9/9front/sys/src/cmd/vac	Docs/researches/sources/os/plan9/9front/sys/src/cmd/vac/current_folder_research.md	13	13	0	ok
sources/os/plan9/9front/sys/src/cmd/vc	Docs/researches/sources/os/plan9/9front/sys/src/cmd/vc/current_folder_research.md	10	10	0	ok
sources/os/plan9/9front/sys/src/cmd/venti	Docs/researches/sources/os/plan9/9front/sys/src/cmd/venti/current_folder_research.md	10	82	2	ok
sources/os/plan9/9front/sys/src/cmd/vi	Docs/researches/sources/os/plan9/9front/sys/src/cmd/vi/current_folder_research.md	12	12	0	ok
sources/os/plan9/9front/sys/src/cmd/vl	Docs/researches/sources/os/plan9/9front/sys/src/cmd/vl/current_folder_research.md	10	10	0	ok
sources/os/plan9/9front/sys/src/cmd/vmx	Docs/researches/sources/os/plan9/9front/sys/src/cmd/vmx/current_folder_research.md	16	16	0	ok
sources/os/plan9/9front/sys/src/cmd/vnc	Docs/researches/sources/os/plan9/9front/sys/src/cmd/vnc/current_folder_research.md	30	30	0	ok
sources/os/plan9/9front/sys/src/cmd/vt	Docs/researches/sources/os/plan9/9front/sys/src/cmd/vt/current_folder_research.md	4	4	0	ok
sources/os/plan9/9front/sys/src/cmd/webfs	Docs/researches/sources/os/plan9/9front/sys/src/cmd/webfs/current_folder_research.md	7	7	0	ok
sources/os/plan9/9front/sys/src/cmd/wikifs	Docs/researches/sources/os/plan9/9front/sys/src/cmd/wikifs/current_folder_research.md	13	13	0	ok
sources/os/plan9/plan9/sys/src/9/bcm	Docs/researches/sources/os/plan9/plan9/sys/src/9/bcm/current_folder_research.md	38	38	0	ok
sources/os/plan9/plan9/sys/src/9/boot	Docs/researches/sources/os/plan9/plan9/sys/src/9/boot/current_folder_research.md	19	19	0	ok
sources/os/plan9/plan9/sys/src/9/ip	Docs/researches/sources/os/plan9/plan9/sys/src/9/ip/current_folder_research.md	28	28	0	ok
sources/os/plan9/plan9/sys/src/9/kw	Docs/researches/sources/os/plan9/plan9/sys/src/9/kw/current_folder_research.md	38	38	0	ok
sources/os/plan9/plan9/sys/src/9/mtx	Docs/researches/sources/os/plan9/plan9/sys/src/9/mtx/current_folder_research.md	21	21	0	ok
sources/os/plan9/plan9/sys/src/9/omap	Docs/researches/sources/os/plan9/plan9/sys/src/9/omap/current_folder_research.md	39	39	0	ok
sources/os/plan9/plan9/sys/src/9/pc	Docs/researches/sources/os/plan9/plan9/sys/src/9/pc/current_folder_research.md	131	131	0	ok
sources/os/plan9/plan9/sys/src/9/pcboot	Docs/researches/sources/os/plan9/plan9/sys/src/9/pcboot/current_folder_research.md	41	41	0	ok
sources/os/plan9/plan9/sys/src/9/port	Docs/researches/sources/os/plan9/plan9/sys/src/9/port/current_folder_research.md	101	101	0	ok
sources/os/plan9/plan9/sys/src/9/ppc	Docs/researches/sources/os/plan9/plan9/sys/src/9/ppc/current_folder_research.md	35	35	0	ok
sources/os/plan9/plan9/sys/src/9/rb	Docs/researches/sources/os/plan9/plan9/sys/src/9/rb/current_folder_research.md	22	22	0	ok
sources/os/plan9/plan9/sys/src/9/teg2	Docs/researches/sources/os/plan9/plan9/sys/src/9/teg2/current_folder_research.md	40	40	0	ok
sources/os/plan9/plan9/sys/src/cmd/5a	Docs/researches/sources/os/plan9/plan9/sys/src/cmd/5a/current_folder_research.md	4	4	0	ok
sources/os/plan9/plan9/sys/src/cmd/5c	Docs/researches/sources/os/plan9/plan9/sys/src/cmd/5c/current_folder_research.md	11	11	0	ok
sources/os/plan9/plan9/sys/src/cmd/5i	Docs/researches/sources/os/plan9/plan9/sys/src/cmd/5i/current_folder_research.md	11	11	0	ok
sources/os/plan9/plan9/sys/src/cmd/5l	Docs/researches/sources/os/plan9/plan9/sys/src/cmd/5l/current_folder_research.md	10	10	0	ok
sources/os/plan9/plan9/sys/src/cmd/6a	Docs/researches/sources/os/plan9/plan9/sys/src/cmd/6a/current_folder_research.md	3	3	0	ok
sources/os/plan9/plan9/sys/src/cmd/6c	Docs/researches/sources/os/plan9/plan9/sys/src/cmd/6c/current_folder_research.md	14	14	0	ok
sources/os/plan9/plan9/sys/src/cmd/6l	Docs/researches/sources/os/plan9/plan9/sys/src/cmd/6l/current_folder_research.md	8	8	0	ok
sources/os/plan9/plan9/sys/src/cmd/8a	Docs/researches/sources/os/plan9/plan9/sys/src/cmd/8a/current_folder_research.md	4	4	0	ok
sources/os/plan9/plan9/sys/src/cmd/8c	Docs/researches/sources/os/plan9/plan9/sys/src/cmd/8c/current_folder_research.md	14	14	0	ok
sources/os/plan9/plan9/sys/src/cmd/8l	Docs/researches/sources/os/plan9/plan9/sys/src/cmd/8l/current_folder_research.md	10	10	0	ok
sources/os/plan9/plan9/sys/src/cmd/9660srv	Docs/researches/sources/os/plan9/plan9/sys/src/cmd/9660srv/current_folder_research.md	8	8	0	ok
sources/os/plan9/plan9/sys/src/cmd/9nfs	Docs/researches/sources/os/plan9/plan9/sys/src/cmd/9nfs/current_folder_research.md	26	26	0	ok
sources/os/plan9/plan9/sys/src/cmd/abaco	Docs/researches/sources/os/plan9/plan9/sys/src/cmd/abaco/current_folder_research.md	18	18	0	ok
sources/os/plan9/plan9/sys/src/cmd/acid	Docs/researches/sources/os/plan9/plan9/sys/src/cmd/acid/current_folder_research.md	12	12	0	ok
sources/os/plan9/plan9/sys/src/cmd/acme	Docs/researches/sources/os/plan9/plan9/sys/src/cmd/acme/current_folder_research.md	23	23	0	ok
sources/os/plan9/plan9/sys/src/cmd/aquarela	Docs/researches/sources/os/plan9/plan9/sys/src/cmd/aquarela/current_folder_research.md	76	76	0	ok
sources/os/plan9/plan9/sys/src/cmd/astro	Docs/researches/sources/os/plan9/plan9/sys/src/cmd/astro/current_folder_research.md	31	31	0	ok
sources/os/plan9/plan9/sys/src/cmd/auth	Docs/researches/sources/os/plan9/plan9/sys/src/cmd/auth/current_folder_research.md	43	87	3	ok
sources/os/plan9/plan9/sys/src/cmd/aux	Docs/researches/sources/os/plan9/plan9/sys/src/cmd/aux/current_folder_research.md	38	196	6	ok
sources/os/plan9/plan9/sys/src/cmd/awk	Docs/researches/sources/os/plan9/plan9/sys/src/cmd/awk/current_folder_research.md	13	13	0	ok
sources/os/plan9/plan9/sys/src/cmd/bzip2	Docs/researches/sources/os/plan9/plan9/sys/src/cmd/bzip2/current_folder_research.md	3	29	1	ok
sources/os/plan9/plan9/sys/src/cmd/cb	Docs/researches/sources/os/plan9/plan9/sys/src/cmd/cb/current_folder_research.md	4	4	0	ok
sources/os/plan9/plan9/sys/src/cmd/cc	Docs/researches/sources/os/plan9/plan9/sys/src/cmd/cc/current_folder_research.md	18	18	0	ok
sources/os/plan9/plan9/sys/src/cmd/cdfs	Docs/researches/sources/os/plan9/plan9/sys/src/cmd/cdfs/current_folder_research.md	6	6	0	ok
sources/os/plan9/plan9/sys/src/cmd/cec	Docs/researches/sources/os/plan9/plan9/sys/src/cmd/cec/current_folder_research.md	5	5	0	ok
sources/os/plan9/plan9/sys/src/cmd/cfs	Docs/researches/sources/os/plan9/plan9/sys/src/cmd/cfs/current_folder_research.md	13	13	0	ok
sources/os/plan9/plan9/sys/src/cmd/cifs	Docs/researches/sources/os/plan9/plan9/sys/src/cmd/cifs/current_folder_research.md	21	21	0	ok
sources/os/plan9/plan9/sys/src/cmd/compress	Docs/researches/sources/os/plan9/plan9/sys/src/cmd/compress/current_folder_research.md	1	1	0	ok
sources/os/plan9/plan9/sys/src/cmd/con	Docs/researches/sources/os/plan9/plan9/sys/src/cmd/con/current_folder_research.md	4	4	0	ok
sources/os/plan9/plan9/sys/src/cmd/cpp	Docs/researches/sources/os/plan9/plan9/sys/src/cmd/cpp/current_folder_research.md	10	10	0	ok
sources/os/plan9/plan9/sys/src/cmd/cwfs	Docs/researches/sources/os/plan9/plan9/sys/src/cmd/cwfs/current_folder_research.md	32	46	7	ok
sources/os/plan9/plan9/sys/src/cmd/db	Docs/researches/sources/os/plan9/plan9/sys/src/cmd/db/current_folder_research.md	14	14	0	ok
sources/os/plan9/plan9/sys/src/cmd/dial	Docs/researches/sources/os/plan9/plan9/sys/src/cmd/dial/current_folder_research.md	4	4	0	ok
sources/os/plan9/plan9/sys/src/cmd/dict	Docs/researches/sources/os/plan9/plan9/sys/src/cmd/dict/current_folder_research.md	28	28	0	ok
sources/os/plan9/plan9/sys/src/cmd/diff	Docs/researches/sources/os/plan9/plan9/sys/src/cmd/diff/current_folder_research.md	5	5	0	ok
sources/os/plan9/plan9/sys/src/cmd/disk	Docs/researches/sources/os/plan9/plan9/sys/src/cmd/disk/current_folder_research.md	8	58	3	ok
sources/os/plan9/plan9/sys/src/cmd/dossrv	Docs/researches/sources/os/plan9/plan9/sys/src/cmd/dossrv/current_folder_research.md	13	13	0	ok
sources/os/plan9/plan9/sys/src/cmd/eqn	Docs/researches/sources/os/plan9/plan9/sys/src/cmd/eqn/current_folder_research.md	26	26	0	ok
sources/os/plan9/plan9/sys/src/cmd/execnet	Docs/researches/sources/os/plan9/plan9/sys/src/cmd/execnet/current_folder_research.md	5	5	0	ok
sources/os/plan9/plan9/sys/src/cmd/exportfs	Docs/researches/sources/os/plan9/plan9/sys/src/cmd/exportfs/current_folder_research.md	4	4	0	ok
sources/os/plan9/plan9/sys/src/cmd/ext2srv	Docs/researches/sources/os/plan9/plan9/sys/src/cmd/ext2srv/current_folder_research.md	9	9	0	ok
sources/os/plan9/plan9/sys/src/cmd/faces	Docs/researches/sources/os/plan9/plan9/sys/src/cmd/faces/current_folder_research.md	6	6	0	ok
sources/os/plan9/plan9/sys/src/cmd/fax	Docs/researches/sources/os/plan9/plan9/sys/src/cmd/fax/current_folder_research.md	10	10	0	ok
sources/os/plan9/plan9/sys/src/cmd/fossil	Docs/researches/sources/os/plan9/plan9/sys/src/cmd/fossil/current_folder_research.md	50	50	0	ok
sources/os/plan9/plan9/sys/src/cmd/grap	Docs/researches/sources/os/plan9/plan9/sys/src/cmd/grap/current_folder_research.md	12	12	0	ok
sources/os/plan9/plan9/sys/src/cmd/graph	Docs/researches/sources/os/plan9/plan9/sys/src/cmd/graph/current_folder_research.md	4	4	0	ok
sources/os/plan9/plan9/sys/src/cmd/grep	Docs/researches/sources/os/plan9/plan9/sys/src/cmd/grep/current_folder_research.md	5	5	0	ok
sources/os/plan9/plan9/sys/src/cmd/gs	Docs/researches/sources/os/plan9/plan9/sys/src/cmd/gs/current_folder_research.md	14	1413	6	ok
sources/os/plan9/plan9/sys/src/cmd/gzip	Docs/researches/sources/os/plan9/plan9/sys/src/cmd/gzip/current_folder_research.md	6	6	0	ok
sources/os/plan9/plan9/sys/src/cmd/hoc	Docs/researches/sources/os/plan9/plan9/sys/src/cmd/hoc/current_folder_research.md	6	6	0	ok
sources/os/plan9/plan9/sys/src/cmd/htmlfmt	Docs/researches/sources/os/plan9/plan9/sys/src/cmd/htmlfmt/current_folder_research.md	4	4	0	ok
sources/os/plan9/plan9/sys/src/cmd/htmlroff	Docs/researches/sources/os/plan9/plan9/sys/src/cmd/htmlroff/current_folder_research.md	27	27	0	ok
sources/os/plan9/plan9/sys/src/cmd/iostats	Docs/researches/sources/os/plan9/plan9/sys/src/cmd/iostats/current_folder_research.md	3	3	0	ok
sources/os/plan9/plan9/sys/src/cmd/ip	Docs/researches/sources/os/plan9/plan9/sys/src/cmd/ip/current_folder_research.md	28	140	7	ok
sources/os/plan9/plan9/sys/src/cmd/jpg	Docs/researches/sources/os/plan9/plan9/sys/src/cmd/jpg/current_folder_research.md	37	37	0	ok
sources/os/plan9/plan9/sys/src/cmd/ka	Docs/researches/sources/os/plan9/plan9/sys/src/cmd/ka/current_folder_research.md	4	4	0	ok
sources/os/plan9/plan9/sys/src/cmd/kc	Docs/researches/sources/os/plan9/plan9/sys/src/cmd/kc/current_folder_research.md	12	12	0	ok
sources/os/plan9/plan9/sys/src/cmd/ki	Docs/researches/sources/os/plan9/plan9/sys/src/cmd/ki/current_folder_research.md	11	11	0	ok
sources/os/plan9/plan9/sys/src/cmd/kl	Docs/researches/sources/os/plan9/plan9/sys/src/cmd/kl/current_folder_research.md	11	11	0	ok
sources/os/plan9/plan9/sys/src/cmd/lex	Docs/researches/sources/os/plan9/plan9/sys/src/cmd/lex/current_folder_research.md	6	6	0	ok
sources/os/plan9/plan9/sys/src/cmd/lp	Docs/researches/sources/os/plan9/plan9/sys/src/cmd/lp/current_folder_research.md	6	6	0	ok
sources/os/plan9/plan9/sys/src/cmd/map	Docs/researches/sources/os/plan9/plan9/sys/src/cmd/map/current_folder_research.md	7	46	1	ok
sources/os/plan9/plan9/sys/src/cmd/mk	Docs/researches/sources/os/plan9/plan9/sys/src/cmd/mk/current_folder_research.md	25	25	0	ok
sources/os/plan9/plan9/sys/src/cmd/ndb	Docs/researches/sources/os/plan9/plan9/sys/src/cmd/ndb/current_folder_research.md	22	22	0	ok
sources/os/plan9/plan9/sys/src/cmd/page	Docs/researches/sources/os/plan9/plan9/sys/src/cmd/page/current_folder_research.md	13	13	0	ok
sources/os/plan9/plan9/sys/src/cmd/paqfs	Docs/researches/sources/os/plan9/plan9/sys/src/cmd/paqfs/current_folder_research.md	3	3	0	ok
sources/os/plan9/plan9/sys/src/cmd/pic	Docs/researches/sources/os/plan9/plan9/sys/src/cmd/pic/current_folder_research.md	18	18	0	ok
sources/os/plan9/plan9/sys/src/cmd/plot	Docs/researches/sources/os/plan9/plan9/sys/src/cmd/plot/current_folder_research.md	2	36	1	ok
sources/os/plan9/plan9/sys/src/cmd/plumb	Docs/researches/sources/os/plan9/plan9/sys/src/cmd/plumb/current_folder_research.md	6	6	0	ok
sources/os/plan9/plan9/sys/src/cmd/postscript	Docs/researches/sources/os/plan9/plan9/sys/src/cmd/postscript/current_folder_research.md	2	73	22	ok
sources/os/plan9/plan9/sys/src/cmd/proof	Docs/researches/sources/os/plan9/plan9/sys/src/cmd/proof/current_folder_research.md	5	5	0	ok
sources/os/plan9/plan9/sys/src/cmd/qa	Docs/researches/sources/os/plan9/plan9/sys/src/cmd/qa/current_folder_research.md	3	3	0	ok
sources/os/plan9/plan9/sys/src/cmd/qc	Docs/researches/sources/os/plan9/plan9/sys/src/cmd/qc/current_folder_research.md	12	12	0	ok
sources/os/plan9/plan9/sys/src/cmd/qi	Docs/researches/sources/os/plan9/plan9/sys/src/cmd/qi/current_folder_research.md	13	13	0	ok
sources/os/plan9/plan9/sys/src/cmd/ql	Docs/researches/sources/os/plan9/plan9/sys/src/cmd/ql/current_folder_research.md	13	13	0	ok
sources/os/plan9/plan9/sys/src/cmd/ratfs	Docs/researches/sources/os/plan9/plan9/sys/src/cmd/ratfs/current_folder_research.md	5	5	0	ok
sources/os/plan9/plan9/sys/src/cmd/rc	Docs/researches/sources/os/plan9/plan9/sys/src/cmd/rc/current_folder_research.md	26	26	0	ok
sources/os/plan9/plan9/sys/src/cmd/replica	Docs/researches/sources/os/plan9/plan9/sys/src/cmd/replica/current_folder_research.md	10	10	0	ok
sources/os/plan9/plan9/sys/src/cmd/rio	Docs/researches/sources/os/plan9/plan9/sys/src/cmd/rio/current_folder_research.md	11	11	0	ok
sources/os/plan9/plan9/sys/src/cmd/sam	Docs/researches/sources/os/plan9/plan9/sys/src/cmd/sam/current_folder_research.md	24	24	0	ok
sources/os/plan9/plan9/sys/src/cmd/samterm	Docs/researches/sources/os/plan9/plan9/sys/src/cmd/samterm/current_folder_research.md	11	11	0	ok
sources/os/plan9/plan9/sys/src/cmd/scat	Docs/researches/sources/os/plan9/plan9/sys/src/cmd/scat/current_folder_research.md	17	17	0	ok
sources/os/plan9/plan9/sys/src/cmd/scuzz	Docs/researches/sources/os/plan9/plan9/sys/src/cmd/scuzz/current_folder_research.md	7	7	0	ok
sources/os/plan9/plan9/sys/src/cmd/snap	Docs/researches/sources/os/plan9/plan9/sys/src/cmd/snap/current_folder_research.md	7	7	0	ok
sources/os/plan9/plan9/sys/src/cmd/spell	Docs/researches/sources/os/plan9/plan9/sys/src/cmd/spell/current_folder_research.md	3	3	0	ok
sources/os/plan9/plan9/sys/src/cmd/spin	Docs/researches/sources/os/plan9/plan9/sys/src/cmd/spin/current_folder_research.md	39	39	0	ok
sources/os/plan9/plan9/sys/src/cmd/srvold9p	Docs/researches/sources/os/plan9/plan9/sys/src/cmd/srvold9p/current_folder_research.md	4	4	0	ok
sources/os/plan9/plan9/sys/src/cmd/ssh1	Docs/researches/sources/os/plan9/plan9/sys/src/cmd/ssh1/current_folder_research.md	22	22	0	ok
sources/os/plan9/plan9/sys/src/cmd/ssh2	Docs/researches/sources/os/plan9/plan9/sys/src/cmd/ssh2/current_folder_research.md	19	19	0	ok
sources/os/plan9/plan9/sys/src/cmd/syscall	Docs/researches/sources/os/plan9/plan9/sys/src/cmd/syscall/current_folder_research.md	1	1	0	ok
sources/os/plan9/plan9/sys/src/cmd/tapefs	Docs/researches/sources/os/plan9/plan9/sys/src/cmd/tapefs/current_folder_research.md	12	12	0	ok
sources/os/plan9/plan9/sys/src/cmd/tarsplit	Docs/researches/sources/os/plan9/plan9/sys/src/cmd/tarsplit/current_folder_research.md	4	4	0	ok
sources/os/plan9/plan9/sys/src/cmd/tbl	Docs/researches/sources/os/plan9/plan9/sys/src/cmd/tbl/current_folder_research.md	23	23	0	ok
sources/os/plan9/plan9/sys/src/cmd/tcs	Docs/researches/sources/os/plan9/plan9/sys/src/cmd/tcs/current_folder_research.md	29	40	1	ok
sources/os/plan9/plan9/sys/src/cmd/telco	Docs/researches/sources/os/plan9/plan9/sys/src/cmd/telco/current_folder_research.md	3	3	0	ok
sources/os/plan9/plan9/sys/src/cmd/troff	Docs/researches/sources/os/plan9/plan9/sys/src/cmd/troff/current_folder_research.md	21	21	0	ok
sources/os/plan9/plan9/sys/src/cmd/troff2html	Docs/researches/sources/os/plan9/plan9/sys/src/cmd/troff2html/current_folder_research.md	2	2	0	ok
sources/os/plan9/plan9/sys/src/cmd/unix	Docs/researches/sources/os/plan9/plan9/sys/src/cmd/unix/current_folder_research.md	3	453	3	ok
sources/os/plan9/plan9/sys/src/cmd/upas	Docs/researches/sources/os/plan9/plan9/sys/src/cmd/upas/current_folder_research.md	0	90	16	ok
sources/os/plan9/plan9/sys/src/cmd/usb	Docs/researches/sources/os/plan9/plan9/sys/src/cmd/usb/current_folder_research.md	1	48	8	ok
sources/os/plan9/plan9/sys/src/cmd/va	Docs/researches/sources/os/plan9/plan9/sys/src/cmd/va/current_folder_research.md	4	4	0	ok
sources/os/plan9/plan9/sys/src/cmd/vac	Docs/researches/sources/os/plan9/plan9/sys/src/cmd/vac/current_folder_research.md	13	13	0	ok
sources/os/plan9/plan9/sys/src/cmd/vc	Docs/researches/sources/os/plan9/plan9/sys/src/cmd/vc/current_folder_research.md	11	11	0	ok
sources/os/plan9/plan9/sys/src/cmd/venti	Docs/researches/sources/os/plan9/plan9/sys/src/cmd/venti/current_folder_research.md	10	82	2	ok
sources/os/plan9/plan9/sys/src/cmd/vi	Docs/researches/sources/os/plan9/plan9/sys/src/cmd/vi/current_folder_research.md	12	12	0	ok
sources/os/plan9/plan9/sys/src/cmd/vl	Docs/researches/sources/os/plan9/plan9/sys/src/cmd/vl/current_folder_research.md	10	10	0	ok
sources/os/plan9/plan9/sys/src/cmd/vnc	Docs/researches/sources/os/plan9/plan9/sys/src/cmd/vnc/current_folder_research.md	32	32	0	ok
sources/os/plan9/plan9/sys/src/cmd/vt	Docs/researches/sources/os/plan9/plan9/sys/src/cmd/vt/current_folder_research.md	7	7	0	ok
sources/os/plan9/plan9/sys/src/cmd/webfs	Docs/researches/sources/os/plan9/plan9/sys/src/cmd/webfs/current_folder_research.md	13	13	0	ok
sources/os/plan9/plan9/sys/src/cmd/wikifs	Docs/researches/sources/os/plan9/plan9/sys/src/cmd/wikifs/current_folder_research.md	13	13	0	ok
sources/virtualization/nbdkit/plugins/golang/src/libguestfs.org/nbdkit	Docs/researches/sources/virtualization/nbdkit/plugins/golang/src/libguestfs.org/nbdkit/current_folder_research.md	4	4	0	ok
sources/windows/reactos/drivers/filesystems/ext2/inc/asm	Docs/researches/sources/windows/reactos/drivers/filesystems/ext2/inc/asm/current_folder_research.md	3	3	0	ok
sources/windows/reactos/drivers/filesystems/ext2/inc/linux	Docs/researches/sources/windows/reactos/drivers/filesystems/ext2/inc/linux/current_folder_research.md	46	46	0	ok
sources/windows/reactos/drivers/filesystems/ext2/src/ext3	Docs/researches/sources/windows/reactos/drivers/filesystems/ext2/src/ext3/current_folder_research.md	4	4	0	ok
sources/windows/reactos/drivers/filesystems/ext2/src/ext4	Docs/researches/sources/windows/reactos/drivers/filesystems/ext2/src/ext4/current_folder_research.md	5	5	0	ok
sources/windows/reactos/drivers/filesystems/ext2/src/jbd	Docs/researches/sources/windows/reactos/drivers/filesystems/ext2/src/jbd/current_folder_research.md	3	3	0	ok
sources/windows/reactos/drivers/filesystems/ext2/src/nls	Docs/researches/sources/windows/reactos/drivers/filesystems/ext2/src/nls/current_folder_research.md	41	41	0	ok
sources/windows/reactos/drivers/filesystems/udfs/Include/CrossNt	Docs/researches/sources/windows/reactos/drivers/filesystems/udfs/Include/CrossNt/current_folder_research.md	6	6	0	ok
sources/windows/reactos/sdk/lib/fslib/vfatlib/check	Docs/researches/sources/windows/reactos/sdk/lib/fslib/vfatlib/check/current_folder_research.md	23	23	0	ok
sources/os/bsd/dragonflybsd/sys/vfs/isofs/cd9660/cd9660_iconv	Docs/researches/sources/os/bsd/dragonflybsd/sys/vfs/isofs/cd9660/cd9660_iconv/current_folder_research.md	2	2	0	ok
sources/os/bsd/netbsd-src/lib/libc/arch/aarch64/gdtoa	Docs/researches/sources/os/bsd/netbsd-src/lib/libc/arch/aarch64/gdtoa/current_folder_research.md	3	3	0	ok
sources/os/bsd/netbsd-src/lib/libc/arch/aarch64/net	Docs/researches/sources/os/bsd/netbsd-src/lib/libc/arch/aarch64/net/current_folder_research.md	1	1	0	ok
sources/os/bsd/netbsd-src/lib/libc/arch/aarch64/softfloat	Docs/researches/sources/os/bsd/netbsd-src/lib/libc/arch/aarch64/softfloat/current_folder_research.md	6	6	0	ok
sources/os/bsd/netbsd-src/lib/libc/arch/aarch64/stdlib	Docs/researches/sources/os/bsd/netbsd-src/lib/libc/arch/aarch64/stdlib/current_folder_research.md	1	1	0	ok
sources/os/bsd/netbsd-src/lib/libc/arch/aarch64/string	Docs/researches/sources/os/bsd/netbsd-src/lib/libc/arch/aarch64/string/current_folder_research.md	1	1	0	ok
sources/os/bsd/netbsd-src/lib/libc/arch/aarch64/sys	Docs/researches/sources/os/bsd/netbsd-src/lib/libc/arch/aarch64/sys/current_folder_research.md	13	13	0	ok
sources/os/bsd/netbsd-src/lib/libc/arch/alpha/gdtoa	Docs/researches/sources/os/bsd/netbsd-src/lib/libc/arch/alpha/gdtoa/current_folder_research.md	3	3	0	ok
sources/os/bsd/netbsd-src/lib/libc/arch/alpha/gmon	Docs/researches/sources/os/bsd/netbsd-src/lib/libc/arch/alpha/gmon/current_folder_research.md	1	1	0	ok
sources/os/bsd/netbsd-src/lib/libc/arch/alpha/net	Docs/researches/sources/os/bsd/netbsd-src/lib/libc/arch/alpha/net/current_folder_research.md	1	1	0	ok
sources/os/bsd/netbsd-src/lib/libc/arch/alpha/stdlib	Docs/researches/sources/os/bsd/netbsd-src/lib/libc/arch/alpha/stdlib/current_folder_research.md	1	1	0	ok
sources/os/bsd/netbsd-src/lib/libc/arch/alpha/string	Docs/researches/sources/os/bsd/netbsd-src/lib/libc/arch/alpha/string/current_folder_research.md	1	1	0	ok
sources/os/bsd/netbsd-src/lib/libc/arch/alpha/sys	Docs/researches/sources/os/bsd/netbsd-src/lib/libc/arch/alpha/sys/current_folder_research.md	13	13	0	ok
sources/os/bsd/netbsd-src/lib/libc/arch/arm/gdtoa	Docs/researches/sources/os/bsd/netbsd-src/lib/libc/arch/arm/gdtoa/current_folder_research.md	3	3	0	ok
sources/os/bsd/netbsd-src/lib/libc/arch/arm/hardfloat	Docs/researches/sources/os/bsd/netbsd-src/lib/libc/arch/arm/hardfloat/current_folder_research.md	7	7	0	ok
sources/os/bsd/netbsd-src/lib/libc/arch/arm/misc	Docs/researches/sources/os/bsd/netbsd-src/lib/libc/arch/arm/misc/current_folder_research.md	1	1	0	ok
sources/os/bsd/netbsd-src/lib/libc/arch/arm/net	Docs/researches/sources/os/bsd/netbsd-src/lib/libc/arch/arm/net/current_folder_research.md	1	1	0	ok
sources/os/bsd/netbsd-src/lib/libc/arch/arm/softfloat	Docs/researches/sources/os/bsd/netbsd-src/lib/libc/arch/arm/softfloat/current_folder_research.md	15	15	0	ok
sources/os/bsd/netbsd-src/lib/libc/arch/arm/stdlib	Docs/researches/sources/os/bsd/netbsd-src/lib/libc/arch/arm/stdlib/current_folder_research.md	1	1	0	ok
sources/os/bsd/netbsd-src/lib/libc/arch/arm/string	Docs/researches/sources/os/bsd/netbsd-src/lib/libc/arch/arm/string/current_folder_research.md	4	4	0	ok
sources/os/bsd/netbsd-src/lib/libc/arch/arm/sys	Docs/researches/sources/os/bsd/netbsd-src/lib/libc/arch/arm/sys/current_folder_research.md	14	14	0	ok
sources/os/bsd/netbsd-src/lib/libc/arch/hppa/gdtoa	Docs/researches/sources/os/bsd/netbsd-src/lib/libc/arch/hppa/gdtoa/current_folder_research.md	3	3	0	ok
sources/os/bsd/netbsd-src/lib/libc/arch/hppa/net	Docs/researches/sources/os/bsd/netbsd-src/lib/libc/arch/hppa/net/current_folder_research.md	1	1	0	ok
sources/os/bsd/netbsd-src/lib/libc/arch/hppa/stdlib	Docs/researches/sources/os/bsd/netbsd-src/lib/libc/arch/hppa/stdlib/current_folder_research.md	1	1	0	ok
sources/os/bsd/netbsd-src/lib/libc/arch/hppa/string	Docs/researches/sources/os/bsd/netbsd-src/lib/libc/arch/hppa/string/current_folder_research.md	5	5	0	ok
sources/os/bsd/netbsd-src/lib/libc/arch/hppa/sys	Docs/researches/sources/os/bsd/netbsd-src/lib/libc/arch/hppa/sys/current_folder_research.md	13	13	0	ok
sources/os/bsd/netbsd-src/lib/libc/arch/i386/gdtoa	Docs/researches/sources/os/bsd/netbsd-src/lib/libc/arch/i386/gdtoa/current_folder_research.md	3	3	0	ok
sources/os/bsd/netbsd-src/lib/libc/arch/i386/net	Docs/researches/sources/os/bsd/netbsd-src/lib/libc/arch/i386/net/current_folder_research.md	1	1	0	ok
sources/os/bsd/netbsd-src/lib/libc/arch/i386/stdlib	Docs/researches/sources/os/bsd/netbsd-src/lib/libc/arch/i386/stdlib/current_folder_research.md	6	6	0	ok
sources/os/bsd/netbsd-src/lib/libc/arch/i386/string	Docs/researches/sources/os/bsd/netbsd-src/lib/libc/arch/i386/string/current_folder_research.md	8	8	0	ok
sources/os/bsd/netbsd-src/lib/libc/arch/i386/sys	Docs/researches/sources/os/bsd/netbsd-src/lib/libc/arch/i386/sys/current_folder_research.md	13	13	0	ok
sources/os/bsd/netbsd-src/lib/libc/arch/ia64/gdtoa	Docs/researches/sources/os/bsd/netbsd-src/lib/libc/arch/ia64/gdtoa/current_folder_research.md	3	3	0	ok
sources/os/bsd/netbsd-src/lib/libc/arch/ia64/net	Docs/researches/sources/os/bsd/netbsd-src/lib/libc/arch/ia64/net/current_folder_research.md	1	1	0	ok
sources/os/bsd/netbsd-src/lib/libc/arch/ia64/stdlib	Docs/researches/sources/os/bsd/netbsd-src/lib/libc/arch/ia64/stdlib/current_folder_research.md	1	1	0	ok
sources/os/bsd/netbsd-src/lib/libc/arch/ia64/string	Docs/researches/sources/os/bsd/netbsd-src/lib/libc/arch/ia64/string/current_folder_research.md	1	1	0	ok
sources/os/bsd/netbsd-src/lib/libc/arch/ia64/sys	Docs/researches/sources/os/bsd/netbsd-src/lib/libc/arch/ia64/sys/current_folder_research.md	13	13	0	ok
sources/os/bsd/netbsd-src/lib/libc/arch/m68k/gdtoa	Docs/researches/sources/os/bsd/netbsd-src/lib/libc/arch/m68k/gdtoa/current_folder_research.md	3	3	0	ok
sources/os/bsd/netbsd-src/lib/libc/arch/m68k/hardfloat	Docs/researches/sources/os/bsd/netbsd-src/lib/libc/arch/m68k/hardfloat/current_folder_research.md	36	36	0	ok
sources/os/bsd/netbsd-src/lib/libc/arch/m68k/net	Docs/researches/sources/os/bsd/netbsd-src/lib/libc/arch/m68k/net/current_folder_research.md	1	1	0	ok
sources/os/bsd/netbsd-src/lib/libc/arch/m68k/quad	Docs/researches/sources/os/bsd/netbsd-src/lib/libc/arch/m68k/quad/current_folder_research.md	3	3	0	ok
sources/os/bsd/netbsd-src/lib/libc/arch/m68k/softfloat	Docs/researches/sources/os/bsd/netbsd-src/lib/libc/arch/m68k/softfloat/current_folder_research.md	3	3	0	ok
sources/os/bsd/netbsd-src/lib/libc/arch/m68k/stdlib	Docs/researches/sources/os/bsd/netbsd-src/lib/libc/arch/m68k/stdlib/current_folder_research.md	3	3	0	ok
sources/os/bsd/netbsd-src/lib/libc/arch/m68k/string	Docs/researches/sources/os/bsd/netbsd-src/lib/libc/arch/m68k/string/current_folder_research.md	3	3	0	ok
sources/os/bsd/netbsd-src/lib/libc/arch/m68k/sys	Docs/researches/sources/os/bsd/netbsd-src/lib/libc/arch/m68k/sys/current_folder_research.md	17	17	0	ok
sources/os/bsd/netbsd-src/lib/libc/arch/mips/gdtoa	Docs/researches/sources/os/bsd/netbsd-src/lib/libc/arch/mips/gdtoa/current_folder_research.md	3	3	0	ok
sources/os/bsd/netbsd-src/lib/libc/arch/mips/net	Docs/researches/sources/os/bsd/netbsd-src/lib/libc/arch/mips/net/current_folder_research.md	1	1	0	ok
sources/os/bsd/netbsd-src/lib/libc/arch/mips/softfloat	Docs/researches/sources/os/bsd/netbsd-src/lib/libc/arch/mips/softfloat/current_folder_research.md	3	3	0	ok
sources/os/bsd/netbsd-src/lib/libc/arch/mips/stdlib	Docs/researches/sources/os/bsd/netbsd-src/lib/libc/arch/mips/stdlib/current_folder_research.md	1	1	0	ok
sources/os/bsd/netbsd-src/lib/libc/arch/mips/string	Docs/researches/sources/os/bsd/netbsd-src/lib/libc/arch/mips/string/current_folder_research.md	3	3	0	ok
sources/os/bsd/netbsd-src/lib/libc/arch/mips/sys	Docs/researches/sources/os/bsd/netbsd-src/lib/libc/arch/mips/sys/current_folder_research.md	13	13	0	ok
sources/os/bsd/netbsd-src/lib/libc/arch/or1k/gdtoa	Docs/researches/sources/os/bsd/netbsd-src/lib/libc/arch/or1k/gdtoa/current_folder_research.md	3	3	0	ok
sources/os/bsd/netbsd-src/lib/libc/arch/or1k/net	Docs/researches/sources/os/bsd/netbsd-src/lib/libc/arch/or1k/net/current_folder_research.md	1	1	0	ok
sources/os/bsd/netbsd-src/lib/libc/arch/or1k/softfloat	Docs/researches/sources/os/bsd/netbsd-src/lib/libc/arch/or1k/softfloat/current_folder_research.md	3	3	0	ok
sources/os/bsd/netbsd-src/lib/libc/arch/or1k/stdlib	Docs/researches/sources/os/bsd/netbsd-src/lib/libc/arch/or1k/stdlib/current_folder_research.md	1	1	0	ok
sources/os/bsd/netbsd-src/lib/libc/arch/or1k/string	Docs/researches/sources/os/bsd/netbsd-src/lib/libc/arch/or1k/string/current_folder_research.md	1	1	0	ok
sources/os/bsd/netbsd-src/lib/libc/arch/or1k/sys	Docs/researches/sources/os/bsd/netbsd-src/lib/libc/arch/or1k/sys/current_folder_research.md	13	13	0	ok
sources/os/bsd/netbsd-src/lib/libc/arch/powerpc/gdtoa	Docs/researches/sources/os/bsd/netbsd-src/lib/libc/arch/powerpc/gdtoa/current_folder_research.md	3	3	0	ok
sources/os/bsd/netbsd-src/lib/libc/arch/powerpc/misc	Docs/researches/sources/os/bsd/netbsd-src/lib/libc/arch/powerpc/misc/current_folder_research.md	1	1	0	ok
sources/os/bsd/netbsd-src/lib/libc/arch/powerpc/net	Docs/researches/sources/os/bsd/netbsd-src/lib/libc/arch/powerpc/net/current_folder_research.md	1	1	0	ok
sources/os/bsd/netbsd-src/lib/libc/arch/powerpc/softfloat	Docs/researches/sources/os/bsd/netbsd-src/lib/libc/arch/powerpc/softfloat/current_folder_research.md	3	3	0	ok
sources/os/bsd/netbsd-src/lib/libc/arch/powerpc/stdlib	Docs/researches/sources/os/bsd/netbsd-src/lib/libc/arch/powerpc/stdlib/current_folder_research.md	1	1	0	ok
sources/os/bsd/netbsd-src/lib/libc/arch/powerpc/string	Docs/researches/sources/os/bsd/netbsd-src/lib/libc/arch/powerpc/string/current_folder_research.md	2	2	0	ok
sources/os/bsd/netbsd-src/lib/libc/arch/powerpc/sys	Docs/researches/sources/os/bsd/netbsd-src/lib/libc/arch/powerpc/sys/current_folder_research.md	13	13	0	ok
sources/os/bsd/netbsd-src/lib/libc/arch/powerpc64/gdtoa	Docs/researches/sources/os/bsd/netbsd-src/lib/libc/arch/powerpc64/gdtoa/current_folder_research.md	3	3	0	ok
sources/os/bsd/netbsd-src/lib/libc/arch/powerpc64/net	Docs/researches/sources/os/bsd/netbsd-src/lib/libc/arch/powerpc64/net/current_folder_research.md	1	1	0	ok
sources/os/bsd/netbsd-src/lib/libc/arch/powerpc64/stdlib	Docs/researches/sources/os/bsd/netbsd-src/lib/libc/arch/powerpc64/stdlib/current_folder_research.md	1	1	0	ok
sources/os/bsd/netbsd-src/lib/libc/arch/powerpc64/string	Docs/researches/sources/os/bsd/netbsd-src/lib/libc/arch/powerpc64/string/current_folder_research.md	2	2	0	ok
sources/os/bsd/netbsd-src/lib/libc/arch/powerpc64/sys	Docs/researches/sources/os/bsd/netbsd-src/lib/libc/arch/powerpc64/sys/current_folder_research.md	14	14	0	ok
sources/os/bsd/netbsd-src/lib/libc/arch/riscv/gdtoa	Docs/researches/sources/os/bsd/netbsd-src/lib/libc/arch/riscv/gdtoa/current_folder_research.md	3	3	0	ok
sources/os/bsd/netbsd-src/lib/libc/arch/riscv/net	Docs/researches/sources/os/bsd/netbsd-src/lib/libc/arch/riscv/net/current_folder_research.md	1	1	0	ok
sources/os/bsd/netbsd-src/lib/libc/arch/riscv/stdlib	Docs/researches/sources/os/bsd/netbsd-src/lib/libc/arch/riscv/stdlib/current_folder_research.md	1	1	0	ok
sources/os/bsd/netbsd-src/lib/libc/arch/riscv/string	Docs/researches/sources/os/bsd/netbsd-src/lib/libc/arch/riscv/string/current_folder_research.md	1	1	0	ok
sources/os/bsd/netbsd-src/lib/libc/arch/riscv/sys	Docs/researches/sources/os/bsd/netbsd-src/lib/libc/arch/riscv/sys/current_folder_research.md	13	13	0	ok
sources/os/bsd/netbsd-src/lib/libc/arch/sh3/gdtoa	Docs/researches/sources/os/bsd/netbsd-src/lib/libc/arch/sh3/gdtoa/current_folder_research.md	3	3	0	ok
sources/os/bsd/netbsd-src/lib/libc/arch/sh3/net	Docs/researches/sources/os/bsd/netbsd-src/lib/libc/arch/sh3/net/current_folder_research.md	5	5	0	ok
sources/os/bsd/netbsd-src/lib/libc/arch/sh3/softfloat	Docs/researches/sources/os/bsd/netbsd-src/lib/libc/arch/sh3/softfloat/current_folder_research.md	3	3	0	ok
sources/os/bsd/netbsd-src/lib/libc/arch/sh3/stdlib	Docs/researches/sources/os/bsd/netbsd-src/lib/libc/arch/sh3/stdlib/current_folder_research.md	1	1	0	ok
sources/os/bsd/netbsd-src/lib/libc/arch/sh3/string	Docs/researches/sources/os/bsd/netbsd-src/lib/libc/arch/sh3/string/current_folder_research.md	3	3	0	ok
sources/os/bsd/netbsd-src/lib/libc/arch/sh3/sys	Docs/researches/sources/os/bsd/netbsd-src/lib/libc/arch/sh3/sys/current_folder_research.md	13	13	0	ok
sources/os/bsd/netbsd-src/lib/libc/arch/sparc/gdtoa	Docs/researches/sources/os/bsd/netbsd-src/lib/libc/arch/sparc/gdtoa/current_folder_research.md	3	3	0	ok
sources/os/bsd/netbsd-src/lib/libc/arch/sparc/net	Docs/researches/sources/os/bsd/netbsd-src/lib/libc/arch/sparc/net/current_folder_research.md	1	1	0	ok
sources/os/bsd/netbsd-src/lib/libc/arch/sparc/stdlib	Docs/researches/sources/os/bsd/netbsd-src/lib/libc/arch/sparc/stdlib/current_folder_research.md	2	2	0	ok
sources/os/bsd/netbsd-src/lib/libc/arch/sparc/string	Docs/researches/sources/os/bsd/netbsd-src/lib/libc/arch/sparc/string/current_folder_research.md	1	1	0	ok
sources/os/bsd/netbsd-src/lib/libc/arch/sparc/sys	Docs/researches/sources/os/bsd/netbsd-src/lib/libc/arch/sparc/sys/current_folder_research.md	13	13	0	ok
sources/os/bsd/netbsd-src/lib/libc/arch/sparc64/gdtoa	Docs/researches/sources/os/bsd/netbsd-src/lib/libc/arch/sparc64/gdtoa/current_folder_research.md	3	3	0	ok
sources/os/bsd/netbsd-src/lib/libc/arch/sparc64/net	Docs/researches/sources/os/bsd/netbsd-src/lib/libc/arch/sparc64/net/current_folder_research.md	1	1	0	ok
sources/os/bsd/netbsd-src/lib/libc/arch/sparc64/softfloat	Docs/researches/sources/os/bsd/netbsd-src/lib/libc/arch/sparc64/softfloat/current_folder_research.md	6	6	0	ok
sources/os/bsd/netbsd-src/lib/libc/arch/sparc64/stdlib	Docs/researches/sources/os/bsd/netbsd-src/lib/libc/arch/sparc64/stdlib/current_folder_research.md	2	2	0	ok
sources/os/bsd/netbsd-src/lib/libc/arch/sparc64/string	Docs/researches/sources/os/bsd/netbsd-src/lib/libc/arch/sparc64/string/current_folder_research.md	1	1	0	ok
sources/os/bsd/netbsd-src/lib/libc/arch/sparc64/sys	Docs/researches/sources/os/bsd/netbsd-src/lib/libc/arch/sparc64/sys/current_folder_research.md	13	13	0	ok
sources/os/bsd/netbsd-src/lib/libc/arch/vax/gdtoa	Docs/researches/sources/os/bsd/netbsd-src/lib/libc/arch/vax/gdtoa/current_folder_research.md	3	3	0	ok
sources/os/bsd/netbsd-src/lib/libc/arch/vax/net	Docs/researches/sources/os/bsd/netbsd-src/lib/libc/arch/vax/net/current_folder_research.md	1	1	0	ok
sources/os/bsd/netbsd-src/lib/libc/arch/vax/stdlib	Docs/researches/sources/os/bsd/netbsd-src/lib/libc/arch/vax/stdlib/current_folder_research.md	1	1	0	ok
sources/os/bsd/netbsd-src/lib/libc/arch/vax/string	Docs/researches/sources/os/bsd/netbsd-src/lib/libc/arch/vax/string/current_folder_research.md	7	7	0	ok
sources/os/bsd/netbsd-src/lib/libc/arch/vax/sys	Docs/researches/sources/os/bsd/netbsd-src/lib/libc/arch/vax/sys/current_folder_research.md	16	16	0	ok
sources/os/bsd/netbsd-src/lib/libc/arch/x86_64/gdtoa	Docs/researches/sources/os/bsd/netbsd-src/lib/libc/arch/x86_64/gdtoa/current_folder_research.md	3	3	0	ok
sources/os/bsd/netbsd-src/lib/libc/arch/x86_64/net	Docs/researches/sources/os/bsd/netbsd-src/lib/libc/arch/x86_64/net/current_folder_research.md	1	1	0	ok
sources/os/bsd/netbsd-src/lib/libc/arch/x86_64/stdlib	Docs/researches/sources/os/bsd/netbsd-src/lib/libc/arch/x86_64/stdlib/current_folder_research.md	5	5	0	ok
sources/os/bsd/netbsd-src/lib/libc/arch/x86_64/string	Docs/researches/sources/os/bsd/netbsd-src/lib/libc/arch/x86_64/string/current_folder_research.md	3	3	0	ok
sources/os/bsd/netbsd-src/lib/libc/arch/x86_64/sys	Docs/researches/sources/os/bsd/netbsd-src/lib/libc/arch/x86_64/sys/current_folder_research.md	13	13	0	ok
sources/os/bsd/netbsd-src/lib/libc/compat/arch/aarch64	Docs/researches/sources/os/bsd/netbsd-src/lib/libc/compat/arch/aarch64/current_folder_research.md	1	13	1	ok
sources/os/bsd/netbsd-src/lib/libc/compat/arch/alpha	Docs/researches/sources/os/bsd/netbsd-src/lib/libc/compat/arch/alpha/current_folder_research.md	1	14	1	ok
sources/os/bsd/netbsd-src/lib/libc/compat/arch/arm	Docs/researches/sources/os/bsd/netbsd-src/lib/libc/compat/arch/arm/current_folder_research.md	1	14	1	ok
sources/os/bsd/netbsd-src/lib/libc/compat/arch/hppa	Docs/researches/sources/os/bsd/netbsd-src/lib/libc/compat/arch/hppa/current_folder_research.md	1	15	2	ok
sources/os/bsd/netbsd-src/lib/libc/compat/arch/i386	Docs/researches/sources/os/bsd/netbsd-src/lib/libc/compat/arch/i386/current_folder_research.md	1	14	1	ok
sources/os/bsd/netbsd-src/lib/libc/compat/arch/ia64	Docs/researches/sources/os/bsd/netbsd-src/lib/libc/compat/arch/ia64/current_folder_research.md	1	7	1	ok
sources/os/bsd/netbsd-src/lib/libc/compat/arch/m68k	Docs/researches/sources/os/bsd/netbsd-src/lib/libc/compat/arch/m68k/current_folder_research.md	1	14	1	ok
sources/os/bsd/netbsd-src/lib/libc/compat/arch/mips	Docs/researches/sources/os/bsd/netbsd-src/lib/libc/compat/arch/mips/current_folder_research.md	1	14	1	ok
sources/os/bsd/netbsd-src/lib/libc/compat/arch/or1k	Docs/researches/sources/os/bsd/netbsd-src/lib/libc/compat/arch/or1k/current_folder_research.md	1	1	0	ok
sources/os/bsd/netbsd-src/lib/libc/compat/arch/powerpc	Docs/researches/sources/os/bsd/netbsd-src/lib/libc/compat/arch/powerpc/current_folder_research.md	1	14	1	ok
sources/os/bsd/netbsd-src/lib/libc/compat/arch/powerpc64	Docs/researches/sources/os/bsd/netbsd-src/lib/libc/compat/arch/powerpc64/current_folder_research.md	1	7	1	ok
sources/os/bsd/netbsd-src/lib/libc/compat/arch/riscv	Docs/researches/sources/os/bsd/netbsd-src/lib/libc/compat/arch/riscv/current_folder_research.md	1	11	1	ok
sources/os/bsd/netbsd-src/lib/libc/compat/arch/sh3	Docs/researches/sources/os/bsd/netbsd-src/lib/libc/compat/arch/sh3/current_folder_research.md	1	14	1	ok
sources/os/bsd/netbsd-src/lib/libc/compat/arch/sparc	Docs/researches/sources/os/bsd/netbsd-src/lib/libc/compat/arch/sparc/current_folder_research.md	1	14	1	ok
sources/os/bsd/netbsd-src/lib/libc/compat/arch/sparc64	Docs/researches/sources/os/bsd/netbsd-src/lib/libc/compat/arch/sparc64/current_folder_research.md	1	14	1	ok
sources/os/bsd/netbsd-src/lib/libc/compat/arch/vax	Docs/researches/sources/os/bsd/netbsd-src/lib/libc/compat/arch/vax/current_folder_research.md	1	14	1	ok
sources/os/bsd/netbsd-src/lib/libc/compat/arch/x86_64	Docs/researches/sources/os/bsd/netbsd-src/lib/libc/compat/arch/x86_64/current_folder_research.md	1	13	1	ok
sources/os/bsd/netbsd-src/lib/libc/compat/db/hash	Docs/researches/sources/os/bsd/netbsd-src/lib/libc/compat/db/hash/current_folder_research.md	2	2	0	ok
sources/os/bsd/netbsd-src/lib/libc/compat/include/rpc	Docs/researches/sources/os/bsd/netbsd-src/lib/libc/compat/include/rpc/current_folder_research.md	2	2	0	ok
sources/os/bsd/openbsd-src/sbin/unwind/libunbound/services/cache	Docs/researches/sources/os/bsd/openbsd-src/sbin/unwind/libunbound/services/cache/current_folder_research.md	7	7	0	ok
sources/os/bsd/openbsd-src/sbin/unwind/libunbound/util/data	Docs/researches/sources/os/bsd/openbsd-src/sbin/unwind/libunbound/util/data/current_folder_research.md	11	11	0	ok
sources/os/bsd/openbsd-src/sbin/unwind/libunbound/util/storage	Docs/researches/sources/os/bsd/openbsd-src/sbin/unwind/libunbound/util/storage/current_folder_research.md	9	9	0	ok
sources/os/illumos/illumos-gate/usr/src/uts/common/fs	Docs/researches/sources/os/illumos/illumos-gate/usr/src/uts/common/fs/current_folder_research.md	16	662	29	ok
sources/os/illumos/illumos-gate/usr/src/uts/common/os	Docs/researches/sources/os/illumos/illumos-gate/usr/src/uts/common/os/current_folder_research.md	178	178	0	ok
sources/os/illumos/illumos-gate/usr/src/uts/common/sys	Docs/researches/sources/os/illumos/illumos-gate/usr/src/uts/common/sys/current_folder_research.md	696	1353	31	ok
sources/os/plan9/9front/sys/src/9/xen/xen-public	Docs/researches/sources/os/plan9/9front/sys/src/9/xen/xen-public/current_folder_research.md	27	58	5	ok
sources/os/plan9/9front/sys/src/cmd/audio/flacdec	Docs/researches/sources/os/plan9/9front/sys/src/cmd/audio/flacdec/current_folder_research.md	1	1	0	ok
sources/os/plan9/9front/sys/src/cmd/audio/flacenc	Docs/researches/sources/os/plan9/9front/sys/src/cmd/audio/flacenc/current_folder_research.md	1	1	0	ok
sources/os/plan9/9front/sys/src/cmd/audio/libFLAC	Docs/researches/sources/os/plan9/9front/sys/src/cmd/audio/libFLAC/current_folder_research.md	21	60	4	ok
sources/os/plan9/9front/sys/src/cmd/audio/libogg	Docs/researches/sources/os/plan9/9front/sys/src/cmd/audio/libogg/current_folder_research.md	2	4	1	ok
sources/os/plan9/9front/sys/src/cmd/audio/libtags	Docs/researches/sources/os/plan9/9front/sys/src/cmd/audio/libtags/current_folder_research.md	18	18	0	ok
sources/os/plan9/9front/sys/src/cmd/audio/libvorbis	Docs/researches/sources/os/plan9/9front/sys/src/cmd/audio/libvorbis/current_folder_research.md	45	71	3	ok
sources/os/plan9/9front/sys/src/cmd/audio/mixfs	Docs/researches/sources/os/plan9/9front/sys/src/cmd/audio/mixfs/current_folder_research.md	1	1	0	ok
sources/os/plan9/9front/sys/src/cmd/audio/mp3dec	Docs/researches/sources/os/plan9/9front/sys/src/cmd/audio/mp3dec/current_folder_research.md	24	24	0	ok
sources/os/plan9/9front/sys/src/cmd/audio/mp3enc	Docs/researches/sources/os/plan9/9front/sys/src/cmd/audio/mp3enc/current_folder_research.md	55	55	0	ok
sources/os/plan9/9front/sys/src/cmd/audio/oggdec	Docs/researches/sources/os/plan9/9front/sys/src/cmd/audio/oggdec/current_folder_research.md	1	1	0	ok
sources/os/plan9/9front/sys/src/cmd/audio/oggenc	Docs/researches/sources/os/plan9/9front/sys/src/cmd/audio/oggenc/current_folder_research.md	1	1	0	ok
sources/os/plan9/9front/sys/src/cmd/audio/pcmconv	Docs/researches/sources/os/plan9/9front/sys/src/cmd/audio/pcmconv/current_folder_research.md	1	1	0	ok
sources/os/plan9/9front/sys/src/cmd/audio/readtags	Docs/researches/sources/os/plan9/9front/sys/src/cmd/audio/readtags/current_folder_research.md	1	1	0	ok
sources/os/plan9/9front/sys/src/cmd/audio/scream	Docs/researches/sources/os/plan9/9front/sys/src/cmd/audio/scream/current_folder_research.md	4	4	0	ok
sources/os/plan9/9front/sys/src/cmd/audio/sundec	Docs/researches/sources/os/plan9/9front/sys/src/cmd/audio/sundec/current_folder_research.md	1	1	0	ok
sources/os/plan9/9front/sys/src/cmd/audio/wavdec	Docs/researches/sources/os/plan9/9front/sys/src/cmd/audio/wavdec/current_folder_research.md	1	1	0	ok
sources/os/plan9/9front/sys/src/cmd/audio/zuke	Docs/researches/sources/os/plan9/9front/sys/src/cmd/audio/zuke/current_folder_research.md	6	6	0	ok
sources/os/plan9/9front/sys/src/cmd/auth/factotum	Docs/researches/sources/os/plan9/9front/sys/src/cmd/auth/factotum/current_folder_research.md	18	18	0	ok
sources/os/plan9/9front/sys/src/cmd/auth/lib	Docs/researches/sources/os/plan9/9front/sys/src/cmd/auth/lib/current_folder_research.md	16	16	0	ok
sources/os/plan9/9front/sys/src/cmd/auth/secstore	Docs/researches/sources/os/plan9/9front/sys/src/cmd/auth/secstore/current_folder_research.md	12	12	0	ok
sources/os/plan9/9front/sys/src/cmd/aux/antiword	Docs/researches/sources/os/plan9/9front/sys/src/cmd/aux/antiword/current_folder_research.md	72	72	0	ok
sources/os/plan9/9front/sys/src/cmd/aux/flashfs	Docs/researches/sources/os/plan9/9front/sys/src/cmd/aux/flashfs/current_folder_research.md	15	15	0	ok
sources/os/plan9/9front/sys/src/cmd/aux/gps	Docs/researches/sources/os/plan9/9front/sys/src/cmd/aux/gps/current_folder_research.md	4	4	0	ok
sources/os/plan9/9front/sys/src/cmd/aux/kbdfs	Docs/researches/sources/os/plan9/9front/sys/src/cmd/aux/kbdfs/current_folder_research.md	2	2	0	ok
sources/os/plan9/9front/sys/src/cmd/aux/mnihongo	Docs/researches/sources/os/plan9/9front/sys/src/cmd/aux/mnihongo/current_folder_research.md	1	1	0	ok
sources/os/plan9/9front/sys/src/cmd/aux/multi	Docs/researches/sources/os/plan9/9front/sys/src/cmd/aux/multi/current_folder_research.md	2	2	0	ok
sources/os/plan9/9front/sys/src/cmd/aux/na	Docs/researches/sources/os/plan9/9front/sys/src/cmd/aux/na/current_folder_research.md	2	2	0	ok
sources/os/plan9/9front/sys/src/cmd/aux/realemu	Docs/researches/sources/os/plan9/9front/sys/src/cmd/aux/realemu/current_folder_research.md	10	10	0	ok
sources/os/plan9/9front/sys/src/cmd/aux/vga	Docs/researches/sources/os/plan9/9front/sys/src/cmd/aux/vga/current_folder_research.md	67	67	0	ok
sources/os/plan9/9front/sys/src/cmd/bzip2/lib	Docs/researches/sources/os/plan9/9front/sys/src/cmd/bzip2/lib/current_folder_research.md	26	26	0	ok
sources/os/plan9/9front/sys/src/cmd/cpp/test	Docs/researches/sources/os/plan9/9front/sys/src/cmd/cpp/test/current_folder_research.md	1	1	0	ok
sources/os/plan9/9front/sys/src/cmd/cwfs/9netics32.16k	Docs/researches/sources/os/plan9/9front/sys/src/cmd/cwfs/9netics32.16k/current_folder_research.md	2	2	0	ok
sources/os/plan9/9front/sys/src/cmd/cwfs/9netics64.8k	Docs/researches/sources/os/plan9/9front/sys/src/cmd/cwfs/9netics64.8k/current_folder_research.md	2	2	0	ok
sources/os/plan9/9front/sys/src/cmd/cwfs/choline	Docs/researches/sources/os/plan9/9front/sys/src/cmd/cwfs/choline/current_folder_research.md	2	2	0	ok
sources/os/plan9/9front/sys/src/cmd/cwfs/cwfs	Docs/researches/sources/os/plan9/9front/sys/src/cmd/cwfs/cwfs/current_folder_research.md	2	2	0	ok
sources/os/plan9/9front/sys/src/cmd/cwfs/cwfs64	Docs/researches/sources/os/plan9/9front/sys/src/cmd/cwfs/cwfs64/current_folder_research.md	2	2	0	ok
sources/os/plan9/9front/sys/src/cmd/cwfs/cwfs64x	Docs/researches/sources/os/plan9/9front/sys/src/cmd/cwfs/cwfs64x/current_folder_research.md	2	2	0	ok
sources/os/plan9/9front/sys/src/cmd/cwfs/emelie	Docs/researches/sources/os/plan9/9front/sys/src/cmd/cwfs/emelie/current_folder_research.md	2	2	0	ok
sources/os/plan9/9front/sys/src/cmd/cwfs/fs	Docs/researches/sources/os/plan9/9front/sys/src/cmd/cwfs/fs/current_folder_research.md	2	2	0	ok
sources/os/plan9/9front/sys/src/cmd/cwfs/fs64	Docs/researches/sources/os/plan9/9front/sys/src/cmd/cwfs/fs64/current_folder_research.md	2	2	0	ok
sources/os/plan9/9front/sys/src/cmd/diff/test	Docs/researches/sources/os/plan9/9front/sys/src/cmd/diff/test/current_folder_research.md	41	41	0	ok
sources/os/plan9/9front/sys/src/cmd/disk/9660	Docs/researches/sources/os/plan9/9front/sys/src/cmd/disk/9660/current_folder_research.md	17	17	0	ok
sources/os/plan9/9front/sys/src/cmd/disk/prep	Docs/researches/sources/os/plan9/9front/sys/src/cmd/disk/prep/current_folder_research.md	6	6	0	ok
sources/os/plan9/9front/sys/src/cmd/disk/sacfs	Docs/researches/sources/os/plan9/9front/sys/src/cmd/disk/sacfs/current_folder_research.md	8	8	0	ok
sources/os/plan9/9front/sys/src/cmd/disk/smart	Docs/researches/sources/os/plan9/9front/sys/src/cmd/disk/smart/current_folder_research.md	4	4	0	ok
sources/os/plan9/9front/sys/src/cmd/disk/vblade	Docs/researches/sources/os/plan9/9front/sys/src/cmd/disk/vblade/current_folder_research.md	2	2	0	ok
sources/os/plan9/9front/sys/src/cmd/ext4srv/include	Docs/researches/sources/os/plan9/9front/sys/src/cmd/ext4srv/include/current_folder_research.md	24	24	0	ok
sources/os/plan9/9front/sys/src/cmd/gs/icclib	Docs/researches/sources/os/plan9/9front/sys/src/cmd/gs/icclib/current_folder_research.md	3	3	0	ok
sources/os/plan9/9front/sys/src/cmd/gs/jpeg	Docs/researches/sources/os/plan9/9front/sys/src/cmd/gs/jpeg/current_folder_research.md	91	91	0	ok
sources/os/plan9/9front/sys/src/cmd/gs/lib	Docs/researches/sources/os/plan9/9front/sys/src/cmd/gs/lib/current_folder_research.md	33	33	0	ok
sources/os/plan9/9front/sys/src/cmd/gs/libpng	Docs/researches/sources/os/plan9/9front/sys/src/cmd/gs/libpng/current_folder_research.md	22	22	0	ok
sources/os/plan9/9front/sys/src/cmd/gs/src	Docs/researches/sources/os/plan9/9front/sys/src/cmd/gs/src/current_folder_research.md	1225	1225	0	ok
sources/os/plan9/9front/sys/src/cmd/gs/zlib	Docs/researches/sources/os/plan9/9front/sys/src/cmd/gs/zlib/current_folder_research.md	28	28	0	ok
sources/os/plan9/9front/sys/src/cmd/ip/cifsd	Docs/researches/sources/os/plan9/9front/sys/src/cmd/ip/cifsd/current_folder_research.md	14	14	0	ok
sources/os/plan9/9front/sys/src/cmd/ip/dhcpd	Docs/researches/sources/os/plan9/9front/sys/src/cmd/ip/dhcpd/current_folder_research.md	7	7	0	ok
sources/os/plan9/9front/sys/src/cmd/ip/ftpfs	Docs/researches/sources/os/plan9/9front/sys/src/cmd/ip/ftpfs/current_folder_research.md	4	4	0	ok
sources/os/plan9/9front/sys/src/cmd/ip/httpd	Docs/researches/sources/os/plan9/9front/sys/src/cmd/ip/httpd/current_folder_research.md	19	19	0	ok
sources/os/plan9/9front/sys/src/cmd/ip/ipconfig	Docs/researches/sources/os/plan9/9front/sys/src/cmd/ip/ipconfig/current_folder_research.md	6	6	0	ok
sources/os/plan9/9front/sys/src/cmd/ip/ppp	Docs/researches/sources/os/plan9/9front/sys/src/cmd/ip/ppp/current_folder_research.md	14	14	0	ok
sources/os/plan9/9front/sys/src/cmd/ip/snoopy	Docs/researches/sources/os/plan9/9front/sys/src/cmd/ip/snoopy/current_folder_research.md	48	48	0	ok
sources/os/plan9/9front/sys/src/cmd/map/libmap	Docs/researches/sources/os/plan9/9front/sys/src/cmd/map/libmap/current_folder_research.md	39	39	0	ok
sources/os/plan9/9front/sys/src/cmd/mothra/libpanel	Docs/researches/sources/os/plan9/9front/sys/src/cmd/mothra/libpanel/current_folder_research.md	29	29	0	ok
sources/os/plan9/9front/sys/src/cmd/nusb/audio	Docs/researches/sources/os/plan9/9front/sys/src/cmd/nusb/audio/current_folder_research.md	1	1	0	ok
sources/os/plan9/9front/sys/src/cmd/nusb/battery	Docs/researches/sources/os/plan9/9front/sys/src/cmd/nusb/battery/current_folder_research.md	2	2	0	ok
sources/os/plan9/9front/sys/src/cmd/nusb/cam	Docs/researches/sources/os/plan9/9front/sys/src/cmd/nusb/cam/current_folder_research.md	7	7	0	ok
sources/os/plan9/9front/sys/src/cmd/nusb/disk	Docs/researches/sources/os/plan9/9front/sys/src/cmd/nusb/disk/current_folder_research.md	5	5	0	ok
sources/os/plan9/9front/sys/src/cmd/nusb/ether	Docs/researches/sources/os/plan9/9front/sys/src/cmd/nusb/ether/current_folder_research.md	9	9	0	ok
sources/os/plan9/9front/sys/src/cmd/nusb/joy	Docs/researches/sources/os/plan9/9front/sys/src/cmd/nusb/joy/current_folder_research.md	2	2	0	ok
sources/os/plan9/9front/sys/src/cmd/nusb/kb	Docs/researches/sources/os/plan9/9front/sys/src/cmd/nusb/kb/current_folder_research.md	2	2	0	ok
sources/os/plan9/9front/sys/src/cmd/nusb/lib	Docs/researches/sources/os/plan9/9front/sys/src/cmd/nusb/lib/current_folder_research.md	4	4	0	ok
sources/os/plan9/9front/sys/src/cmd/nusb/ptp	Docs/researches/sources/os/plan9/9front/sys/src/cmd/nusb/ptp/current_folder_research.md	1	1	0	ok
sources/os/plan9/9front/sys/src/cmd/nusb/serial	Docs/researches/sources/os/plan9/9front/sys/src/cmd/nusb/serial/current_folder_research.md	8	8	0	ok
sources/os/plan9/9front/sys/src/cmd/nusb/usbd	Docs/researches/sources/os/plan9/9front/sys/src/cmd/nusb/usbd/current_folder_research.md	5	5	0	ok
sources/os/plan9/9front/sys/src/cmd/plot/libplot	Docs/researches/sources/os/plan9/9front/sys/src/cmd/plot/libplot/current_folder_research.md	34	34	0	ok
sources/os/plan9/9front/sys/src/cmd/postscript/buildtables	Docs/researches/sources/os/plan9/9front/sys/src/cmd/postscript/buildtables/current_folder_research.md	2	2	0	ok
sources/os/plan9/9front/sys/src/cmd/postscript/common	Docs/researches/sources/os/plan9/9front/sys/src/cmd/postscript/common/current_folder_research.md	13	13	0	ok
sources/os/plan9/9front/sys/src/cmd/postscript/devpost.add	Docs/researches/sources/os/plan9/9front/sys/src/cmd/postscript/devpost.add/current_folder_research.md	1	1	0	ok
sources/os/plan9/9front/sys/src/cmd/postscript/download	Docs/researches/sources/os/plan9/9front/sys/src/cmd/postscript/download/current_folder_research.md	2	2	0	ok
sources/os/plan9/9front/sys/src/cmd/postscript/g3p9bit	Docs/researches/sources/os/plan9/9front/sys/src/cmd/postscript/g3p9bit/current_folder_research.md	1	1	0	ok
sources/os/plan9/9front/sys/src/cmd/postscript/mcolor	Docs/researches/sources/os/plan9/9front/sys/src/cmd/postscript/mcolor/current_folder_research.md	1	1	0	ok
sources/os/plan9/9front/sys/src/cmd/postscript/misc	Docs/researches/sources/os/plan9/9front/sys/src/cmd/postscript/misc/current_folder_research.md	4	4	0	ok
sources/os/plan9/9front/sys/src/cmd/postscript/p9bitpost	Docs/researches/sources/os/plan9/9front/sys/src/cmd/postscript/p9bitpost/current_folder_research.md	3	3	0	ok
sources/os/plan9/9front/sys/src/cmd/postscript/picpack	Docs/researches/sources/os/plan9/9front/sys/src/cmd/postscript/picpack/current_folder_research.md	2	2	0	ok
sources/os/plan9/9front/sys/src/cmd/postscript/postbgi	Docs/researches/sources/os/plan9/9front/sys/src/cmd/postscript/postbgi/current_folder_research.md	3	3	0	ok
sources/os/plan9/9front/sys/src/cmd/postscript/postdaisy	Docs/researches/sources/os/plan9/9front/sys/src/cmd/postscript/postdaisy/current_folder_research.md	4	4	0	ok
sources/os/plan9/9front/sys/src/cmd/postscript/postdmd	Docs/researches/sources/os/plan9/9front/sys/src/cmd/postscript/postdmd/current_folder_research.md	2	2	0	ok
sources/os/plan9/9front/sys/src/cmd/postscript/postgif	Docs/researches/sources/os/plan9/9front/sys/src/cmd/postscript/postgif/current_folder_research.md	1	1	0	ok
sources/os/plan9/9front/sys/src/cmd/postscript/postio	Docs/researches/sources/os/plan9/9front/sys/src/cmd/postscript/postio/current_folder_research.md	6	6	0	ok
sources/os/plan9/9front/sys/src/cmd/postscript/postmd	Docs/researches/sources/os/plan9/9front/sys/src/cmd/postscript/postmd/current_folder_research.md	3	3	0	ok
sources/os/plan9/9front/sys/src/cmd/postscript/postprint	Docs/researches/sources/os/plan9/9front/sys/src/cmd/postscript/postprint/current_folder_research.md	2	2	0	ok
sources/os/plan9/9front/sys/src/cmd/postscript/postreverse	Docs/researches/sources/os/plan9/9front/sys/src/cmd/postscript/postreverse/current_folder_research.md	2	2	0	ok
sources/os/plan9/9front/sys/src/cmd/postscript/posttek	Docs/researches/sources/os/plan9/9front/sys/src/cmd/postscript/posttek/current_folder_research.md	2	2	0	ok
sources/os/plan9/9front/sys/src/cmd/postscript/tcpostio	Docs/researches/sources/os/plan9/9front/sys/src/cmd/postscript/tcpostio/current_folder_research.md	2	2	0	ok
sources/os/plan9/9front/sys/src/cmd/postscript/text2post	Docs/researches/sources/os/plan9/9front/sys/src/cmd/postscript/text2post/current_folder_research.md	1	1	0	ok
sources/os/plan9/9front/sys/src/cmd/postscript/tr2post	Docs/researches/sources/os/plan9/9front/sys/src/cmd/postscript/tr2post/current_folder_research.md	12	12	0	ok
sources/os/plan9/9front/sys/src/cmd/postscript/trofftable	Docs/researches/sources/os/plan9/9front/sys/src/cmd/postscript/trofftable/current_folder_research.md	2	2	0	ok
sources/os/plan9/9front/sys/src/cmd/tcs/font	Docs/researches/sources/os/plan9/9front/sys/src/cmd/tcs/font/current_folder_research.md	11	11	0	ok
sources/os/plan9/9front/sys/src/cmd/test/patch	Docs/researches/sources/os/plan9/9front/sys/src/cmd/test/patch/current_folder_research.md	5	5	0	ok
sources/os/plan9/9front/sys/src/cmd/upas/Mail	Docs/researches/sources/os/plan9/9front/sys/src/cmd/upas/Mail/current_folder_research.md	6	6	0	ok
sources/os/plan9/9front/sys/src/cmd/upas/alias	Docs/researches/sources/os/plan9/9front/sys/src/cmd/upas/alias/current_folder_research.md	1	1	0	ok
sources/os/plan9/9front/sys/src/cmd/upas/bayes	Docs/researches/sources/os/plan9/9front/sys/src/cmd/upas/bayes/current_folder_research.md	16	16	0	ok
sources/os/plan9/9front/sys/src/cmd/upas/common	Docs/researches/sources/os/plan9/9front/sys/src/cmd/upas/common/current_folder_research.md	10	10	0	ok
sources/os/plan9/9front/sys/src/cmd/upas/dkim	Docs/researches/sources/os/plan9/9front/sys/src/cmd/upas/dkim/current_folder_research.md	1	1	0	ok
sources/os/plan9/9front/sys/src/cmd/upas/filterkit	Docs/researches/sources/os/plan9/9front/sys/src/cmd/upas/filterkit/current_folder_research.md	8	8	0	ok
sources/os/plan9/9front/sys/src/cmd/upas/fs	Docs/researches/sources/os/plan9/9front/sys/src/cmd/upas/fs/current_folder_research.md	15	22	1	ok
sources/os/plan9/9front/sys/src/cmd/upas/imap4d	Docs/researches/sources/os/plan9/9front/sys/src/cmd/upas/imap4d/current_folder_research.md	24	24	0	ok
sources/os/plan9/9front/sys/src/cmd/upas/marshal	Docs/researches/sources/os/plan9/9front/sys/src/cmd/upas/marshal/current_folder_research.md	1	1	0	ok
sources/os/plan9/9front/sys/src/cmd/upas/ml	Docs/researches/sources/os/plan9/9front/sys/src/cmd/upas/ml/current_folder_research.md	5	5	0	ok
sources/os/plan9/9front/sys/src/cmd/upas/ned	Docs/researches/sources/os/plan9/9front/sys/src/cmd/upas/ned/current_folder_research.md	1	1	0	ok
sources/os/plan9/9front/sys/src/cmd/upas/pop3	Docs/researches/sources/os/plan9/9front/sys/src/cmd/upas/pop3/current_folder_research.md	1	1	0	ok
sources/os/plan9/9front/sys/src/cmd/upas/q	Docs/researches/sources/os/plan9/9front/sys/src/cmd/upas/q/current_folder_research.md	2	2	0	ok
sources/os/plan9/9front/sys/src/cmd/upas/qfrom	Docs/researches/sources/os/plan9/9front/sys/src/cmd/upas/qfrom/current_folder_research.md	1	1	0	ok
sources/os/plan9/9front/sys/src/cmd/upas/scanmail	Docs/researches/sources/os/plan9/9front/sys/src/cmd/upas/scanmail/current_folder_research.md	4	4	0	ok
sources/os/plan9/9front/sys/src/cmd/upas/send	Docs/researches/sources/os/plan9/9front/sys/src/cmd/upas/send/current_folder_research.md	15	15	0	ok
sources/os/plan9/9front/sys/src/cmd/upas/smtp	Docs/researches/sources/os/plan9/9front/sys/src/cmd/upas/smtp/current_folder_research.md	10	10	0	ok
sources/os/plan9/9front/sys/src/cmd/upas/spf	Docs/researches/sources/os/plan9/9front/sys/src/cmd/upas/spf/current_folder_research.md	6	6	0	ok
sources/os/plan9/9front/sys/src/cmd/upas/unesc	Docs/researches/sources/os/plan9/9front/sys/src/cmd/upas/unesc/current_folder_research.md	1	1	0	ok
sources/os/plan9/9front/sys/src/cmd/upas/vf	Docs/researches/sources/os/plan9/9front/sys/src/cmd/upas/vf/current_folder_research.md	1	1	0	ok
sources/os/plan9/9front/sys/src/cmd/venti/srv	Docs/researches/sources/os/plan9/9front/sys/src/cmd/venti/srv/current_folder_research.md	66	69	1	ok
sources/os/plan9/9front/sys/src/cmd/venti/words	Docs/researches/sources/os/plan9/9front/sys/src/cmd/venti/words/current_folder_research.md	3	3	0	ok
sources/os/plan9/plan9/sys/src/cmd/auth/factotum	Docs/researches/sources/os/plan9/plan9/sys/src/cmd/auth/factotum/current_folder_research.md	17	17	0	ok
sources/os/plan9/plan9/sys/src/cmd/auth/lib	Docs/researches/sources/os/plan9/plan9/sys/src/cmd/auth/lib/current_folder_research.md	15	15	0	ok
sources/os/plan9/plan9/sys/src/cmd/auth/secstore	Docs/researches/sources/os/plan9/plan9/sys/src/cmd/auth/secstore/current_folder_research.md	12	12	0	ok
sources/os/plan9/plan9/sys/src/cmd/aux/antiword	Docs/researches/sources/os/plan9/plan9/sys/src/cmd/aux/antiword/current_folder_research.md	72	72	0	ok
sources/os/plan9/plan9/sys/src/cmd/aux/flashfs	Docs/researches/sources/os/plan9/plan9/sys/src/cmd/aux/flashfs/current_folder_research.md	16	16	0	ok
sources/os/plan9/plan9/sys/src/cmd/aux/gps	Docs/researches/sources/os/plan9/plan9/sys/src/cmd/aux/gps/current_folder_research.md	4	4	0	ok
sources/os/plan9/plan9/sys/src/cmd/aux/mnihongo	Docs/researches/sources/os/plan9/plan9/sys/src/cmd/aux/mnihongo/current_folder_research.md	1	1	0	ok
sources/os/plan9/plan9/sys/src/cmd/aux/na	Docs/researches/sources/os/plan9/plan9/sys/src/cmd/aux/na/current_folder_research.md	2	2	0	ok
sources/os/plan9/plan9/sys/src/cmd/aux/vga	Docs/researches/sources/os/plan9/plan9/sys/src/cmd/aux/vga/current_folder_research.md	63	63	0	ok
sources/os/plan9/plan9/sys/src/cmd/bzip2/lib	Docs/researches/sources/os/plan9/plan9/sys/src/cmd/bzip2/lib/current_folder_research.md	26	26	0	ok
sources/os/plan9/plan9/sys/src/cmd/cwfs/9netics32.16k	Docs/researches/sources/os/plan9/plan9/sys/src/cmd/cwfs/9netics32.16k/current_folder_research.md	2	2	0	ok
sources/os/plan9/plan9/sys/src/cmd/cwfs/9netics64.8k	Docs/researches/sources/os/plan9/plan9/sys/src/cmd/cwfs/9netics64.8k/current_folder_research.md	2	2	0	ok
sources/os/plan9/plan9/sys/src/cmd/cwfs/choline	Docs/researches/sources/os/plan9/plan9/sys/src/cmd/cwfs/choline/current_folder_research.md	2	2	0	ok
sources/os/plan9/plan9/sys/src/cmd/cwfs/cwfs	Docs/researches/sources/os/plan9/plan9/sys/src/cmd/cwfs/cwfs/current_folder_research.md	2	2	0	ok
sources/os/plan9/plan9/sys/src/cmd/cwfs/emelie	Docs/researches/sources/os/plan9/plan9/sys/src/cmd/cwfs/emelie/current_folder_research.md	2	2	0	ok
sources/os/plan9/plan9/sys/src/cmd/cwfs/fs	Docs/researches/sources/os/plan9/plan9/sys/src/cmd/cwfs/fs/current_folder_research.md	2	2	0	ok
sources/os/plan9/plan9/sys/src/cmd/cwfs/fs64	Docs/researches/sources/os/plan9/plan9/sys/src/cmd/cwfs/fs64/current_folder_research.md	2	2	0	ok
sources/os/plan9/plan9/sys/src/cmd/disk/9660	Docs/researches/sources/os/plan9/plan9/sys/src/cmd/disk/9660/current_folder_research.md	17	17	0	ok
sources/os/plan9/plan9/sys/src/cmd/disk/kfs	Docs/researches/sources/os/plan9/plan9/sys/src/cmd/disk/kfs/current_folder_research.md	28	28	0	ok
sources/os/plan9/plan9/sys/src/cmd/disk/prep	Docs/researches/sources/os/plan9/plan9/sys/src/cmd/disk/prep/current_folder_research.md	5	5	0	ok
sources/os/plan9/plan9/sys/src/cmd/gs/icclib	Docs/researches/sources/os/plan9/plan9/sys/src/cmd/gs/icclib/current_folder_research.md	3	3	0	ok
sources/os/plan9/plan9/sys/src/cmd/gs/jpeg	Docs/researches/sources/os/plan9/plan9/sys/src/cmd/gs/jpeg/current_folder_research.md	91	91	0	ok
sources/os/plan9/plan9/sys/src/cmd/gs/lib	Docs/researches/sources/os/plan9/plan9/sys/src/cmd/gs/lib/current_folder_research.md	33	33	0	ok
sources/os/plan9/plan9/sys/src/cmd/gs/libpng	Docs/researches/sources/os/plan9/plan9/sys/src/cmd/gs/libpng/current_folder_research.md	22	22	0	ok
sources/os/plan9/plan9/sys/src/cmd/gs/src	Docs/researches/sources/os/plan9/plan9/sys/src/cmd/gs/src/current_folder_research.md	1222	1222	0	ok
sources/os/plan9/plan9/sys/src/cmd/gs/zlib	Docs/researches/sources/os/plan9/plan9/sys/src/cmd/gs/zlib/current_folder_research.md	28	28	0	ok
sources/os/plan9/plan9/sys/src/cmd/ip/dhcpd	Docs/researches/sources/os/plan9/plan9/sys/src/cmd/ip/dhcpd/current_folder_research.md	9	9	0	ok
sources/os/plan9/plan9/sys/src/cmd/ip/ftpfs	Docs/researches/sources/os/plan9/plan9/sys/src/cmd/ip/ftpfs/current_folder_research.md	4	4	0	ok
sources/os/plan9/plan9/sys/src/cmd/ip/httpd	Docs/researches/sources/os/plan9/plan9/sys/src/cmd/ip/httpd/current_folder_research.md	19	19	0	ok
sources/os/plan9/plan9/sys/src/cmd/ip/imap4d	Docs/researches/sources/os/plan9/plan9/sys/src/cmd/ip/imap4d/current_folder_research.md	18	18	0	ok
sources/os/plan9/plan9/sys/src/cmd/ip/ipconfig	Docs/researches/sources/os/plan9/plan9/sys/src/cmd/ip/ipconfig/current_folder_research.md	4	4	0	ok
sources/os/plan9/plan9/sys/src/cmd/ip/ppp	Docs/researches/sources/os/plan9/plan9/sys/src/cmd/ip/ppp/current_folder_research.md	14	14	0	ok
sources/os/plan9/plan9/sys/src/cmd/ip/snoopy	Docs/researches/sources/os/plan9/plan9/sys/src/cmd/ip/snoopy/current_folder_research.md	44	44	0	ok
sources/os/plan9/plan9/sys/src/cmd/map/libmap	Docs/researches/sources/os/plan9/plan9/sys/src/cmd/map/libmap/current_folder_research.md	39	39	0	ok
sources/os/plan9/plan9/sys/src/cmd/plot/libplot	Docs/researches/sources/os/plan9/plan9/sys/src/cmd/plot/libplot/current_folder_research.md	34	34	0	ok
sources/os/plan9/plan9/sys/src/cmd/postscript/buildtables	Docs/researches/sources/os/plan9/plan9/sys/src/cmd/postscript/buildtables/current_folder_research.md	2	2	0	ok
sources/os/plan9/plan9/sys/src/cmd/postscript/common	Docs/researches/sources/os/plan9/plan9/sys/src/cmd/postscript/common/current_folder_research.md	13	13	0	ok
sources/os/plan9/plan9/sys/src/cmd/postscript/devpost.add	Docs/researches/sources/os/plan9/plan9/sys/src/cmd/postscript/devpost.add/current_folder_research.md	1	1	0	ok
sources/os/plan9/plan9/sys/src/cmd/postscript/download	Docs/researches/sources/os/plan9/plan9/sys/src/cmd/postscript/download/current_folder_research.md	2	2	0	ok
sources/os/plan9/plan9/sys/src/cmd/postscript/g3p9bit	Docs/researches/sources/os/plan9/plan9/sys/src/cmd/postscript/g3p9bit/current_folder_research.md	1	1	0	ok
sources/os/plan9/plan9/sys/src/cmd/postscript/mcolor	Docs/researches/sources/os/plan9/plan9/sys/src/cmd/postscript/mcolor/current_folder_research.md	1	1	0	ok
sources/os/plan9/plan9/sys/src/cmd/postscript/misc	Docs/researches/sources/os/plan9/plan9/sys/src/cmd/postscript/misc/current_folder_research.md	4	4	0	ok
sources/os/plan9/plan9/sys/src/cmd/postscript/p9bitpost	Docs/researches/sources/os/plan9/plan9/sys/src/cmd/postscript/p9bitpost/current_folder_research.md	3	3	0	ok
sources/os/plan9/plan9/sys/src/cmd/postscript/picpack	Docs/researches/sources/os/plan9/plan9/sys/src/cmd/postscript/picpack/current_folder_research.md	2	2	0	ok
sources/os/plan9/plan9/sys/src/cmd/postscript/postbgi	Docs/researches/sources/os/plan9/plan9/sys/src/cmd/postscript/postbgi/current_folder_research.md	3	3	0	ok
sources/os/plan9/plan9/sys/src/cmd/postscript/postdaisy	Docs/researches/sources/os/plan9/plan9/sys/src/cmd/postscript/postdaisy/current_folder_research.md	4	4	0	ok
sources/os/plan9/plan9/sys/src/cmd/postscript/postdmd	Docs/researches/sources/os/plan9/plan9/sys/src/cmd/postscript/postdmd/current_folder_research.md	2	2	0	ok
sources/os/plan9/plan9/sys/src/cmd/postscript/postgif	Docs/researches/sources/os/plan9/plan9/sys/src/cmd/postscript/postgif/current_folder_research.md	1	1	0	ok
sources/os/plan9/plan9/sys/src/cmd/postscript/postio	Docs/researches/sources/os/plan9/plan9/sys/src/cmd/postscript/postio/current_folder_research.md	6	6	0	ok
sources/os/plan9/plan9/sys/src/cmd/postscript/postmd	Docs/researches/sources/os/plan9/plan9/sys/src/cmd/postscript/postmd/current_folder_research.md	3	3	0	ok
sources/os/plan9/plan9/sys/src/cmd/postscript/postprint	Docs/researches/sources/os/plan9/plan9/sys/src/cmd/postscript/postprint/current_folder_research.md	2	2	0	ok
sources/os/plan9/plan9/sys/src/cmd/postscript/postreverse	Docs/researches/sources/os/plan9/plan9/sys/src/cmd/postscript/postreverse/current_folder_research.md	2	2	0	ok
sources/os/plan9/plan9/sys/src/cmd/postscript/posttek	Docs/researches/sources/os/plan9/plan9/sys/src/cmd/postscript/posttek/current_folder_research.md	2	2	0	ok
sources/os/plan9/plan9/sys/src/cmd/postscript/tcpostio	Docs/researches/sources/os/plan9/plan9/sys/src/cmd/postscript/tcpostio/current_folder_research.md	2	2	0	ok
sources/os/plan9/plan9/sys/src/cmd/postscript/text2post	Docs/researches/sources/os/plan9/plan9/sys/src/cmd/postscript/text2post/current_folder_research.md	1	1	0	ok
sources/os/plan9/plan9/sys/src/cmd/postscript/tr2post	Docs/researches/sources/os/plan9/plan9/sys/src/cmd/postscript/tr2post/current_folder_research.md	12	12	0	ok
sources/os/plan9/plan9/sys/src/cmd/postscript/trofftable	Docs/researches/sources/os/plan9/plan9/sys/src/cmd/postscript/trofftable/current_folder_research.md	2	2	0	ok
sources/os/plan9/plan9/sys/src/cmd/tcs/font	Docs/researches/sources/os/plan9/plan9/sys/src/cmd/tcs/font/current_folder_research.md	11	11	0	ok
sources/os/plan9/plan9/sys/src/cmd/unix/9pfreebsd	Docs/researches/sources/os/plan9/plan9/sys/src/cmd/unix/9pfreebsd/current_folder_research.md	0	6	1	ok
sources/os/plan9/plan9/sys/src/cmd/unix/drawterm	Docs/researches/sources/os/plan9/plan9/sys/src/cmd/unix/drawterm/current_folder_research.md	12	414	23	ok
sources/os/plan9/plan9/sys/src/cmd/unix/u9fs	Docs/researches/sources/os/plan9/plan9/sys/src/cmd/unix/u9fs/current_folder_research.md	30	30	0	ok
sources/os/plan9/plan9/sys/src/cmd/upas/alias	Docs/researches/sources/os/plan9/plan9/sys/src/cmd/upas/alias/current_folder_research.md	1	1	0	ok
sources/os/plan9/plan9/sys/src/cmd/upas/bayes	Docs/researches/sources/os/plan9/plan9/sys/src/cmd/upas/bayes/current_folder_research.md	14	14	0	ok
sources/os/plan9/plan9/sys/src/cmd/upas/common	Docs/researches/sources/os/plan9/plan9/sys/src/cmd/upas/common/current_folder_research.md	10	10	0	ok
sources/os/plan9/plan9/sys/src/cmd/upas/filterkit	Docs/researches/sources/os/plan9/plan9/sys/src/cmd/upas/filterkit/current_folder_research.md	5	5	0	ok
sources/os/plan9/plan9/sys/src/cmd/upas/fs	Docs/researches/sources/os/plan9/plan9/sys/src/cmd/upas/fs/current_folder_research.md	10	10	0	ok
sources/os/plan9/plan9/sys/src/cmd/upas/marshal	Docs/researches/sources/os/plan9/plan9/sys/src/cmd/upas/marshal/current_folder_research.md	1	1	0	ok
sources/os/plan9/plan9/sys/src/cmd/upas/misc	Docs/researches/sources/os/plan9/plan9/sys/src/cmd/upas/misc/current_folder_research.md	3	7	1	ok
sources/os/plan9/plan9/sys/src/cmd/upas/ml	Docs/researches/sources/os/plan9/plan9/sys/src/cmd/upas/ml/current_folder_research.md	5	5	0	ok
sources/os/plan9/plan9/sys/src/cmd/upas/ned	Docs/researches/sources/os/plan9/plan9/sys/src/cmd/upas/ned/current_folder_research.md	1	1	0	ok
sources/os/plan9/plan9/sys/src/cmd/upas/pop3	Docs/researches/sources/os/plan9/plan9/sys/src/cmd/upas/pop3/current_folder_research.md	1	1	0	ok
sources/os/plan9/plan9/sys/src/cmd/upas/q	Docs/researches/sources/os/plan9/plan9/sys/src/cmd/upas/q/current_folder_research.md	2	2	0	ok
sources/os/plan9/plan9/sys/src/cmd/upas/scanmail	Docs/researches/sources/os/plan9/plan9/sys/src/cmd/upas/scanmail/current_folder_research.md	4	4	0	ok
sources/os/plan9/plan9/sys/src/cmd/upas/send	Docs/researches/sources/os/plan9/plan9/sys/src/cmd/upas/send/current_folder_research.md	17	17	0	ok
sources/os/plan9/plan9/sys/src/cmd/upas/smtp	Docs/researches/sources/os/plan9/plan9/sys/src/cmd/upas/smtp/current_folder_research.md	10	10	0	ok
sources/os/plan9/plan9/sys/src/cmd/upas/unesc	Docs/researches/sources/os/plan9/plan9/sys/src/cmd/upas/unesc/current_folder_research.md	1	1	0	ok
sources/os/plan9/plan9/sys/src/cmd/upas/vf	Docs/researches/sources/os/plan9/plan9/sys/src/cmd/upas/vf/current_folder_research.md	1	1	0	ok
sources/os/plan9/plan9/sys/src/cmd/usb/audio	Docs/researches/sources/os/plan9/plan9/sys/src/cmd/usb/audio/current_folder_research.md	6	6	0	ok
sources/os/plan9/plan9/sys/src/cmd/usb/disk	Docs/researches/sources/os/plan9/plan9/sys/src/cmd/usb/disk/current_folder_research.md	6	6	0	ok
sources/os/plan9/plan9/sys/src/cmd/usb/ether	Docs/researches/sources/os/plan9/plan9/sys/src/cmd/usb/ether/current_folder_research.md	6	6	0	ok
sources/os/plan9/plan9/sys/src/cmd/usb/kb	Docs/researches/sources/os/plan9/plan9/sys/src/cmd/usb/kb/current_folder_research.md	4	4	0	ok
sources/os/plan9/plan9/sys/src/cmd/usb/lib	Docs/researches/sources/os/plan9/plan9/sys/src/cmd/usb/lib/current_folder_research.md	8	8	0	ok
sources/os/plan9/plan9/sys/src/cmd/usb/print	Docs/researches/sources/os/plan9/plan9/sys/src/cmd/usb/print/current_folder_research.md	2	2	0	ok
sources/os/plan9/plan9/sys/src/cmd/usb/serial	Docs/researches/sources/os/plan9/plan9/sys/src/cmd/usb/serial/current_folder_research.md	11	11	0	ok
sources/os/plan9/plan9/sys/src/cmd/usb/usbd	Docs/researches/sources/os/plan9/plan9/sys/src/cmd/usb/usbd/current_folder_research.md	4	4	0	ok
sources/os/plan9/plan9/sys/src/cmd/venti/srv	Docs/researches/sources/os/plan9/plan9/sys/src/cmd/venti/srv/current_folder_research.md	66	69	1	ok
sources/os/plan9/plan9/sys/src/cmd/venti/words	Docs/researches/sources/os/plan9/plan9/sys/src/cmd/venti/words/current_folder_research.md	3	3	0	ok
sources/os/bsd/netbsd-src/lib/libc/compat/arch/aarch64/sys	Docs/researches/sources/os/bsd/netbsd-src/lib/libc/compat/arch/aarch64/sys/current_folder_research.md	12	12	0	ok
sources/os/bsd/netbsd-src/lib/libc/compat/arch/alpha/sys	Docs/researches/sources/os/bsd/netbsd-src/lib/libc/compat/arch/alpha/sys/current_folder_research.md	13	13	0	ok
sources/os/bsd/netbsd-src/lib/libc/compat/arch/arm/sys	Docs/researches/sources/os/bsd/netbsd-src/lib/libc/compat/arch/arm/sys/current_folder_research.md	13	13	0	ok
sources/os/bsd/netbsd-src/lib/libc/compat/arch/hppa/locale	Docs/researches/sources/os/bsd/netbsd-src/lib/libc/compat/arch/hppa/locale/current_folder_research.md	1	1	0	ok
sources/os/bsd/netbsd-src/lib/libc/compat/arch/hppa/sys	Docs/researches/sources/os/bsd/netbsd-src/lib/libc/compat/arch/hppa/sys/current_folder_research.md	13	13	0	ok
sources/os/bsd/netbsd-src/lib/libc/compat/arch/i386/sys	Docs/researches/sources/os/bsd/netbsd-src/lib/libc/compat/arch/i386/sys/current_folder_research.md	13	13	0	ok
sources/os/bsd/netbsd-src/lib/libc/compat/arch/ia64/sys	Docs/researches/sources/os/bsd/netbsd-src/lib/libc/compat/arch/ia64/sys/current_folder_research.md	6	6	0	ok
sources/os/bsd/netbsd-src/lib/libc/compat/arch/m68k/sys	Docs/researches/sources/os/bsd/netbsd-src/lib/libc/compat/arch/m68k/sys/current_folder_research.md	13	13	0	ok
sources/os/bsd/netbsd-src/lib/libc/compat/arch/mips/sys	Docs/researches/sources/os/bsd/netbsd-src/lib/libc/compat/arch/mips/sys/current_folder_research.md	13	13	0	ok
sources/os/bsd/netbsd-src/lib/libc/compat/arch/powerpc/sys	Docs/researches/sources/os/bsd/netbsd-src/lib/libc/compat/arch/powerpc/sys/current_folder_research.md	13	13	0	ok
sources/os/bsd/netbsd-src/lib/libc/compat/arch/powerpc64/sys	Docs/researches/sources/os/bsd/netbsd-src/lib/libc/compat/arch/powerpc64/sys/current_folder_research.md	6	6	0	ok
sources/os/bsd/netbsd-src/lib/libc/compat/arch/riscv/sys	Docs/researches/sources/os/bsd/netbsd-src/lib/libc/compat/arch/riscv/sys/current_folder_research.md	10	10	0	ok
sources/os/bsd/netbsd-src/lib/libc/compat/arch/sh3/sys	Docs/researches/sources/os/bsd/netbsd-src/lib/libc/compat/arch/sh3/sys/current_folder_research.md	13	13	0	ok
sources/os/bsd/netbsd-src/lib/libc/compat/arch/sparc/sys	Docs/researches/sources/os/bsd/netbsd-src/lib/libc/compat/arch/sparc/sys/current_folder_research.md	13	13	0	ok
sources/os/bsd/netbsd-src/lib/libc/compat/arch/sparc64/sys	Docs/researches/sources/os/bsd/netbsd-src/lib/libc/compat/arch/sparc64/sys/current_folder_research.md	13	13	0	ok
sources/os/bsd/netbsd-src/lib/libc/compat/arch/vax/sys	Docs/researches/sources/os/bsd/netbsd-src/lib/libc/compat/arch/vax/sys/current_folder_research.md	13	13	0	ok
sources/os/bsd/netbsd-src/lib/libc/compat/arch/x86_64/sys	Docs/researches/sources/os/bsd/netbsd-src/lib/libc/compat/arch/x86_64/sys/current_folder_research.md	12	12	0	ok
sources/os/illumos/illumos-gate/usr/src/uts/common/fs/autofs	Docs/researches/sources/os/illumos/illumos-gate/usr/src/uts/common/fs/autofs/current_folder_research.md	5	5	0	ok
sources/os/illumos/illumos-gate/usr/src/uts/common/fs/bootfs	Docs/researches/sources/os/illumos/illumos-gate/usr/src/uts/common/fs/bootfs/current_folder_research.md	3	3	0	ok
sources/os/illumos/illumos-gate/usr/src/uts/common/fs/ctfs	Docs/researches/sources/os/illumos/illumos-gate/usr/src/uts/common/fs/ctfs/current_folder_research.md	9	9	0	ok
sources/os/illumos/illumos-gate/usr/src/uts/common/fs/dcfs	Docs/researches/sources/os/illumos/illumos-gate/usr/src/uts/common/fs/dcfs/current_folder_research.md	1	1	0	ok
sources/os/illumos/illumos-gate/usr/src/uts/common/fs/dev	Docs/researches/sources/os/illumos/illumos-gate/usr/src/uts/common/fs/dev/current_folder_research.md	12	12	0	ok
sources/os/illumos/illumos-gate/usr/src/uts/common/fs/devfs	Docs/researches/sources/os/illumos/illumos-gate/usr/src/uts/common/fs/devfs/current_folder_research.md	3	3	0	ok
sources/os/illumos/illumos-gate/usr/src/uts/common/fs/doorfs	Docs/researches/sources/os/illumos/illumos-gate/usr/src/uts/common/fs/doorfs/current_folder_research.md	2	2	0	ok
sources/os/illumos/illumos-gate/usr/src/uts/common/fs/fd	Docs/researches/sources/os/illumos/illumos-gate/usr/src/uts/common/fs/fd/current_folder_research.md	1	1	0	ok
sources/os/illumos/illumos-gate/usr/src/uts/common/fs/fifofs	Docs/researches/sources/os/illumos/illumos-gate/usr/src/uts/common/fs/fifofs/current_folder_research.md	2	2	0	ok
sources/os/illumos/illumos-gate/usr/src/uts/common/fs/hsfs	Docs/researches/sources/os/illumos/illumos-gate/usr/src/uts/common/fs/hsfs/current_folder_research.md	7	7	0	ok
sources/os/illumos/illumos-gate/usr/src/uts/common/fs/lofs	Docs/researches/sources/os/illumos/illumos-gate/usr/src/uts/common/fs/lofs/current_folder_research.md	3	3	0	ok
sources/os/illumos/illumos-gate/usr/src/uts/common/fs/mntfs	Docs/researches/sources/os/illumos/illumos-gate/usr/src/uts/common/fs/mntfs/current_folder_research.md	2	2	0	ok
sources/os/illumos/illumos-gate/usr/src/uts/common/fs/namefs	Docs/researches/sources/os/illumos/illumos-gate/usr/src/uts/common/fs/namefs/current_folder_research.md	2	2	0	ok
sources/os/illumos/illumos-gate/usr/src/uts/common/fs/nfs	Docs/researches/sources/os/illumos/illumos-gate/usr/src/uts/common/fs/nfs/current_folder_research.md	59	59	0	ok
sources/os/illumos/illumos-gate/usr/src/uts/common/fs/objfs	Docs/researches/sources/os/illumos/illumos-gate/usr/src/uts/common/fs/objfs/current_folder_research.md	5	5	0	ok
sources/os/illumos/illumos-gate/usr/src/uts/common/fs/pcfs	Docs/researches/sources/os/illumos/illumos-gate/usr/src/uts/common/fs/pcfs/current_folder_research.md	6	6	0	ok
sources/os/illumos/illumos-gate/usr/src/uts/common/fs/portfs	Docs/researches/sources/os/illumos/illumos-gate/usr/src/uts/common/fs/portfs/current_folder_research.md	4	4	0	ok
sources/os/illumos/illumos-gate/usr/src/uts/common/fs/proc	Docs/researches/sources/os/illumos/illumos-gate/usr/src/uts/common/fs/proc/current_folder_research.md	7	7	0	ok
sources/os/illumos/illumos-gate/usr/src/uts/common/fs/sharefs	Docs/researches/sources/os/illumos/illumos-gate/usr/src/uts/common/fs/sharefs/current_folder_research.md	3	3	0	ok
sources/os/illumos/illumos-gate/usr/src/uts/common/fs/smbclnt	Docs/researches/sources/os/illumos/illumos-gate/usr/src/uts/common/fs/smbclnt/current_folder_research.md	0	48	2	ok
sources/os/illumos/illumos-gate/usr/src/uts/common/fs/smbsrv	Docs/researches/sources/os/illumos/illumos-gate/usr/src/uts/common/fs/smbsrv/current_folder_research.md	119	119	0	ok
sources/os/illumos/illumos-gate/usr/src/uts/common/fs/sockfs	Docs/researches/sources/os/illumos/illumos-gate/usr/src/uts/common/fs/sockfs/current_folder_research.md	19	19	0	ok
sources/os/illumos/illumos-gate/usr/src/uts/common/fs/specfs	Docs/researches/sources/os/illumos/illumos-gate/usr/src/uts/common/fs/specfs/current_folder_research.md	3	3	0	ok
sources/os/illumos/illumos-gate/usr/src/uts/common/fs/swapfs	Docs/researches/sources/os/illumos/illumos-gate/usr/src/uts/common/fs/swapfs/current_folder_research.md	2	2	0	ok
sources/os/illumos/illumos-gate/usr/src/uts/common/fs/tmpfs	Docs/researches/sources/os/illumos/illumos-gate/usr/src/uts/common/fs/tmpfs/current_folder_research.md	5	5	0	ok
sources/os/illumos/illumos-gate/usr/src/uts/common/fs/udfs	Docs/researches/sources/os/illumos/illumos-gate/usr/src/uts/common/fs/udfs/current_folder_research.md	7	7	0	ok
sources/os/illumos/illumos-gate/usr/src/uts/common/fs/ufs	Docs/researches/sources/os/illumos/illumos-gate/usr/src/uts/common/fs/ufs/current_folder_research.md	28	28	0	ok
sources/os/illumos/illumos-gate/usr/src/uts/common/fs/zfs	Docs/researches/sources/os/illumos/illumos-gate/usr/src/uts/common/fs/zfs/current_folder_research.md	121	277	2	ok
sources/os/illumos/illumos-gate/usr/src/uts/common/fs/zut	Docs/researches/sources/os/illumos/illumos-gate/usr/src/uts/common/fs/zut/current_folder_research.md	2	2	0	ok
sources/os/illumos/illumos-gate/usr/src/uts/common/sys/1394	Docs/researches/sources/os/illumos/illumos-gate/usr/src/uts/common/sys/1394/current_folder_research.md	9	36	2	ok
sources/os/illumos/illumos-gate/usr/src/uts/common/sys/audio	Docs/researches/sources/os/illumos/illumos-gate/usr/src/uts/common/sys/audio/current_folder_research.md	5	5	0	ok
sources/os/illumos/illumos-gate/usr/src/uts/common/sys/av	Docs/researches/sources/os/illumos/illumos-gate/usr/src/uts/common/sys/av/current_folder_research.md	1	1	0	ok
sources/os/illumos/illumos-gate/usr/src/uts/common/sys/contract	Docs/researches/sources/os/illumos/illumos-gate/usr/src/uts/common/sys/contract/current_folder_research.md	4	4	0	ok
sources/os/illumos/illumos-gate/usr/src/uts/common/sys/crypto	Docs/researches/sources/os/illumos/illumos-gate/usr/src/uts/common/sys/crypto/current_folder_research.md	10	10	0	ok
sources/os/illumos/illumos-gate/usr/src/uts/common/sys/dcam	Docs/researches/sources/os/illumos/illumos-gate/usr/src/uts/common/sys/dcam/current_folder_research.md	1	1	0	ok
sources/os/illumos/illumos-gate/usr/src/uts/common/sys/dktp	Docs/researches/sources/os/illumos/illumos-gate/usr/src/uts/common/sys/dktp/current_folder_research.md	18	18	0	ok
sources/os/illumos/illumos-gate/usr/src/uts/common/sys/fc4	Docs/researches/sources/os/illumos/illumos-gate/usr/src/uts/common/sys/fc4/current_folder_research.md	8	8	0	ok
sources/os/illumos/illumos-gate/usr/src/uts/common/sys/fcoe	Docs/researches/sources/os/illumos/illumos-gate/usr/src/uts/common/sys/fcoe/current_folder_research.md	2	2	0	ok
sources/os/illumos/illumos-gate/usr/src/uts/common/sys/fibre-channel	Docs/researches/sources/os/illumos/illumos-gate/usr/src/uts/common/sys/fibre-channel/current_folder_research.md	4	82	3	ok
sources/os/illumos/illumos-gate/usr/src/uts/common/sys/fm	Docs/researches/sources/os/illumos/illumos-gate/usr/src/uts/common/sys/fm/current_folder_research.md	2	10	2	ok
sources/os/illumos/illumos-gate/usr/src/uts/common/sys/fs	Docs/researches/sources/os/illumos/illumos-gate/usr/src/uts/common/sys/fs/current_folder_research.md	46	46	0	ok
sources/os/illumos/illumos-gate/usr/src/uts/common/sys/gpio	Docs/researches/sources/os/illumos/illumos-gate/usr/src/uts/common/sys/gpio/current_folder_research.md	8	8	0	ok
sources/os/illumos/illumos-gate/usr/src/uts/common/sys/hotplug	Docs/researches/sources/os/illumos/illumos-gate/usr/src/uts/common/sys/hotplug/current_folder_research.md	2	7	1	ok
sources/os/illumos/illumos-gate/usr/src/uts/common/sys/i2c	Docs/researches/sources/os/illumos/illumos-gate/usr/src/uts/common/sys/i2c/current_folder_research.md	5	5	0	ok
sources/os/illumos/illumos-gate/usr/src/uts/common/sys/ib	Docs/researches/sources/os/illumos/illumos-gate/usr/src/uts/common/sys/ib/current_folder_research.md	2	126	5	ok
sources/os/illumos/illumos-gate/usr/src/uts/common/sys/idm	Docs/researches/sources/os/illumos/illumos-gate/usr/src/uts/common/sys/idm/current_folder_research.md	6	6	0	ok
sources/os/illumos/illumos-gate/usr/src/uts/common/sys/iscsit	Docs/researches/sources/os/illumos/illumos-gate/usr/src/uts/common/sys/iscsit/current_folder_research.md	6	6	0	ok
sources/os/illumos/illumos-gate/usr/src/uts/common/sys/iso	Docs/researches/sources/os/illumos/illumos-gate/usr/src/uts/common/sys/iso/current_folder_research.md	1	1	0	ok
sources/os/illumos/illumos-gate/usr/src/uts/common/sys/mpt	Docs/researches/sources/os/illumos/illumos-gate/usr/src/uts/common/sys/mpt/current_folder_research.md	5	5	0	ok
sources/os/illumos/illumos-gate/usr/src/uts/common/sys/nvme	Docs/researches/sources/os/illumos/illumos-gate/usr/src/uts/common/sys/nvme/current_folder_research.md	18	18	0	ok
sources/os/illumos/illumos-gate/usr/src/uts/common/sys/nxge	Docs/researches/sources/os/illumos/illumos-gate/usr/src/uts/common/sys/nxge/current_folder_research.md	32	32	0	ok
sources/os/illumos/illumos-gate/usr/src/uts/common/sys/plat	Docs/researches/sources/os/illumos/illumos-gate/usr/src/uts/common/sys/plat/current_folder_research.md	1	1	0	ok
sources/os/illumos/illumos-gate/usr/src/uts/common/sys/rsm	Docs/researches/sources/os/illumos/illumos-gate/usr/src/uts/common/sys/rsm/current_folder_research.md	7	7	0	ok
sources/os/illumos/illumos-gate/usr/src/uts/common/sys/sata	Docs/researches/sources/os/illumos/illumos-gate/usr/src/uts/common/sys/sata/current_folder_research.md	5	13	2	ok
sources/os/illumos/illumos-gate/usr/src/uts/common/sys/sbp2	Docs/researches/sources/os/illumos/illumos-gate/usr/src/uts/common/sys/sbp2/current_folder_research.md	5	5	0	ok
sources/os/illumos/illumos-gate/usr/src/uts/common/sys/scsi	Docs/researches/sources/os/illumos/illumos-gate/usr/src/uts/common/sys/scsi/current_folder_research.md	10	87	5	ok
sources/os/illumos/illumos-gate/usr/src/uts/common/sys/sdcard	Docs/researches/sources/os/illumos/illumos-gate/usr/src/uts/common/sys/sdcard/current_folder_research.md	3	3	0	ok
sources/os/illumos/illumos-gate/usr/src/uts/common/sys/sysevent	Docs/researches/sources/os/illumos/illumos-gate/usr/src/uts/common/sys/sysevent/current_folder_research.md	10	10	0	ok
sources/os/illumos/illumos-gate/usr/src/uts/common/sys/tsol	Docs/researches/sources/os/illumos/illumos-gate/usr/src/uts/common/sys/tsol/current_folder_research.md	6	6	0	ok
sources/os/illumos/illumos-gate/usr/src/uts/common/sys/usb	Docs/researches/sources/os/illumos/illumos-gate/usr/src/uts/common/sys/usb/current_folder_research.md	2	88	7	ok
sources/os/plan9/9front/sys/src/9/xen/xen-public/arch-arm	Docs/researches/sources/os/plan9/9front/sys/src/9/xen/xen-public/arch-arm/current_folder_research.md	0	1	1	ok
sources/os/plan9/9front/sys/src/9/xen/xen-public/arch-x86	Docs/researches/sources/os/plan9/9front/sys/src/9/xen/xen-public/arch-x86/current_folder_research.md	5	6	1	ok
sources/os/plan9/9front/sys/src/9/xen/xen-public/hvm	Docs/researches/sources/os/plan9/9front/sys/src/9/xen/xen-public/hvm/current_folder_research.md	8	8	0	ok
sources/os/plan9/9front/sys/src/9/xen/xen-public/io	Docs/researches/sources/os/plan9/9front/sys/src/9/xen/xen-public/io/current_folder_research.md	15	15	0	ok
sources/os/plan9/9front/sys/src/9/xen/xen-public/xsm	Docs/researches/sources/os/plan9/9front/sys/src/9/xen/xen-public/xsm/current_folder_research.md	1	1	0	ok
sources/os/plan9/9front/sys/src/cmd/audio/libFLAC/FLAC	Docs/researches/sources/os/plan9/9front/sys/src/cmd/audio/libFLAC/FLAC/current_folder_research.md	9	9	0	ok
sources/os/plan9/9front/sys/src/cmd/audio/libFLAC/private	Docs/researches/sources/os/plan9/9front/sys/src/cmd/audio/libFLAC/private/current_folder_research.md	21	21	0	ok
sources/os/plan9/9front/sys/src/cmd/audio/libFLAC/protected	Docs/researches/sources/os/plan9/9front/sys/src/cmd/audio/libFLAC/protected/current_folder_research.md	3	3	0	ok
sources/os/plan9/9front/sys/src/cmd/audio/libFLAC/share	Docs/researches/sources/os/plan9/9front/sys/src/cmd/audio/libFLAC/share/current_folder_research.md	6	6	0	ok
sources/os/plan9/9front/sys/src/cmd/audio/libogg/ogg	Docs/researches/sources/os/plan9/9front/sys/src/cmd/audio/libogg/ogg/current_folder_research.md	2	2	0	ok
sources/os/plan9/9front/sys/src/cmd/audio/libvorbis/books	Docs/researches/sources/os/plan9/9front/sys/src/cmd/audio/libvorbis/books/current_folder_research.md	0	4	3	ok
sources/os/plan9/9front/sys/src/cmd/audio/libvorbis/modes	Docs/researches/sources/os/plan9/9front/sys/src/cmd/audio/libvorbis/modes/current_folder_research.md	19	19	0	ok
sources/os/plan9/9front/sys/src/cmd/audio/libvorbis/vorbis	Docs/researches/sources/os/plan9/9front/sys/src/cmd/audio/libvorbis/vorbis/current_folder_research.md	3	3	0	ok
sources/os/plan9/9front/sys/src/cmd/upas/fs/extra	Docs/researches/sources/os/plan9/9front/sys/src/cmd/upas/fs/extra/current_folder_research.md	7	7	0	ok
sources/os/plan9/9front/sys/src/cmd/venti/srv/www	Docs/researches/sources/os/plan9/9front/sys/src/cmd/venti/srv/www/current_folder_research.md	3	3	0	ok
sources/os/plan9/plan9/sys/src/cmd/unix/9pfreebsd/mount_9fs	Docs/researches/sources/os/plan9/plan9/sys/src/cmd/unix/9pfreebsd/mount_9fs/current_folder_research.md	6	6	0	ok
sources/os/plan9/plan9/sys/src/cmd/unix/drawterm/exportfs	Docs/researches/sources/os/plan9/plan9/sys/src/cmd/unix/drawterm/exportfs/current_folder_research.md	4	4	0	ok
sources/os/plan9/plan9/sys/src/cmd/unix/drawterm/gui-osx	Docs/researches/sources/os/plan9/plan9/sys/src/cmd/unix/drawterm/gui-osx/current_folder_research.md	8	8	0	ok
sources/os/plan9/plan9/sys/src/cmd/unix/drawterm/gui-win32	Docs/researches/sources/os/plan9/plan9/sys/src/cmd/unix/drawterm/gui-win32/current_folder_research.md	7	7	0	ok
sources/os/plan9/plan9/sys/src/cmd/unix/drawterm/gui-x11	Docs/researches/sources/os/plan9/plan9/sys/src/cmd/unix/drawterm/gui-x11/current_folder_research.md	4	4	0	ok
sources/os/plan9/plan9/sys/src/cmd/unix/drawterm/include	Docs/researches/sources/os/plan9/plan9/sys/src/cmd/unix/drawterm/include/current_folder_research.md	18	18	0	ok
sources/os/plan9/plan9/sys/src/cmd/unix/drawterm/kern	Docs/researches/sources/os/plan9/plan9/sys/src/cmd/unix/drawterm/kern/current_folder_research.md	51	52	1	ok
sources/os/plan9/plan9/sys/src/cmd/unix/drawterm/libauth	Docs/researches/sources/os/plan9/plan9/sys/src/cmd/unix/drawterm/libauth/current_folder_research.md	11	11	0	ok
sources/os/plan9/plan9/sys/src/cmd/unix/drawterm/libauthsrv	Docs/researches/sources/os/plan9/plan9/sys/src/cmd/unix/drawterm/libauthsrv/current_folder_research.md	16	16	0	ok
sources/os/plan9/plan9/sys/src/cmd/unix/drawterm/libc	Docs/researches/sources/os/plan9/plan9/sys/src/cmd/unix/drawterm/libc/current_folder_research.md	99	99	0	ok
sources/os/plan9/plan9/sys/src/cmd/unix/drawterm/libdraw	Docs/researches/sources/os/plan9/plan9/sys/src/cmd/unix/drawterm/libdraw/current_folder_research.md	11	11	0	ok
sources/os/plan9/plan9/sys/src/cmd/unix/drawterm/libip	Docs/researches/sources/os/plan9/plan9/sys/src/cmd/unix/drawterm/libip/current_folder_research.md	6	6	0	ok
sources/os/plan9/plan9/sys/src/cmd/unix/drawterm/libmemdraw	Docs/researches/sources/os/plan9/plan9/sys/src/cmd/unix/drawterm/libmemdraw/current_folder_research.md	24	24	0	ok
sources/os/plan9/plan9/sys/src/cmd/unix/drawterm/libmemlayer	Docs/researches/sources/os/plan9/plan9/sys/src/cmd/unix/drawterm/libmemlayer/current_folder_research.md	13	13	0	ok
sources/os/plan9/plan9/sys/src/cmd/unix/drawterm/libmp	Docs/researches/sources/os/plan9/plan9/sys/src/cmd/unix/drawterm/libmp/current_folder_research.md	34	34	0	ok
sources/os/plan9/plan9/sys/src/cmd/unix/drawterm/libsec	Docs/researches/sources/os/plan9/plan9/sys/src/cmd/unix/drawterm/libsec/current_folder_research.md	58	58	0	ok
sources/os/plan9/plan9/sys/src/cmd/unix/drawterm/posix-386	Docs/researches/sources/os/plan9/plan9/sys/src/cmd/unix/drawterm/posix-386/current_folder_research.md	5	5	0	ok
sources/os/plan9/plan9/sys/src/cmd/unix/drawterm/posix-amd64	Docs/researches/sources/os/plan9/plan9/sys/src/cmd/unix/drawterm/posix-amd64/current_folder_research.md	5	5	0	ok
sources/os/plan9/plan9/sys/src/cmd/unix/drawterm/posix-arm	Docs/researches/sources/os/plan9/plan9/sys/src/cmd/unix/drawterm/posix-arm/current_folder_research.md	5	5	0	ok
sources/os/plan9/plan9/sys/src/cmd/unix/drawterm/posix-mips	Docs/researches/sources/os/plan9/plan9/sys/src/cmd/unix/drawterm/posix-mips/current_folder_research.md	5	5	0	ok
sources/os/plan9/plan9/sys/src/cmd/unix/drawterm/posix-port	Docs/researches/sources/os/plan9/plan9/sys/src/cmd/unix/drawterm/posix-port/current_folder_research.md	4	4	0	ok
sources/os/plan9/plan9/sys/src/cmd/unix/drawterm/posix-power	Docs/researches/sources/os/plan9/plan9/sys/src/cmd/unix/drawterm/posix-power/current_folder_research.md	5	5	0	ok
sources/os/plan9/plan9/sys/src/cmd/unix/drawterm/posix-sun4u	Docs/researches/sources/os/plan9/plan9/sys/src/cmd/unix/drawterm/posix-sun4u/current_folder_research.md	5	5	0	ok
sources/os/plan9/plan9/sys/src/cmd/unix/drawterm/win32-386	Docs/researches/sources/os/plan9/plan9/sys/src/cmd/unix/drawterm/win32-386/current_folder_research.md	3	3	0	ok
sources/os/plan9/plan9/sys/src/cmd/upas/misc/unix	Docs/researches/sources/os/plan9/plan9/sys/src/cmd/upas/misc/unix/current_folder_research.md	4	4	0	ok
sources/os/plan9/plan9/sys/src/cmd/venti/srv/www	Docs/researches/sources/os/plan9/plan9/sys/src/cmd/venti/srv/www/current_folder_research.md	3	3	0	ok
sources/os/illumos/illumos-gate/usr/src/uts/common/fs/smbclnt/netsmb	Docs/researches/sources/os/illumos/illumos-gate/usr/src/uts/common/fs/smbclnt/netsmb/current_folder_research.md	33	33	0	ok
sources/os/illumos/illumos-gate/usr/src/uts/common/fs/smbclnt/smbfs	Docs/researches/sources/os/illumos/illumos-gate/usr/src/uts/common/fs/smbclnt/smbfs/current_folder_research.md	15	15	0	ok
sources/os/illumos/illumos-gate/usr/src/uts/common/fs/zfs/lua	Docs/researches/sources/os/illumos/illumos-gate/usr/src/uts/common/fs/zfs/lua/current_folder_research.md	51	51	0	ok
sources/os/illumos/illumos-gate/usr/src/uts/common/fs/zfs/sys	Docs/researches/sources/os/illumos/illumos-gate/usr/src/uts/common/fs/zfs/sys/current_folder_research.md	105	105	0	ok
sources/os/illumos/illumos-gate/usr/src/uts/common/sys/1394/adapters	Docs/researches/sources/os/illumos/illumos-gate/usr/src/uts/common/sys/1394/adapters/current_folder_research.md	18	18	0	ok
sources/os/illumos/illumos-gate/usr/src/uts/common/sys/1394/targets	Docs/researches/sources/os/illumos/illumos-gate/usr/src/uts/common/sys/1394/targets/current_folder_research.md	0	9	3	ok
sources/os/illumos/illumos-gate/usr/src/uts/common/sys/fibre-channel/fca	Docs/researches/sources/os/illumos/illumos-gate/usr/src/uts/common/sys/fibre-channel/fca/current_folder_research.md	0	61	4	ok
sources/os/illumos/illumos-gate/usr/src/uts/common/sys/fibre-channel/impl	Docs/researches/sources/os/illumos/illumos-gate/usr/src/uts/common/sys/fibre-channel/impl/current_folder_research.md	12	12	0	ok
sources/os/illumos/illumos-gate/usr/src/uts/common/sys/fibre-channel/ulp	Docs/researches/sources/os/illumos/illumos-gate/usr/src/uts/common/sys/fibre-channel/ulp/current_folder_research.md	5	5	0	ok
sources/os/illumos/illumos-gate/usr/src/uts/common/sys/fm/fs	Docs/researches/sources/os/illumos/illumos-gate/usr/src/uts/common/sys/fm/fs/current_folder_research.md	1	1	0	ok
sources/os/illumos/illumos-gate/usr/src/uts/common/sys/fm/io	Docs/researches/sources/os/illumos/illumos-gate/usr/src/uts/common/sys/fm/io/current_folder_research.md	7	7	0	ok
sources/os/illumos/illumos-gate/usr/src/uts/common/sys/hotplug/pci	Docs/researches/sources/os/illumos/illumos-gate/usr/src/uts/common/sys/hotplug/pci/current_folder_research.md	5	5	0	ok
sources/os/illumos/illumos-gate/usr/src/uts/common/sys/ib/adapters	Docs/researches/sources/os/illumos/illumos-gate/usr/src/uts/common/sys/ib/adapters/current_folder_research.md	1	33	2	ok
sources/os/illumos/illumos-gate/usr/src/uts/common/sys/ib/clients	Docs/researches/sources/os/illumos/illumos-gate/usr/src/uts/common/sys/ib/clients/current_folder_research.md	0	56	7	ok
sources/os/illumos/illumos-gate/usr/src/uts/common/sys/ib/ibnex	Docs/researches/sources/os/illumos/illumos-gate/usr/src/uts/common/sys/ib/ibnex/current_folder_research.md	2	2	0	ok
sources/os/illumos/illumos-gate/usr/src/uts/common/sys/ib/ibtl	Docs/researches/sources/os/illumos/illumos-gate/usr/src/uts/common/sys/ib/ibtl/current_folder_research.md	8	12	1	ok
sources/os/illumos/illumos-gate/usr/src/uts/common/sys/ib/mgt	Docs/researches/sources/os/illumos/illumos-gate/usr/src/uts/common/sys/ib/mgt/current_folder_research.md	4	21	4	ok
sources/os/illumos/illumos-gate/usr/src/uts/common/sys/sata/adapters	Docs/researches/sources/os/illumos/illumos-gate/usr/src/uts/common/sys/sata/adapters/current_folder_research.md	0	7	3	ok
sources/os/illumos/illumos-gate/usr/src/uts/common/sys/sata/impl	Docs/researches/sources/os/illumos/illumos-gate/usr/src/uts/common/sys/sata/impl/current_folder_research.md	1	1	0	ok
sources/os/illumos/illumos-gate/usr/src/uts/common/sys/scsi/adapters	Docs/researches/sources/os/illumos/illumos-gate/usr/src/uts/common/sys/scsi/adapters/current_folder_research.md	6	43	5	ok
sources/os/illumos/illumos-gate/usr/src/uts/common/sys/scsi/conf	Docs/researches/sources/os/illumos/illumos-gate/usr/src/uts/common/sys/scsi/conf/current_folder_research.md	2	2	0	ok
sources/os/illumos/illumos-gate/usr/src/uts/common/sys/scsi/generic	Docs/researches/sources/os/illumos/illumos-gate/usr/src/uts/common/sys/scsi/generic/current_folder_research.md	11	11	0	ok
sources/os/illumos/illumos-gate/usr/src/uts/common/sys/scsi/impl	Docs/researches/sources/os/illumos/illumos-gate/usr/src/uts/common/sys/scsi/impl/current_folder_research.md	14	14	0	ok
sources/os/illumos/illumos-gate/usr/src/uts/common/sys/scsi/targets	Docs/researches/sources/os/illumos/illumos-gate/usr/src/uts/common/sys/scsi/targets/current_folder_research.md	7	7	0	ok
sources/os/illumos/illumos-gate/usr/src/uts/common/sys/usb/clients	Docs/researches/sources/os/illumos/illumos-gate/usr/src/uts/common/sys/usb/clients/current_folder_research.md	0	42	15	ok
sources/os/illumos/illumos-gate/usr/src/uts/common/sys/usb/hcd	Docs/researches/sources/os/illumos/illumos-gate/usr/src/uts/common/sys/usb/hcd/current_folder_research.md	0	22	4	ok
sources/os/illumos/illumos-gate/usr/src/uts/common/sys/usb/hubd	Docs/researches/sources/os/illumos/illumos-gate/usr/src/uts/common/sys/usb/hubd/current_folder_research.md	3	3	0	ok
sources/os/illumos/illumos-gate/usr/src/uts/common/sys/usb/scsa2usb	Docs/researches/sources/os/illumos/illumos-gate/usr/src/uts/common/sys/usb/scsa2usb/current_folder_research.md	1	1	0	ok
sources/os/illumos/illumos-gate/usr/src/uts/common/sys/usb/usb_ia	Docs/researches/sources/os/illumos/illumos-gate/usr/src/uts/common/sys/usb/usb_ia/current_folder_research.md	1	1	0	ok
sources/os/illumos/illumos-gate/usr/src/uts/common/sys/usb/usb_mid	Docs/researches/sources/os/illumos/illumos-gate/usr/src/uts/common/sys/usb/usb_mid/current_folder_research.md	1	1	0	ok
sources/os/illumos/illumos-gate/usr/src/uts/common/sys/usb/usba	Docs/researches/sources/os/illumos/illumos-gate/usr/src/uts/common/sys/usb/usba/current_folder_research.md	16	16	0	ok
sources/os/plan9/9front/sys/src/9/xen/xen-public/arch-arm/hvm	Docs/researches/sources/os/plan9/9front/sys/src/9/xen/xen-public/arch-arm/hvm/current_folder_research.md	1	1	0	ok
sources/os/plan9/9front/sys/src/9/xen/xen-public/arch-x86/hvm	Docs/researches/sources/os/plan9/9front/sys/src/9/xen/xen-public/arch-x86/hvm/current_folder_research.md	1	1	0	ok
sources/os/plan9/9front/sys/src/cmd/audio/libvorbis/books/coupled	Docs/researches/sources/os/plan9/9front/sys/src/cmd/audio/libvorbis/books/coupled/current_folder_research.md	2	2	0	ok
sources/os/plan9/9front/sys/src/cmd/audio/libvorbis/books/floor	Docs/researches/sources/os/plan9/9front/sys/src/cmd/audio/libvorbis/books/floor/current_folder_research.md	1	1	0	ok
sources/os/plan9/9front/sys/src/cmd/audio/libvorbis/books/uncoupled	Docs/researches/sources/os/plan9/9front/sys/src/cmd/audio/libvorbis/books/uncoupled/current_folder_research.md	1	1	0	ok
sources/os/plan9/plan9/sys/src/cmd/unix/drawterm/kern/unused	Docs/researches/sources/os/plan9/plan9/sys/src/cmd/unix/drawterm/kern/unused/current_folder_research.md	1	1	0	ok
sources/os/illumos/illumos-gate/usr/src/uts/common/sys/1394/targets/av1394	Docs/researches/sources/os/illumos/illumos-gate/usr/src/uts/common/sys/1394/targets/av1394/current_folder_research.md	2	2	0	ok
sources/os/illumos/illumos-gate/usr/src/uts/common/sys/1394/targets/dcam1394	Docs/researches/sources/os/illumos/illumos-gate/usr/src/uts/common/sys/1394/targets/dcam1394/current_folder_research.md	4	4	0	ok
sources/os/illumos/illumos-gate/usr/src/uts/common/sys/1394/targets/scsa1394	Docs/researches/sources/os/illumos/illumos-gate/usr/src/uts/common/sys/1394/targets/scsa1394/current_folder_research.md	3	3	0	ok
sources/os/illumos/illumos-gate/usr/src/uts/common/sys/fibre-channel/fca/emlxs	Docs/researches/sources/os/illumos/illumos-gate/usr/src/uts/common/sys/fibre-channel/fca/emlxs/current_folder_research.md	34	34	0	ok
sources/os/illumos/illumos-gate/usr/src/uts/common/sys/fibre-channel/fca/oce	Docs/researches/sources/os/illumos/illumos-gate/usr/src/uts/common/sys/fibre-channel/fca/oce/current_folder_research.md	9	9	0	ok
sources/os/illumos/illumos-gate/usr/src/uts/common/sys/fibre-channel/fca/qlc	Docs/researches/sources/os/illumos/illumos-gate/usr/src/uts/common/sys/fibre-channel/fca/qlc/current_folder_research.md	14	14	0	ok
sources/os/illumos/illumos-gate/usr/src/uts/common/sys/fibre-channel/fca/qlge	Docs/researches/sources/os/illumos/illumos-gate/usr/src/uts/common/sys/fibre-channel/fca/qlge/current_folder_research.md	4	4	0	ok
sources/os/illumos/illumos-gate/usr/src/uts/common/sys/ib/adapters/hermon	Docs/researches/sources/os/illumos/illumos-gate/usr/src/uts/common/sys/ib/adapters/hermon/current_folder_research.md	17	17	0	ok
sources/os/illumos/illumos-gate/usr/src/uts/common/sys/ib/adapters/tavor	Docs/researches/sources/os/illumos/illumos-gate/usr/src/uts/common/sys/ib/adapters/tavor/current_folder_research.md	15	15	0	ok
sources/os/illumos/illumos-gate/usr/src/uts/common/sys/ib/clients/daplt	Docs/researches/sources/os/illumos/illumos-gate/usr/src/uts/common/sys/ib/clients/daplt/current_folder_research.md	2	2	0	ok
sources/os/illumos/illumos-gate/usr/src/uts/common/sys/ib/clients/eoib	Docs/researches/sources/os/illumos/illumos-gate/usr/src/uts/common/sys/ib/clients/eoib/current_folder_research.md	4	4	0	ok
sources/os/illumos/illumos-gate/usr/src/uts/common/sys/ib/clients/ibd	Docs/researches/sources/os/illumos/illumos-gate/usr/src/uts/common/sys/ib/clients/ibd/current_folder_research.md	1	1	0	ok
sources/os/illumos/illumos-gate/usr/src/uts/common/sys/ib/clients/iser	Docs/researches/sources/os/illumos/illumos-gate/usr/src/uts/common/sys/ib/clients/iser/current_folder_research.md	6	6	0	ok
sources/os/illumos/illumos-gate/usr/src/uts/common/sys/ib/clients/of	Docs/researches/sources/os/illumos/illumos-gate/usr/src/uts/common/sys/ib/clients/of/current_folder_research.md	2	22	5	ok
sources/os/illumos/illumos-gate/usr/src/uts/common/sys/ib/clients/rds	Docs/researches/sources/os/illumos/illumos-gate/usr/src/uts/common/sys/ib/clients/rds/current_folder_research.md	10	10	0	ok
sources/os/illumos/illumos-gate/usr/src/uts/common/sys/ib/clients/rdsv3	Docs/researches/sources/os/illumos/illumos-gate/usr/src/uts/common/sys/ib/clients/rdsv3/current_folder_research.md	11	11	0	ok
sources/os/illumos/illumos-gate/usr/src/uts/common/sys/ib/ibtl/impl	Docs/researches/sources/os/illumos/illumos-gate/usr/src/uts/common/sys/ib/ibtl/impl/current_folder_research.md	4	4	0	ok
sources/os/illumos/illumos-gate/usr/src/uts/common/sys/ib/mgt/ibcm	Docs/researches/sources/os/illumos/illumos-gate/usr/src/uts/common/sys/ib/mgt/ibcm/current_folder_research.md	3	3	0	ok
sources/os/illumos/illumos-gate/usr/src/uts/common/sys/ib/mgt/ibdm	Docs/researches/sources/os/illumos/illumos-gate/usr/src/uts/common/sys/ib/mgt/ibdm/current_folder_research.md	2	2	0	ok
sources/os/illumos/illumos-gate/usr/src/uts/common/sys/ib/mgt/ibdma	Docs/researches/sources/os/illumos/illumos-gate/usr/src/uts/common/sys/ib/mgt/ibdma/current_folder_research.md	2	2	0	ok
sources/os/illumos/illumos-gate/usr/src/uts/common/sys/ib/mgt/ibmf	Docs/researches/sources/os/illumos/illumos-gate/usr/src/uts/common/sys/ib/mgt/ibmf/current_folder_research.md	10	10	0	ok
sources/os/illumos/illumos-gate/usr/src/uts/common/sys/sata/adapters/ahci	Docs/researches/sources/os/illumos/illumos-gate/usr/src/uts/common/sys/sata/adapters/ahci/current_folder_research.md	3	3	0	ok
sources/os/illumos/illumos-gate/usr/src/uts/common/sys/sata/adapters/nv_sata	Docs/researches/sources/os/illumos/illumos-gate/usr/src/uts/common/sys/sata/adapters/nv_sata/current_folder_research.md	2	2	0	ok
sources/os/illumos/illumos-gate/usr/src/uts/common/sys/sata/adapters/si3124	Docs/researches/sources/os/illumos/illumos-gate/usr/src/uts/common/sys/sata/adapters/si3124/current_folder_research.md	2	2	0	ok
sources/os/illumos/illumos-gate/usr/src/uts/common/sys/scsi/adapters/mfi	Docs/researches/sources/os/illumos/illumos-gate/usr/src/uts/common/sys/scsi/adapters/mfi/current_folder_research.md	6	6	0	ok
sources/os/illumos/illumos-gate/usr/src/uts/common/sys/scsi/adapters/mpi	Docs/researches/sources/os/illumos/illumos-gate/usr/src/uts/common/sys/scsi/adapters/mpi/current_folder_research.md	11	11	0	ok
sources/os/illumos/illumos-gate/usr/src/uts/common/sys/scsi/adapters/mpt_sas	Docs/researches/sources/os/illumos/illumos-gate/usr/src/uts/common/sys/scsi/adapters/mpt_sas/current_folder_research.md	3	3	0	ok
sources/os/illumos/illumos-gate/usr/src/uts/common/sys/scsi/adapters/pmcs	Docs/researches/sources/os/illumos/illumos-gate/usr/src/uts/common/sys/scsi/adapters/pmcs/current_folder_research.md	14	14	0	ok
sources/os/illumos/illumos-gate/usr/src/uts/common/sys/scsi/adapters/smrt	Docs/researches/sources/os/illumos/illumos-gate/usr/src/uts/common/sys/scsi/adapters/smrt/current_folder_research.md	3	3	0	ok
sources/os/illumos/illumos-gate/usr/src/uts/common/sys/usb/clients/audio	Docs/researches/sources/os/illumos/illumos-gate/usr/src/uts/common/sys/usb/clients/audio/current_folder_research.md	2	5	3	ok
sources/os/illumos/illumos-gate/usr/src/uts/common/sys/usb/clients/ccid	Docs/researches/sources/os/illumos/illumos-gate/usr/src/uts/common/sys/usb/clients/ccid/current_folder_research.md	2	2	0	ok
sources/os/illumos/illumos-gate/usr/src/uts/common/sys/usb/clients/hid	Docs/researches/sources/os/illumos/illumos-gate/usr/src/uts/common/sys/usb/clients/hid/current_folder_research.md	4	4	0	ok
sources/os/illumos/illumos-gate/usr/src/uts/common/sys/usb/clients/hidparser	Docs/researches/sources/os/illumos/illumos-gate/usr/src/uts/common/sys/usb/clients/hidparser/current_folder_research.md	3	3	0	ok
sources/os/illumos/illumos-gate/usr/src/uts/common/sys/usb/clients/mass_storage	Docs/researches/sources/os/illumos/illumos-gate/usr/src/uts/common/sys/usb/clients/mass_storage/current_folder_research.md	2	2	0	ok
sources/os/illumos/illumos-gate/usr/src/uts/common/sys/usb/clients/printer	Docs/researches/sources/os/illumos/illumos-gate/usr/src/uts/common/sys/usb/clients/printer/current_folder_research.md	2	2	0	ok
sources/os/illumos/illumos-gate/usr/src/uts/common/sys/usb/clients/ugen	Docs/researches/sources/os/illumos/illumos-gate/usr/src/uts/common/sys/usb/clients/ugen/current_folder_research.md	2	2	0	ok
sources/os/illumos/illumos-gate/usr/src/uts/common/sys/usb/clients/usbcdc	Docs/researches/sources/os/illumos/illumos-gate/usr/src/uts/common/sys/usb/clients/usbcdc/current_folder_research.md	1	1	0	ok
sources/os/illumos/illumos-gate/usr/src/uts/common/sys/usb/clients/usbecm	Docs/researches/sources/os/illumos/illumos-gate/usr/src/uts/common/sys/usb/clients/usbecm/current_folder_research.md	1	1	0	ok
sources/os/illumos/illumos-gate/usr/src/uts/common/sys/usb/clients/usbinput	Docs/researches/sources/os/illumos/illumos-gate/usr/src/uts/common/sys/usb/clients/usbinput/current_folder_research.md	0	1	1	ok
sources/os/illumos/illumos-gate/usr/src/uts/common/sys/usb/clients/usbkbm	Docs/researches/sources/os/illumos/illumos-gate/usr/src/uts/common/sys/usb/clients/usbkbm/current_folder_research.md	1	1	0	ok
sources/os/illumos/illumos-gate/usr/src/uts/common/sys/usb/clients/usbms	Docs/researches/sources/os/illumos/illumos-gate/usr/src/uts/common/sys/usb/clients/usbms/current_folder_research.md	1	1	0	ok
sources/os/illumos/illumos-gate/usr/src/uts/common/sys/usb/clients/usbser	Docs/researches/sources/os/illumos/illumos-gate/usr/src/uts/common/sys/usb/clients/usbser/current_folder_research.md	4	14	4	ok
sources/os/illumos/illumos-gate/usr/src/uts/common/sys/usb/clients/usbskel	Docs/researches/sources/os/illumos/illumos-gate/usr/src/uts/common/sys/usb/clients/usbskel/current_folder_research.md	1	1	0	ok
sources/os/illumos/illumos-gate/usr/src/uts/common/sys/usb/clients/video	Docs/researches/sources/os/illumos/illumos-gate/usr/src/uts/common/sys/usb/clients/video/current_folder_research.md	0	2	1	ok
sources/os/illumos/illumos-gate/usr/src/uts/common/sys/usb/hcd/ehci	Docs/researches/sources/os/illumos/illumos-gate/usr/src/uts/common/sys/usb/hcd/ehci/current_folder_research.md	9	9	0	ok
sources/os/illumos/illumos-gate/usr/src/uts/common/sys/usb/hcd/openhci	Docs/researches/sources/os/illumos/illumos-gate/usr/src/uts/common/sys/usb/hcd/openhci/current_folder_research.md	4	4	0	ok
sources/os/illumos/illumos-gate/usr/src/uts/common/sys/usb/hcd/uhci	Docs/researches/sources/os/illumos/illumos-gate/usr/src/uts/common/sys/usb/hcd/uhci/current_folder_research.md	6	6	0	ok
sources/os/illumos/illumos-gate/usr/src/uts/common/sys/usb/hcd/xhci	Docs/researches/sources/os/illumos/illumos-gate/usr/src/uts/common/sys/usb/hcd/xhci/current_folder_research.md	3	3	0	ok
sources/os/illumos/illumos-gate/usr/src/uts/common/sys/ib/clients/of/rdma	Docs/researches/sources/os/illumos/illumos-gate/usr/src/uts/common/sys/ib/clients/of/rdma/current_folder_research.md	7	7	0	ok
sources/os/illumos/illumos-gate/usr/src/uts/common/sys/ib/clients/of/sol_ofs	Docs/researches/sources/os/illumos/illumos-gate/usr/src/uts/common/sys/ib/clients/of/sol_ofs/current_folder_research.md	4	4	0	ok
sources/os/illumos/illumos-gate/usr/src/uts/common/sys/ib/clients/of/sol_ucma	Docs/researches/sources/os/illumos/illumos-gate/usr/src/uts/common/sys/ib/clients/of/sol_ucma/current_folder_research.md	2	2	0	ok
sources/os/illumos/illumos-gate/usr/src/uts/common/sys/ib/clients/of/sol_umad	Docs/researches/sources/os/illumos/illumos-gate/usr/src/uts/common/sys/ib/clients/of/sol_umad/current_folder_research.md	1	1	0	ok
sources/os/illumos/illumos-gate/usr/src/uts/common/sys/ib/clients/of/sol_uverbs	Docs/researches/sources/os/illumos/illumos-gate/usr/src/uts/common/sys/ib/clients/of/sol_uverbs/current_folder_research.md	6	6	0	ok
sources/os/illumos/illumos-gate/usr/src/uts/common/sys/usb/clients/audio/usb_ac	Docs/researches/sources/os/illumos/illumos-gate/usr/src/uts/common/sys/usb/clients/audio/usb_ac/current_folder_research.md	1	1	0	ok
sources/os/illumos/illumos-gate/usr/src/uts/common/sys/usb/clients/audio/usb_ah	Docs/researches/sources/os/illumos/illumos-gate/usr/src/uts/common/sys/usb/clients/audio/usb_ah/current_folder_research.md	1	1	0	ok
sources/os/illumos/illumos-gate/usr/src/uts/common/sys/usb/clients/audio/usb_as	Docs/researches/sources/os/illumos/illumos-gate/usr/src/uts/common/sys/usb/clients/audio/usb_as/current_folder_research.md	1	1	0	ok
sources/os/illumos/illumos-gate/usr/src/uts/common/sys/usb/clients/usbinput/usbwcm	Docs/researches/sources/os/illumos/illumos-gate/usr/src/uts/common/sys/usb/clients/usbinput/usbwcm/current_folder_research.md	1	1	0	ok
sources/os/illumos/illumos-gate/usr/src/uts/common/sys/usb/clients/usbser/usbftdi	Docs/researches/sources/os/illumos/illumos-gate/usr/src/uts/common/sys/usb/clients/usbser/usbftdi/current_folder_research.md	2	2	0	ok
sources/os/illumos/illumos-gate/usr/src/uts/common/sys/usb/clients/usbser/usbsacm	Docs/researches/sources/os/illumos/illumos-gate/usr/src/uts/common/sys/usb/clients/usbser/usbsacm/current_folder_research.md	1	1	0	ok
sources/os/illumos/illumos-gate/usr/src/uts/common/sys/usb/clients/usbser/usbser_keyspan	Docs/researches/sources/os/illumos/illumos-gate/usr/src/uts/common/sys/usb/clients/usbser/usbser_keyspan/current_folder_research.md	5	5	0	ok
sources/os/illumos/illumos-gate/usr/src/uts/common/sys/usb/clients/usbser/usbsprl	Docs/researches/sources/os/illumos/illumos-gate/usr/src/uts/common/sys/usb/clients/usbser/usbsprl/current_folder_research.md	2	2	0	ok
sources/os/illumos/illumos-gate/usr/src/uts/common/sys/usb/clients/video/usbvc	Docs/researches/sources/os/illumos/illumos-gate/usr/src/uts/common/sys/usb/clients/video/usbvc/current_folder_research.md	2	2	0	ok
