work_id	kind	output_path	source_label	source_count	input_bytes	lines	status
chunk_sources_block_storage_linux_dm_drivers_md_md_c_1_1_9804_57126c18ec71	CHUNK	Docs/researches/chunks/chunk_sources_block_storage_linux_dm_drivers_md_md_c_1_1_9804_57126c18ec71_research.md	sources/block-storage/linux-dm/drivers/md/md.c:1-9804	1	262137	9804	ok
chunk_sources_block_storage_linux_dm_drivers_md_md_c_2_9805_9951_21bffa5c4034	CHUNK	Docs/researches/chunks/chunk_sources_block_storage_linux_dm_drivers_md_md_c_2_9805_9951_21bffa5c4034_research.md	sources/block-storage/linux-dm/drivers/md/md.c:9805-9951	1	3723	147	ok
chunk_sources_block_storage_lvm2_lib_metadata_lv_manip_c_1_1_8704_40ee88714cc3	CHUNK	Docs/researches/chunks/chunk_sources_block_storage_lvm2_lib_metadata_lv_manip_c_1_1_8704_40ee88714cc3_research.md	sources/block-storage/lvm2/lib/metadata/lv_manip.c:1-8704	1	262125	8704	ok
chunk_sources_block_storage_lvm2_lib_metadata_lv_manip_c_2_8705_10224_419d11165acf	CHUNK	Docs/researches/chunks/chunk_sources_block_storage_lvm2_lib_metadata_lv_manip_c_2_8705_10224_419d11165acf_research.md	sources/block-storage/lvm2/lib/metadata/lv_manip.c:8705-10224	1	47037	1520	ok
chunk_sources_block_storage_mdadm_super_intel_c_1_1_9958_3eeee6bd3e54	CHUNK	Docs/researches/chunks/chunk_sources_block_storage_mdadm_super_intel_c_1_1_9958_3eeee6bd3e54_research.md	sources/block-storage/mdadm/super-intel.c:1-9958	1	262105	9958	ok
chunk_sources_block_storage_mdadm_super_intel_c_2_9959_13343_47434f495d98	CHUNK	Docs/researches/chunks/chunk_sources_block_storage_mdadm_super_intel_c_2_9959_13343_47434f495d98_research.md	sources/block-storage/mdadm/super-intel.c:9959-13343	1	96448	3385	ok
chunk_sources_cow_pools_bcachefs_tools_linux_unicode_utf8data_c_1_1_3268_fe075f187e2d	CHUNK	Docs/researches/chunks/chunk_sources_cow_pools_bcachefs_tools_linux_unicode_utf8data_c_1_1_3268_fe075f187e2d_research.md	sources/cow-pools/bcachefs-tools/linux/unicode/utf8data.c:1-3268	1	262070	3268	ok
chunk_sources_cow_pools_bcachefs_tools_linux_unicode_utf8data_c_2_3269_4124_1c474454cf03	CHUNK	Docs/researches/chunks/chunk_sources_cow_pools_bcachefs_tools_linux_unicode_utf8data_c_2_3269_4124_1c474454cf03_research.md	sources/cow-pools/bcachefs-tools/linux/unicode/utf8data.c:3269-4124	1	69216	856	ok
chunk_sources_cow_pools_bcachefs_tools_raid_tables_c_1_1_5550_593a78c75e17	CHUNK	Docs/researches/chunks/chunk_sources_cow_pools_bcachefs_tools_raid_tables_c_1_1_5550_593a78c75e17_research.md	sources/cow-pools/bcachefs-tools/raid/tables.c:1-5550	1	262115	5550	ok
chunk_sources_cow_pools_bcachefs_tools_raid_tables_c_2_5551_10950_5457c1428a40	CHUNK	Docs/researches/chunks/chunk_sources_cow_pools_bcachefs_tools_raid_tables_c_2_5551_10950_5457c1428a40_research.md	sources/cow-pools/bcachefs-tools/raid/tables.c:5551-10950	1	262044	5400	ok
chunk_sources_cow_pools_bcachefs_tools_raid_tables_c_3_10951_14696_0327d36dcc0b	CHUNK	Docs/researches/chunks/chunk_sources_cow_pools_bcachefs_tools_raid_tables_c_3_10951_14696_0327d36dcc0b_research.md	sources/cow-pools/bcachefs-tools/raid/tables.c:10951-14696	1	184636	3746	ok
chunk_sources_cow_pools_openzfs_cmd_zpool_zpool_main_c_1_1_9956_f84ed2fad383	CHUNK	Docs/researches/chunks/chunk_sources_cow_pools_openzfs_cmd_zpool_zpool_main_c_1_1_9956_f84ed2fad383_research.md	sources/cow-pools/openzfs/cmd/zpool/zpool_main.c:1-9956	1	262134	9956	ok
chunk_sources_cow_pools_openzfs_cmd_zpool_zpool_main_c_2_9957_13962_6f1c50fe1d65	CHUNK	Docs/researches/chunks/chunk_sources_cow_pools_openzfs_cmd_zpool_zpool_main_c_2_9957_13962_6f1c50fe1d65_research.md	sources/cow-pools/openzfs/cmd/zpool/zpool_main.c:9957-13962	1	109863	4006	ok
chunk_sources_cow_pools_openzfs_module_zfs_arc_c_1_1_8086_74cfd49eec7d	CHUNK	Docs/researches/chunks/chunk_sources_cow_pools_openzfs_module_zfs_arc_c_1_1_8086_74cfd49eec7d_research.md	sources/cow-pools/openzfs/module/zfs/arc.c:1-8086	1	262123	8086	ok
chunk_sources_cow_pools_openzfs_module_zfs_arc_c_2_8087_11797_914698d03929	CHUNK	Docs/researches/chunks/chunk_sources_cow_pools_openzfs_module_zfs_arc_c_2_8087_11797_914698d03929_research.md	sources/cow-pools/openzfs/module/zfs/arc.c:8087-11797	1	116009	3711	ok
chunk_sources_cow_pools_openzfs_module_zfs_spa_c_1_1_9129_9ff803a65085	CHUNK	Docs/researches/chunks/chunk_sources_cow_pools_openzfs_module_zfs_spa_c_1_1_9129_9ff803a65085_research.md	sources/cow-pools/openzfs/module/zfs/spa.c:1-9129	1	262084	9129	ok
chunk_sources_cow_pools_openzfs_module_zfs_spa_c_2_9130_11868_66790b2ff35c	CHUNK	Docs/researches/chunks/chunk_sources_cow_pools_openzfs_module_zfs_spa_c_2_9130_11868_66790b2ff35c_research.md	sources/cow-pools/openzfs/module/zfs/spa.c:9130-11868	1	78596	2739	ok
chunk_sources_local_fs_btrfs_linux_fs_btrfs_inode_c_1_1_8840_c02e9cd2b428	CHUNK	Docs/researches/chunks/chunk_sources_local_fs_btrfs_linux_fs_btrfs_inode_c_1_1_8840_c02e9cd2b428_research.md	sources/local-fs/btrfs-linux/fs/btrfs/inode.c:1-8840	1	262079	8840	ok
chunk_sources_local_fs_btrfs_linux_fs_btrfs_inode_c_2_8841_10805_c03661321e47	CHUNK	Docs/researches/chunks/chunk_sources_local_fs_btrfs_linux_fs_btrfs_inode_c_2_8841_10805_c03661321e47_research.md	sources/local-fs/btrfs-linux/fs/btrfs/inode.c:8841-10805	1	56053	1965	ok
chunk_sources_local_fs_btrfs_progs_check_main_c_1_1_10053_2da56e08050c	CHUNK	Docs/researches/chunks/chunk_sources_local_fs_btrfs_progs_check_main_c_1_1_10053_2da56e08050c_research.md	sources/local-fs/btrfs-progs/check/main.c:1-10053	1	262134	10053	ok
chunk_sources_local_fs_btrfs_progs_check_main_c_2_10054_11197_cfa2d051d725	CHUNK	Docs/researches/chunks/chunk_sources_local_fs_btrfs_progs_check_main_c_2_10054_11197_cfa2d051d725_research.md	sources/local-fs/btrfs-progs/check/main.c:10054-11197	1	31395	1144	ok
chunk_sources_local_fs_btrfs_progs_kernel_lib_tables_c_1_1_5550_75501801234d	CHUNK	Docs/researches/chunks/chunk_sources_local_fs_btrfs_progs_kernel_lib_tables_c_1_1_5550_75501801234d_research.md	sources/local-fs/btrfs-progs/kernel-lib/tables.c:1-5550	1	262135	5550	ok
chunk_sources_local_fs_btrfs_progs_kernel_lib_tables_c_2_5551_10362_216240e207a8	CHUNK	Docs/researches/chunks/chunk_sources_local_fs_btrfs_progs_kernel_lib_tables_c_2_5551_10362_216240e207a8_research.md	sources/local-fs/btrfs-progs/kernel-lib/tables.c:5551-10362	1	207309	4812	ok
chunk_sources_local_fs_e2fsprogs_lib_ext2fs_utf8data_h_1_1_3269_2bb4d7e366be	CHUNK	Docs/researches/chunks/chunk_sources_local_fs_e2fsprogs_lib_ext2fs_utf8data_h_1_1_3269_2bb4d7e366be_research.md	sources/local-fs/e2fsprogs/lib/ext2fs/utf8data.h:1-3269	1	262143	3269	ok
chunk_sources_local_fs_e2fsprogs_lib_ext2fs_utf8data_h_2_3270_4109_8951243e34b4	CHUNK	Docs/researches/chunks/chunk_sources_local_fs_e2fsprogs_lib_ext2fs_utf8data_h_2_3270_4109_8951243e34b4_research.md	sources/local-fs/e2fsprogs/lib/ext2fs/utf8data.h:3270-4109	1	68800	840	ok
chunk_sources_local_fs_kdave_linux_fs_btrfs_inode_c_1_1_8840_bde2cc1717a7	CHUNK	Docs/researches/chunks/chunk_sources_local_fs_kdave_linux_fs_btrfs_inode_c_1_1_8840_bde2cc1717a7_research.md	sources/local-fs/kdave-linux/fs/btrfs/inode.c:1-8840	1	262079	8840	ok
chunk_sources_local_fs_kdave_linux_fs_btrfs_inode_c_2_8841_10805_a31ddc542c3e	CHUNK	Docs/researches/chunks/chunk_sources_local_fs_kdave_linux_fs_btrfs_inode_c_2_8841_10805_a31ddc542c3e_research.md	sources/local-fs/kdave-linux/fs/btrfs/inode.c:8841-10805	1	56053	1965	ok
chunk_sources_local_fs_squashfs_tools_squashfs_tools_mksquashfs_c_1_1_9091_b669f446f92f	CHUNK	Docs/researches/chunks/chunk_sources_local_fs_squashfs_tools_squashfs_tools_mksquashfs_c_1_1_9091_b669f446f92f_research.md	sources/local-fs/squashfs-tools/squashfs-tools/mksquashfs.c:1-9091	1	262135	9091	ok
chunk_sources_local_fs_squashfs_tools_squashfs_tools_mksquashfs_c_2_9092_9227_e2e416a10caa	CHUNK	Docs/researches/chunks/chunk_sources_local_fs_squashfs_tools_squashfs_tools_mksquashfs_c_2_9092_9227_e2e416a10caa_research.md	sources/local-fs/squashfs-tools/squashfs-tools/mksquashfs.c:9092-9227	1	3892	136	ok
chunk_sources_os_bsd_freebsd_src_sbin_camcontrol_camcontrol_c_1_1_10176_dc522f0a1b7b	CHUNK	Docs/researches/chunks/chunk_sources_os_bsd_freebsd_src_sbin_camcontrol_camcontrol_c_1_1_10176_dc522f0a1b7b_research.md	sources/os/bsd/freebsd-src/sbin/camcontrol/camcontrol.c:1-10176	1	262134	10176	ok
chunk_sources_os_bsd_freebsd_src_sbin_camcontrol_camcontrol_c_2_10177_10823_ae1bc8d8b3e7	CHUNK	Docs/researches/chunks/chunk_sources_os_bsd_freebsd_src_sbin_camcontrol_camcontrol_c_2_10177_10823_ae1bc8d8b3e7_research.md	sources/os/bsd/freebsd-src/sbin/camcontrol/camcontrol.c:10177-10823	1	24058	647	ok
chunk_sources_os_bsd_freebsd_src_sys_fs_nfsclient_nfs_clrpcops_c_1_1_8651_6f1131018eac	CHUNK	Docs/researches/chunks/chunk_sources_os_bsd_freebsd_src_sys_fs_nfsclient_nfs_clrpcops_c_1_1_8651_6f1131018eac_research.md	sources/os/bsd/freebsd-src/sys/fs/nfsclient/nfs_clrpcops.c:1-8651	1	262123	8651	ok
chunk_sources_os_bsd_freebsd_src_sys_fs_nfsclient_nfs_clrpcops_c_2_8652_9979_6867bbc367d5	CHUNK	Docs/researches/chunks/chunk_sources_os_bsd_freebsd_src_sys_fs_nfsclient_nfs_clrpcops_c_2_8652_9979_6867bbc367d5_research.md	sources/os/bsd/freebsd-src/sys/fs/nfsclient/nfs_clrpcops.c:8652-9979	1	39746	1328	ok
chunk_sources_os_bsd_freebsd_src_sys_ufs_ffs_ffs_softdep_c_1_1_8878_8237500410aa	CHUNK	Docs/researches/chunks/chunk_sources_os_bsd_freebsd_src_sys_ufs_ffs_ffs_softdep_c_1_1_8878_8237500410aa_research.md	sources/os/bsd/freebsd-src/sys/ufs/ffs/ffs_softdep.c:1-8878	1	262108	8878	ok
chunk_sources_os_bsd_freebsd_src_sys_ufs_ffs_ffs_softdep_c_2_8879_15020_27b5e3ebbd0b	CHUNK	Docs/researches/chunks/chunk_sources_os_bsd_freebsd_src_sys_ufs_ffs_ffs_softdep_c_2_8879_15020_27b5e3ebbd0b_research.md	sources/os/bsd/freebsd-src/sys/ufs/ffs/ffs_softdep.c:8879-15020	1	176949	6142	ok
chunk_sources_os_bsd_openbsd_src_sbin_unwind_libunbound_services_authzone_c_1__e93fdf9bc36e	CHUNK	Docs/researches/chunks/chunk_sources_os_bsd_openbsd_src_sbin_unwind_libunbound_services_authzone_c_1__e93fdf9bc36e_research.md	sources/os/bsd/openbsd-src/sbin/unwind/libunbound/services/authzone.c:1-8713	1	262124	8713	ok
chunk_sources_os_bsd_openbsd_src_sbin_unwind_libunbound_services_authzone_c_2__675bbb0bf2bb	CHUNK	Docs/researches/chunks/chunk_sources_os_bsd_openbsd_src_sbin_unwind_libunbound_services_authzone_c_2__675bbb0bf2bb_research.md	sources/os/bsd/openbsd-src/sbin/unwind/libunbound/services/authzone.c:8714-8828	1	2592	115	ok
chunk_sources_os_bsd_openbsd_src_sbin_unwind_libunbound_util_configlexer_c_1_1_20bcb5e4d4cd	CHUNK	Docs/researches/chunks/chunk_sources_os_bsd_openbsd_src_sbin_unwind_libunbound_util_configlexer_c_1_1_20bcb5e4d4cd_research.md	sources/os/bsd/openbsd-src/sbin/unwind/libunbound/util/configlexer.c:1-6092	1	262094	6092	ok
chunk_sources_os_bsd_openbsd_src_sbin_unwind_libunbound_util_configlexer_c_2_6_0609077b87e2	CHUNK	Docs/researches/chunks/chunk_sources_os_bsd_openbsd_src_sbin_unwind_libunbound_util_configlexer_c_2_6_0609077b87e2_research.md	sources/os/bsd/openbsd-src/sbin/unwind/libunbound/util/configlexer.c:6093-7274	1	29498	1182	ok
chunk_sources_os_bsd_openbsd_src_sys_sys_videoio_h_1_1_6358_a715135f0b62	CHUNK	Docs/researches/chunks/chunk_sources_os_bsd_openbsd_src_sys_sys_videoio_h_1_1_6358_a715135f0b62_research.md	sources/os/bsd/openbsd-src/sys/sys/videoio.h:1-6358	1	262131	6358	ok
chunk_sources_os_bsd_openbsd_src_sys_sys_videoio_h_2_6359_6403_a2f70d6088b3	CHUNK	Docs/researches/chunks/chunk_sources_os_bsd_openbsd_src_sys_sys_videoio_h_2_6359_6403_a2f70d6088b3_research.md	sources/os/bsd/openbsd-src/sys/sys/videoio.h:6359-6403	1	2126	45	ok
chunk_sources_os_darwin_xnu_bsd_vfs_vfs_subr_c_1_1_10231_605ae2fbb88b	CHUNK	Docs/researches/chunks/chunk_sources_os_darwin_xnu_bsd_vfs_vfs_subr_c_1_1_10231_605ae2fbb88b_research.md	sources/os/darwin/xnu/bsd/vfs/vfs_subr.c:1-10231	1	262134	10231	ok
chunk_sources_os_darwin_xnu_bsd_vfs_vfs_subr_c_2_10232_13491_40d0f45d4e4a	CHUNK	Docs/researches/chunks/chunk_sources_os_darwin_xnu_bsd_vfs_vfs_subr_c_2_10232_13491_40d0f45d4e4a_research.md	sources/os/darwin/xnu/bsd/vfs/vfs_subr.c:10232-13491	1	83822	3260	ok
chunk_sources_os_darwin_xnu_bsd_vfs_vfs_syscalls_c_1_1_10623_ad421c1aa666	CHUNK	Docs/researches/chunks/chunk_sources_os_darwin_xnu_bsd_vfs_vfs_syscalls_c_1_1_10623_ad421c1aa666_research.md	sources/os/darwin/xnu/bsd/vfs/vfs_syscalls.c:1-10623	1	262116	10623	ok
chunk_sources_os_darwin_xnu_bsd_vfs_vfs_syscalls_c_2_10624_15325_555ad9b0c7d7	CHUNK	Docs/researches/chunks/chunk_sources_os_darwin_xnu_bsd_vfs_vfs_syscalls_c_2_10624_15325_555ad9b0c7d7_research.md	sources/os/darwin/xnu/bsd/vfs/vfs_syscalls.c:10624-15325	1	122055	4702	ok
chunk_sources_os_illumos_illumos_gate_usr_src_uts_common_fs_nfs_nfs4_srv_c_1_1_aaf06cf9ec1f	CHUNK	Docs/researches/chunks/chunk_sources_os_illumos_illumos_gate_usr_src_uts_common_fs_nfs_nfs4_srv_c_1_1_aaf06cf9ec1f_research.md	sources/os/illumos/illumos-gate/usr/src/uts/common/fs/nfs/nfs4_srv.c:1-10241	1	262093	10241	ok
chunk_sources_os_illumos_illumos_gate_usr_src_uts_common_fs_nfs_nfs4_srv_c_2_1_f573cab820d6	CHUNK	Docs/researches/chunks/chunk_sources_os_illumos_illumos_gate_usr_src_uts_common_fs_nfs_nfs4_srv_c_2_1_f573cab820d6_research.md	sources/os/illumos/illumos-gate/usr/src/uts/common/fs/nfs/nfs4_srv.c:10242-10676	1	10556	435	ok
chunk_sources_os_illumos_illumos_gate_usr_src_uts_common_fs_nfs_nfs4_vnops_c_1_473a3c3ffae8	CHUNK	Docs/researches/chunks/chunk_sources_os_illumos_illumos_gate_usr_src_uts_common_fs_nfs_nfs4_vnops_c_1_473a3c3ffae8_research.md	sources/os/illumos/illumos-gate/usr/src/uts/common/fs/nfs/nfs4_vnops.c:1-9830	1	262136	9830	ok
chunk_sources_os_illumos_illumos_gate_usr_src_uts_common_fs_nfs_nfs4_vnops_c_2_a52383817e0a	CHUNK	Docs/researches/chunks/chunk_sources_os_illumos_illumos_gate_usr_src_uts_common_fs_nfs_nfs4_vnops_c_2_a52383817e0a_research.md	sources/os/illumos/illumos-gate/usr/src/uts/common/fs/nfs/nfs4_vnops.c:9831-16006	1	167484	6176	ok
chunk_sources_os_illumos_illumos_gate_usr_src_uts_common_fs_zfs_arc_c_1_1_8413_77d747229b5c	CHUNK	Docs/researches/chunks/chunk_sources_os_illumos_illumos_gate_usr_src_uts_common_fs_zfs_arc_c_1_1_8413_77d747229b5c_research.md	sources/os/illumos/illumos-gate/usr/src/uts/common/fs/zfs/arc.c:1-8413	1	262128	8413	ok
chunk_sources_os_illumos_illumos_gate_usr_src_uts_common_fs_zfs_arc_c_2_8414_1_814f185db0d5	CHUNK	Docs/researches/chunks/chunk_sources_os_illumos_illumos_gate_usr_src_uts_common_fs_zfs_arc_c_2_8414_1_814f185db0d5_research.md	sources/os/illumos/illumos-gate/usr/src/uts/common/fs/zfs/arc.c:8414-10052	1	49975	1639	ok
chunk_sources_os_illumos_illumos_gate_usr_src_uts_common_sys_fibre_channel_fca_01aae6e89a4b	CHUNK	Docs/researches/chunks/chunk_sources_os_illumos_illumos_gate_usr_src_uts_common_sys_fibre_channel_fca_01aae6e89a4b_research.md	sources/os/illumos/illumos-gate/usr/src/uts/common/sys/fibre-channel/fca/emlxs/fw_lpe11000.h:69695-70884	1	92915	1190	ok
chunk_sources_os_illumos_illumos_gate_usr_src_uts_common_sys_fibre_channel_fca_03b66d183016	CHUNK	Docs/researches/chunks/chunk_sources_os_illumos_illumos_gate_usr_src_uts_common_sys_fibre_channel_fca_03b66d183016_research.md	sources/os/illumos/illumos-gate/usr/src/uts/common/sys/fibre-channel/fca/emlxs/fw_lpe12000.h:6653-9970	1	262122	3318	ok
chunk_sources_os_illumos_illumos_gate_usr_src_uts_common_sys_fibre_channel_fca_048cf4902ee9	CHUNK	Docs/researches/chunks/chunk_sources_os_illumos_illumos_gate_usr_src_uts_common_sys_fibre_channel_fca_048cf4902ee9_research.md	sources/os/illumos/illumos-gate/usr/src/uts/common/sys/fibre-channel/fca/emlxs/fw_lp10000.h:29880-33197	1	262122	3318	ok
chunk_sources_os_illumos_illumos_gate_usr_src_uts_common_sys_fibre_channel_fca_0b97296b2114	CHUNK	Docs/researches/chunks/chunk_sources_os_illumos_illumos_gate_usr_src_uts_common_sys_fibre_channel_fca_0b97296b2114_research.md	sources/os/illumos/illumos-gate/usr/src/uts/common/sys/fibre-channel/fca/emlxs/fw_lpe11002.h:59741-63058	1	262122	3318	ok
chunk_sources_os_illumos_illumos_gate_usr_src_uts_common_sys_fibre_channel_fca_0c8611eed281	CHUNK	Docs/researches/chunks/chunk_sources_os_illumos_illumos_gate_usr_src_uts_common_sys_fibre_channel_fca_0c8611eed281_research.md	sources/os/illumos/illumos-gate/usr/src/uts/common/sys/fibre-channel/fca/emlxs/fw_lpe11000.h:43151-46468	1	262122	3318	ok
chunk_sources_os_illumos_illumos_gate_usr_src_uts_common_sys_fibre_channel_fca_0e21932d98fe	CHUNK	Docs/researches/chunks/chunk_sources_os_illumos_illumos_gate_usr_src_uts_common_sys_fibre_channel_fca_0e21932d98fe_research.md	sources/os/illumos/illumos-gate/usr/src/uts/common/sys/fibre-channel/fca/emlxs/fw_lpe11000.h:63059-66376	1	262122	3318	ok
chunk_sources_os_illumos_illumos_gate_usr_src_uts_common_sys_fibre_channel_fca_108d43e7d513	CHUNK	Docs/researches/chunks/chunk_sources_os_illumos_illumos_gate_usr_src_uts_common_sys_fibre_channel_fca_108d43e7d513_research.md	sources/os/illumos/illumos-gate/usr/src/uts/common/sys/fibre-channel/fca/emlxs/fw_lp10000.h:33198-36515	1	262122	3318	ok
chunk_sources_os_illumos_illumos_gate_usr_src_uts_common_sys_fibre_channel_fca_10a2c7362ad1	CHUNK	Docs/researches/chunks/chunk_sources_os_illumos_illumos_gate_usr_src_uts_common_sys_fibre_channel_fca_10a2c7362ad1_research.md	sources/os/illumos/illumos-gate/usr/src/uts/common/sys/fibre-channel/fca/emlxs/fw_lpe11002.h:1-3334	1	262077	3334	ok
chunk_sources_os_illumos_illumos_gate_usr_src_uts_common_sys_fibre_channel_fca_11d467c7df1f	CHUNK	Docs/researches/chunks/chunk_sources_os_illumos_illumos_gate_usr_src_uts_common_sys_fibre_channel_fca_11d467c7df1f_research.md	sources/os/illumos/illumos-gate/usr/src/uts/common/sys/fibre-channel/fca/emlxs/fw_lp11002.h:1-3335	1	262144	3335	ok
chunk_sources_os_illumos_illumos_gate_usr_src_uts_common_sys_fibre_channel_fca_141a57fe56a9	CHUNK	Docs/researches/chunks/chunk_sources_os_illumos_illumos_gate_usr_src_uts_common_sys_fibre_channel_fca_141a57fe56a9_research.md	sources/os/illumos/illumos-gate/usr/src/uts/common/sys/fibre-channel/fca/emlxs/fw_lpe12000.h:53105-56422	1	262122	3318	ok
chunk_sources_os_illumos_illumos_gate_usr_src_uts_common_sys_fibre_channel_fca_14966e7a5c6e	CHUNK	Docs/researches/chunks/chunk_sources_os_illumos_illumos_gate_usr_src_uts_common_sys_fibre_channel_fca_14966e7a5c6e_research.md	sources/os/illumos/illumos-gate/usr/src/uts/common/sys/fibre-channel/fca/emlxs/fw_lp11002.h:23244-26561	1	262122	3318	ok
chunk_sources_os_illumos_illumos_gate_usr_src_uts_common_sys_fibre_channel_fca_1739d1b83eae	CHUNK	Docs/researches/chunks/chunk_sources_os_illumos_illumos_gate_usr_src_uts_common_sys_fibre_channel_fca_1739d1b83eae_research.md	sources/os/illumos/illumos-gate/usr/src/uts/common/sys/fibre-channel/fca/emlxs/fw_lp10000.h:1-3335	1	262144	3335	ok
chunk_sources_os_illumos_illumos_gate_usr_src_uts_common_sys_fibre_channel_fca_1a0d02d77b9b	CHUNK	Docs/researches/chunks/chunk_sources_os_illumos_illumos_gate_usr_src_uts_common_sys_fibre_channel_fca_1a0d02d77b9b_research.md	sources/os/illumos/illumos-gate/usr/src/uts/common/sys/fibre-channel/fca/emlxs/fw_lp11002.h:59742-63059	1	262122	3318	ok
chunk_sources_os_illumos_illumos_gate_usr_src_uts_common_sys_fibre_channel_fca_1f274bcab99d	CHUNK	Docs/researches/chunks/chunk_sources_os_illumos_illumos_gate_usr_src_uts_common_sys_fibre_channel_fca_1f274bcab99d_research.md	sources/os/illumos/illumos-gate/usr/src/uts/common/sys/fibre-channel/fca/emlxs/fw_lpe12000.h:59741-60332	1	45673	592	ok
chunk_sources_os_illumos_illumos_gate_usr_src_uts_common_sys_fibre_channel_fca_2072e76f3b80	CHUNK	Docs/researches/chunks/chunk_sources_os_illumos_illumos_gate_usr_src_uts_common_sys_fibre_channel_fca_2072e76f3b80_research.md	sources/os/illumos/illumos-gate/usr/src/uts/common/sys/fibre-channel/fca/emlxs/fw_lp11002.h:9972-13289	1	262122	3318	ok
chunk_sources_os_illumos_illumos_gate_usr_src_uts_common_sys_fibre_channel_fca_25aece8532a7	CHUNK	Docs/researches/chunks/chunk_sources_os_illumos_illumos_gate_usr_src_uts_common_sys_fibre_channel_fca_25aece8532a7_research.md	sources/os/illumos/illumos-gate/usr/src/uts/common/sys/fibre-channel/fca/emlxs/fw_lp10000.h:13290-16607	1	262122	3318	ok
chunk_sources_os_illumos_illumos_gate_usr_src_uts_common_sys_fibre_channel_fca_25c8b8a0eec9	CHUNK	Docs/researches/chunks/chunk_sources_os_illumos_illumos_gate_usr_src_uts_common_sys_fibre_channel_fca_25c8b8a0eec9_research.md	sources/os/illumos/illumos-gate/usr/src/uts/common/sys/fibre-channel/fca/emlxs/fw_lp11002.h:49788-53105	1	262122	3318	ok
chunk_sources_os_illumos_illumos_gate_usr_src_uts_common_sys_fibre_channel_fca_2700cfea40f8	CHUNK	Docs/researches/chunks/chunk_sources_os_illumos_illumos_gate_usr_src_uts_common_sys_fibre_channel_fca_2700cfea40f8_research.md	sources/os/illumos/illumos-gate/usr/src/uts/common/sys/fibre-channel/fca/emlxs/fw_lpe11000.h:23243-26560	1	262122	3318	ok
chunk_sources_os_illumos_illumos_gate_usr_src_uts_common_sys_fibre_channel_fca_289fbbfbb843	CHUNK	Docs/researches/chunks/chunk_sources_os_illumos_illumos_gate_usr_src_uts_common_sys_fibre_channel_fca_289fbbfbb843_research.md	sources/os/illumos/illumos-gate/usr/src/uts/common/sys/fibre-channel/fca/emlxs/fw_lp10000.h:39834-43151	1	262122	3318	ok
chunk_sources_os_illumos_illumos_gate_usr_src_uts_common_sys_fibre_channel_fca_291c2d232a54	CHUNK	Docs/researches/chunks/chunk_sources_os_illumos_illumos_gate_usr_src_uts_common_sys_fibre_channel_fca_291c2d232a54_research.md	sources/os/illumos/illumos-gate/usr/src/uts/common/sys/fibre-channel/fca/emlxs/fw_lpe11002.h:56423-59740	1	262122	3318	ok
chunk_sources_os_illumos_illumos_gate_usr_src_uts_common_sys_fibre_channel_fca_2b20707a306f	CHUNK	Docs/researches/chunks/chunk_sources_os_illumos_illumos_gate_usr_src_uts_common_sys_fibre_channel_fca_2b20707a306f_research.md	sources/os/illumos/illumos-gate/usr/src/uts/common/sys/fibre-channel/fca/emlxs/fw_lp11000.h:39834-43151	1	262122	3318	ok
chunk_sources_os_illumos_illumos_gate_usr_src_uts_common_sys_fibre_channel_fca_2cf47a5913e3	CHUNK	Docs/researches/chunks/chunk_sources_os_illumos_illumos_gate_usr_src_uts_common_sys_fibre_channel_fca_2cf47a5913e3_research.md	sources/os/illumos/illumos-gate/usr/src/uts/common/sys/fibre-channel/fca/emlxs/fw_lp11000.h:53106-56423	1	262122	3318	ok
chunk_sources_os_illumos_illumos_gate_usr_src_uts_common_sys_fibre_channel_fca_2d80dc46e11e	CHUNK	Docs/researches/chunks/chunk_sources_os_illumos_illumos_gate_usr_src_uts_common_sys_fibre_channel_fca_2d80dc46e11e_research.md	sources/os/illumos/illumos-gate/usr/src/uts/common/sys/fibre-channel/fca/emlxs/fw_lpe12000.h:3335-6652	1	262122	3318	ok
chunk_sources_os_illumos_illumos_gate_usr_src_uts_common_sys_fibre_channel_fca_2df9a81fa96a	CHUNK	Docs/researches/chunks/chunk_sources_os_illumos_illumos_gate_usr_src_uts_common_sys_fibre_channel_fca_2df9a81fa96a_research.md	sources/os/illumos/illumos-gate/usr/src/uts/common/sys/fibre-channel/fca/emlxs/fw_lpe11002.h:6653-9970	1	262122	3318	ok
chunk_sources_os_illumos_illumos_gate_usr_src_uts_common_sys_fibre_channel_fca_2eb8295efe71	CHUNK	Docs/researches/chunks/chunk_sources_os_illumos_illumos_gate_usr_src_uts_common_sys_fibre_channel_fca_2eb8295efe71_research.md	sources/os/illumos/illumos-gate/usr/src/uts/common/sys/fibre-channel/fca/emlxs/fw_lp11000.h:56424-59741	1	262122	3318	ok
chunk_sources_os_illumos_illumos_gate_usr_src_uts_common_sys_fibre_channel_fca_2ef8cc70cb38	CHUNK	Docs/researches/chunks/chunk_sources_os_illumos_illumos_gate_usr_src_uts_common_sys_fibre_channel_fca_2ef8cc70cb38_research.md	sources/os/illumos/illumos-gate/usr/src/uts/common/sys/fibre-channel/fca/emlxs/fw_lp10000.h:19926-23243	1	262122	3318	ok
chunk_sources_os_illumos_illumos_gate_usr_src_uts_common_sys_fibre_channel_fca_30d734f09d4d	CHUNK	Docs/researches/chunks/chunk_sources_os_illumos_illumos_gate_usr_src_uts_common_sys_fibre_channel_fca_30d734f09d4d_research.md	sources/os/illumos/illumos-gate/usr/src/uts/common/sys/fibre-channel/fca/emlxs/fw_lp11002.h:46470-49787	1	262122	3318	ok
chunk_sources_os_illumos_illumos_gate_usr_src_uts_common_sys_fibre_channel_fca_34848bd78a48	CHUNK	Docs/researches/chunks/chunk_sources_os_illumos_illumos_gate_usr_src_uts_common_sys_fibre_channel_fca_34848bd78a48_research.md	sources/os/illumos/illumos-gate/usr/src/uts/common/sys/fibre-channel/fca/emlxs/fw_lpe12000.h:1-3334	1	262077	3334	ok
chunk_sources_os_illumos_illumos_gate_usr_src_uts_common_sys_fibre_channel_fca_3e72c3e64e86	CHUNK	Docs/researches/chunks/chunk_sources_os_illumos_illumos_gate_usr_src_uts_common_sys_fibre_channel_fca_3e72c3e64e86_research.md	sources/os/illumos/illumos-gate/usr/src/uts/common/sys/fibre-channel/fca/emlxs/fw_lpe12000.h:16607-19924	1	262122	3318	ok
chunk_sources_os_illumos_illumos_gate_usr_src_uts_common_sys_fibre_channel_fca_3ee29ffa5826	CHUNK	Docs/researches/chunks/chunk_sources_os_illumos_illumos_gate_usr_src_uts_common_sys_fibre_channel_fca_3ee29ffa5826_research.md	sources/os/illumos/illumos-gate/usr/src/uts/common/sys/fibre-channel/fca/emlxs/fw_lpe11002.h:33197-36514	1	262122	3318	ok
chunk_sources_os_illumos_illumos_gate_usr_src_uts_common_sys_fibre_channel_fca_402db5dbc1dd	CHUNK	Docs/researches/chunks/chunk_sources_os_illumos_illumos_gate_usr_src_uts_common_sys_fibre_channel_fca_402db5dbc1dd_research.md	sources/os/illumos/illumos-gate/usr/src/uts/common/sys/fibre-channel/fca/emlxs/fw_lp10000.h:26562-29879	1	262122	3318	ok
chunk_sources_os_illumos_illumos_gate_usr_src_uts_common_sys_fibre_channel_fca_42cf091f7f03	CHUNK	Docs/researches/chunks/chunk_sources_os_illumos_illumos_gate_usr_src_uts_common_sys_fibre_channel_fca_42cf091f7f03_research.md	sources/os/illumos/illumos-gate/usr/src/uts/common/sys/fibre-channel/fca/emlxs/fw_lpe11002.h:49787-53104	1	262122	3318	ok
chunk_sources_os_illumos_illumos_gate_usr_src_uts_common_sys_fibre_channel_fca_42f348ec6c23	CHUNK	Docs/researches/chunks/chunk_sources_os_illumos_illumos_gate_usr_src_uts_common_sys_fibre_channel_fca_42f348ec6c23_research.md	sources/os/illumos/illumos-gate/usr/src/uts/common/sys/fibre-channel/fca/emlxs/fw_lp11002.h:16608-19925	1	262122	3318	ok
chunk_sources_os_illumos_illumos_gate_usr_src_uts_common_sys_fibre_channel_fca_45cc43fcd9a3	CHUNK	Docs/researches/chunks/chunk_sources_os_illumos_illumos_gate_usr_src_uts_common_sys_fibre_channel_fca_45cc43fcd9a3_research.md	sources/os/illumos/illumos-gate/usr/src/uts/common/sys/fibre-channel/fca/emlxs/fw_lp10000.h:3336-6653	1	262122	3318	ok
chunk_sources_os_illumos_illumos_gate_usr_src_uts_common_sys_fibre_channel_fca_4767dadb4e9a	CHUNK	Docs/researches/chunks/chunk_sources_os_illumos_illumos_gate_usr_src_uts_common_sys_fibre_channel_fca_4767dadb4e9a_research.md	sources/os/illumos/illumos-gate/usr/src/uts/common/sys/fibre-channel/fca/emlxs/fw_lpe12000.h:33197-36514	1	262122	3318	ok
chunk_sources_os_illumos_illumos_gate_usr_src_uts_common_sys_fibre_channel_fca_4d1de8d6cf64	CHUNK	Docs/researches/chunks/chunk_sources_os_illumos_illumos_gate_usr_src_uts_common_sys_fibre_channel_fca_4d1de8d6cf64_research.md	sources/os/illumos/illumos-gate/usr/src/uts/common/sys/fibre-channel/fca/emlxs/fw_lpe11000.h:3335-6652	1	262122	3318	ok
chunk_sources_os_illumos_illumos_gate_usr_src_uts_common_sys_fibre_channel_fca_523426906bb2	CHUNK	Docs/researches/chunks/chunk_sources_os_illumos_illumos_gate_usr_src_uts_common_sys_fibre_channel_fca_523426906bb2_research.md	sources/os/illumos/illumos-gate/usr/src/uts/common/sys/fibre-channel/fca/emlxs/fw_lpe11002.h:69695-73012	1	262122	3318	ok
chunk_sources_os_illumos_illumos_gate_usr_src_uts_common_sys_fibre_channel_fca_577aa53937fe	CHUNK	Docs/researches/chunks/chunk_sources_os_illumos_illumos_gate_usr_src_uts_common_sys_fibre_channel_fca_577aa53937fe_research.md	sources/os/illumos/illumos-gate/usr/src/uts/common/sys/fibre-channel/fca/emlxs/fw_lpe11000.h:13289-16606	1	262122	3318	ok
chunk_sources_os_illumos_illumos_gate_usr_src_uts_common_sys_fibre_channel_fca_5d79e3974c98	CHUNK	Docs/researches/chunks/chunk_sources_os_illumos_illumos_gate_usr_src_uts_common_sys_fibre_channel_fca_5d79e3974c98_research.md	sources/os/illumos/illumos-gate/usr/src/uts/common/sys/fibre-channel/fca/emlxs/fw_lpe11000.h:9971-13288	1	262122	3318	ok
chunk_sources_os_illumos_illumos_gate_usr_src_uts_common_sys_fibre_channel_fca_5ed4d87c3894	CHUNK	Docs/researches/chunks/chunk_sources_os_illumos_illumos_gate_usr_src_uts_common_sys_fibre_channel_fca_5ed4d87c3894_research.md	sources/os/illumos/illumos-gate/usr/src/uts/common/sys/fibre-channel/fca/emlxs/fw_lp11002.h:63060-66377	1	262122	3318	ok
chunk_sources_os_illumos_illumos_gate_usr_src_uts_common_sys_fibre_channel_fca_5fd488fb327f	CHUNK	Docs/researches/chunks/chunk_sources_os_illumos_illumos_gate_usr_src_uts_common_sys_fibre_channel_fca_5fd488fb327f_research.md	sources/os/illumos/illumos-gate/usr/src/uts/common/sys/fibre-channel/fca/emlxs/fw_lp11002.h:39834-43151	1	262122	3318	ok
chunk_sources_os_illumos_illumos_gate_usr_src_uts_common_sys_fibre_channel_fca_64de2c2335e9	CHUNK	Docs/researches/chunks/chunk_sources_os_illumos_illumos_gate_usr_src_uts_common_sys_fibre_channel_fca_64de2c2335e9_research.md	sources/os/illumos/illumos-gate/usr/src/uts/common/sys/fibre-channel/fca/emlxs/fw_lpe11000.h:53105-56422	1	262122	3318	ok
chunk_sources_os_illumos_illumos_gate_usr_src_uts_common_sys_fibre_channel_fca_65590f147b84	CHUNK	Docs/researches/chunks/chunk_sources_os_illumos_illumos_gate_usr_src_uts_common_sys_fibre_channel_fca_65590f147b84_research.md	sources/os/illumos/illumos-gate/usr/src/uts/common/sys/fibre-channel/fca/emlxs/fw_lp10000.h:6654-9971	1	262122	3318	ok
chunk_sources_os_illumos_illumos_gate_usr_src_uts_common_sys_fibre_channel_fca_68be6466c9c2	CHUNK	Docs/researches/chunks/chunk_sources_os_illumos_illumos_gate_usr_src_uts_common_sys_fibre_channel_fca_68be6466c9c2_research.md	sources/os/illumos/illumos-gate/usr/src/uts/common/sys/fibre-channel/fca/emlxs/fw_lpe11000.h:56423-59740	1	262122	3318	ok
chunk_sources_os_illumos_illumos_gate_usr_src_uts_common_sys_fibre_channel_fca_690e64c23b8d	CHUNK	Docs/researches/chunks/chunk_sources_os_illumos_illumos_gate_usr_src_uts_common_sys_fibre_channel_fca_690e64c23b8d_research.md	sources/os/illumos/illumos-gate/usr/src/uts/common/sys/fibre-channel/fca/emlxs/fw_lp11002.h:69696-72641	1	231657	2946	ok
chunk_sources_os_illumos_illumos_gate_usr_src_uts_common_sys_fibre_channel_fca_6b3abf601b74	CHUNK	Docs/researches/chunks/chunk_sources_os_illumos_illumos_gate_usr_src_uts_common_sys_fibre_channel_fca_6b3abf601b74_research.md	sources/os/illumos/illumos-gate/usr/src/uts/common/sys/fibre-channel/fca/emlxs/fw_lpe11000.h:59741-63058	1	262122	3318	ok
chunk_sources_os_illumos_illumos_gate_usr_src_uts_common_sys_fibre_channel_fca_6cb0400f05e6	CHUNK	Docs/researches/chunks/chunk_sources_os_illumos_illumos_gate_usr_src_uts_common_sys_fibre_channel_fca_6cb0400f05e6_research.md	sources/os/illumos/illumos-gate/usr/src/uts/common/sys/fibre-channel/fca/emlxs/fw_lp11000.h:29880-33197	1	262122	3318	ok
chunk_sources_os_illumos_illumos_gate_usr_src_uts_common_sys_fibre_channel_fca_6f2dc7007f48	CHUNK	Docs/researches/chunks/chunk_sources_os_illumos_illumos_gate_usr_src_uts_common_sys_fibre_channel_fca_6f2dc7007f48_research.md	sources/os/illumos/illumos-gate/usr/src/uts/common/sys/fibre-channel/fca/emlxs/fw_lp11000.h:69696-70310	1	47484	615	ok
chunk_sources_os_illumos_illumos_gate_usr_src_uts_common_sys_fibre_channel_fca_7020d5ed294f	CHUNK	Docs/researches/chunks/chunk_sources_os_illumos_illumos_gate_usr_src_uts_common_sys_fibre_channel_fca_7020d5ed294f_research.md	sources/os/illumos/illumos-gate/usr/src/uts/common/sys/fibre-channel/fca/emlxs/fw_lp11000.h:66378-69695	1	262122	3318	ok
chunk_sources_os_illumos_illumos_gate_usr_src_uts_common_sys_fibre_channel_fca_7203cc7c4787	CHUNK	Docs/researches/chunks/chunk_sources_os_illumos_illumos_gate_usr_src_uts_common_sys_fibre_channel_fca_7203cc7c4787_research.md	sources/os/illumos/illumos-gate/usr/src/uts/common/sys/fibre-channel/fca/emlxs/fw_lp11002.h:33198-36515	1	262122	3318	ok
chunk_sources_os_illumos_illumos_gate_usr_src_uts_common_sys_fibre_channel_fca_7387fbe27b88	CHUNK	Docs/researches/chunks/chunk_sources_os_illumos_illumos_gate_usr_src_uts_common_sys_fibre_channel_fca_7387fbe27b88_research.md	sources/os/illumos/illumos-gate/usr/src/uts/common/sys/fibre-channel/fca/emlxs/fw_lpe11000.h:46469-49786	1	262122	3318	ok
chunk_sources_os_illumos_illumos_gate_usr_src_uts_common_sys_fibre_channel_fca_743daed9afd0	CHUNK	Docs/researches/chunks/chunk_sources_os_illumos_illumos_gate_usr_src_uts_common_sys_fibre_channel_fca_743daed9afd0_research.md	sources/os/illumos/illumos-gate/usr/src/uts/common/sys/fibre-channel/fca/emlxs/fw_lp11002.h:66378-69695	1	262122	3318	ok
chunk_sources_os_illumos_illumos_gate_usr_src_uts_common_sys_fibre_channel_fca_74e153a94608	CHUNK	Docs/researches/chunks/chunk_sources_os_illumos_illumos_gate_usr_src_uts_common_sys_fibre_channel_fca_74e153a94608_research.md	sources/os/illumos/illumos-gate/usr/src/uts/common/sys/fibre-channel/fca/emlxs/fw_lpe12000.h:13289-16606	1	262122	3318	ok
chunk_sources_os_illumos_illumos_gate_usr_src_uts_common_sys_fibre_channel_fca_75b656a389e6	CHUNK	Docs/researches/chunks/chunk_sources_os_illumos_illumos_gate_usr_src_uts_common_sys_fibre_channel_fca_75b656a389e6_research.md	sources/os/illumos/illumos-gate/usr/src/uts/common/sys/fibre-channel/fca/emlxs/fw_lp11000.h:23244-26561	1	262122	3318	ok
chunk_sources_os_illumos_illumos_gate_usr_src_uts_common_sys_fibre_channel_fca_75e304865aee	CHUNK	Docs/researches/chunks/chunk_sources_os_illumos_illumos_gate_usr_src_uts_common_sys_fibre_channel_fca_75e304865aee_research.md	sources/os/illumos/illumos-gate/usr/src/uts/common/sys/fibre-channel/fca/emlxs/fw_lpe11002.h:23243-26560	1	262122	3318	ok
chunk_sources_os_illumos_illumos_gate_usr_src_uts_common_sys_fibre_channel_fca_7ee112fc2008	CHUNK	Docs/researches/chunks/chunk_sources_os_illumos_illumos_gate_usr_src_uts_common_sys_fibre_channel_fca_7ee112fc2008_research.md	sources/os/illumos/illumos-gate/usr/src/uts/common/sys/fibre-channel/fca/emlxs/fw_lp10000.h:36516-39833	1	262122	3318	ok
chunk_sources_os_illumos_illumos_gate_usr_src_uts_common_sys_fibre_channel_fca_7f7b8285be96	CHUNK	Docs/researches/chunks/chunk_sources_os_illumos_illumos_gate_usr_src_uts_common_sys_fibre_channel_fca_7f7b8285be96_research.md	sources/os/illumos/illumos-gate/usr/src/uts/common/sys/fibre-channel/fca/emlxs/fw_lp10000.h:43152-46469	1	262122	3318	ok
chunk_sources_os_illumos_illumos_gate_usr_src_uts_common_sys_fibre_channel_fca_8427e0a7ac39	CHUNK	Docs/researches/chunks/chunk_sources_os_illumos_illumos_gate_usr_src_uts_common_sys_fibre_channel_fca_8427e0a7ac39_research.md	sources/os/illumos/illumos-gate/usr/src/uts/common/sys/fibre-channel/fca/emlxs/fw_lp11002.h:13290-16607	1	262122	3318	ok
chunk_sources_os_illumos_illumos_gate_usr_src_uts_common_sys_fibre_channel_fca_87b28b9f81fd	CHUNK	Docs/researches/chunks/chunk_sources_os_illumos_illumos_gate_usr_src_uts_common_sys_fibre_channel_fca_87b28b9f81fd_research.md	sources/os/illumos/illumos-gate/usr/src/uts/common/sys/fibre-channel/fca/emlxs/fw_lpe11002.h:36515-39832	1	262122	3318	ok
chunk_sources_os_illumos_illumos_gate_usr_src_uts_common_sys_fibre_channel_fca_88aef9097957	CHUNK	Docs/researches/chunks/chunk_sources_os_illumos_illumos_gate_usr_src_uts_common_sys_fibre_channel_fca_88aef9097957_research.md	sources/os/illumos/illumos-gate/usr/src/uts/common/sys/fibre-channel/fca/emlxs/fw_lp11000.h:33198-36515	1	262122	3318	ok
chunk_sources_os_illumos_illumos_gate_usr_src_uts_common_sys_fibre_channel_fca_88d830e3ccf8	CHUNK	Docs/researches/chunks/chunk_sources_os_illumos_illumos_gate_usr_src_uts_common_sys_fibre_channel_fca_88d830e3ccf8_research.md	sources/os/illumos/illumos-gate/usr/src/uts/common/sys/fibre-channel/fca/emlxs/fw_lp11002.h:53106-56423	1	262122	3318	ok
chunk_sources_os_illumos_illumos_gate_usr_src_uts_common_sys_fibre_channel_fca_88ffcc05bcaa	CHUNK	Docs/researches/chunks/chunk_sources_os_illumos_illumos_gate_usr_src_uts_common_sys_fibre_channel_fca_88ffcc05bcaa_research.md	sources/os/illumos/illumos-gate/usr/src/uts/common/sys/fibre-channel/fca/emlxs/fw_lp11000.h:63060-66377	1	262122	3318	ok
chunk_sources_os_illumos_illumos_gate_usr_src_uts_common_sys_fibre_channel_fca_894b059e1f92	CHUNK	Docs/researches/chunks/chunk_sources_os_illumos_illumos_gate_usr_src_uts_common_sys_fibre_channel_fca_894b059e1f92_research.md	sources/os/illumos/illumos-gate/usr/src/uts/common/sys/fibre-channel/fca/emlxs/fw_lp11000.h:49788-53105	1	262122	3318	ok
chunk_sources_os_illumos_illumos_gate_usr_src_uts_common_sys_fibre_channel_fca_8a0f7cc6563c	CHUNK	Docs/researches/chunks/chunk_sources_os_illumos_illumos_gate_usr_src_uts_common_sys_fibre_channel_fca_8a0f7cc6563c_research.md	sources/os/illumos/illumos-gate/usr/src/uts/common/sys/fibre-channel/fca/emlxs/fw_lpe11000.h:1-3334	1	262077	3334	ok
chunk_sources_os_illumos_illumos_gate_usr_src_uts_common_sys_fibre_channel_fca_8ab2907177e5	CHUNK	Docs/researches/chunks/chunk_sources_os_illumos_illumos_gate_usr_src_uts_common_sys_fibre_channel_fca_8ab2907177e5_research.md	sources/os/illumos/illumos-gate/usr/src/uts/common/sys/fibre-channel/fca/emlxs/fw_lpe12000.h:26561-29878	1	262122	3318	ok
chunk_sources_os_illumos_illumos_gate_usr_src_uts_common_sys_fibre_channel_fca_8b20e97f85c8	CHUNK	Docs/researches/chunks/chunk_sources_os_illumos_illumos_gate_usr_src_uts_common_sys_fibre_channel_fca_8b20e97f85c8_research.md	sources/os/illumos/illumos-gate/usr/src/uts/common/sys/fibre-channel/fca/emlxs/fw_lpe11002.h:43151-46468	1	262122	3318	ok
chunk_sources_os_illumos_illumos_gate_usr_src_uts_common_sys_fibre_channel_fca_8fe0f56131fa	CHUNK	Docs/researches/chunks/chunk_sources_os_illumos_illumos_gate_usr_src_uts_common_sys_fibre_channel_fca_8fe0f56131fa_research.md	sources/os/illumos/illumos-gate/usr/src/uts/common/sys/fibre-channel/fca/emlxs/fw_lp11002.h:3336-6653	1	262122	3318	ok
chunk_sources_os_illumos_illumos_gate_usr_src_uts_common_sys_fibre_channel_fca_8ff339dced19	CHUNK	Docs/researches/chunks/chunk_sources_os_illumos_illumos_gate_usr_src_uts_common_sys_fibre_channel_fca_8ff339dced19_research.md	sources/os/illumos/illumos-gate/usr/src/uts/common/sys/fibre-channel/fca/emlxs/fw_lp11000.h:36516-39833	1	262122	3318	ok
chunk_sources_os_illumos_illumos_gate_usr_src_uts_common_sys_fibre_channel_fca_90661df2152e	CHUNK	Docs/researches/chunks/chunk_sources_os_illumos_illumos_gate_usr_src_uts_common_sys_fibre_channel_fca_90661df2152e_research.md	sources/os/illumos/illumos-gate/usr/src/uts/common/sys/fibre-channel/fca/emlxs/fw_lp11000.h:16608-19925	1	262122	3318	ok
chunk_sources_os_illumos_illumos_gate_usr_src_uts_common_sys_fibre_channel_fca_9126b6a90404	CHUNK	Docs/researches/chunks/chunk_sources_os_illumos_illumos_gate_usr_src_uts_common_sys_fibre_channel_fca_9126b6a90404_research.md	sources/os/illumos/illumos-gate/usr/src/uts/common/sys/fibre-channel/fca/emlxs/fw_lpe12000.h:9971-13288	1	262122	3318	ok
chunk_sources_os_illumos_illumos_gate_usr_src_uts_common_sys_fibre_channel_fca_920e26806448	CHUNK	Docs/researches/chunks/chunk_sources_os_illumos_illumos_gate_usr_src_uts_common_sys_fibre_channel_fca_920e26806448_research.md	sources/os/illumos/illumos-gate/usr/src/uts/common/sys/fibre-channel/fca/emlxs/fw_lpe12000.h:49787-53104	1	262122	3318	ok
chunk_sources_os_illumos_illumos_gate_usr_src_uts_common_sys_fibre_channel_fca_93f56fe813e8	CHUNK	Docs/researches/chunks/chunk_sources_os_illumos_illumos_gate_usr_src_uts_common_sys_fibre_channel_fca_93f56fe813e8_research.md	sources/os/illumos/illumos-gate/usr/src/uts/common/sys/fibre-channel/fca/emlxs/fw_lp11000.h:13290-16607	1	262122	3318	ok
chunk_sources_os_illumos_illumos_gate_usr_src_uts_common_sys_fibre_channel_fca_94a3e9b3e274	CHUNK	Docs/researches/chunks/chunk_sources_os_illumos_illumos_gate_usr_src_uts_common_sys_fibre_channel_fca_94a3e9b3e274_research.md	sources/os/illumos/illumos-gate/usr/src/uts/common/sys/fibre-channel/fca/emlxs/fw_lpe11002.h:39833-43150	1	262122	3318	ok
chunk_sources_os_illumos_illumos_gate_usr_src_uts_common_sys_fibre_channel_fca_959d27774b82	CHUNK	Docs/researches/chunks/chunk_sources_os_illumos_illumos_gate_usr_src_uts_common_sys_fibre_channel_fca_959d27774b82_research.md	sources/os/illumos/illumos-gate/usr/src/uts/common/sys/fibre-channel/fca/emlxs/fw_lpe12000.h:39833-43150	1	262122	3318	ok
chunk_sources_os_illumos_illumos_gate_usr_src_uts_common_sys_fibre_channel_fca_95dddb83a925	CHUNK	Docs/researches/chunks/chunk_sources_os_illumos_illumos_gate_usr_src_uts_common_sys_fibre_channel_fca_95dddb83a925_research.md	sources/os/illumos/illumos-gate/usr/src/uts/common/sys/fibre-channel/fca/emlxs/fw_lpe11002.h:19925-23242	1	262122	3318	ok
chunk_sources_os_illumos_illumos_gate_usr_src_uts_common_sys_fibre_channel_fca_97946dfb5e4e	CHUNK	Docs/researches/chunks/chunk_sources_os_illumos_illumos_gate_usr_src_uts_common_sys_fibre_channel_fca_97946dfb5e4e_research.md	sources/os/illumos/illumos-gate/usr/src/uts/common/sys/fibre-channel/fca/emlxs/fw_lpe11002.h:29879-33196	1	262122	3318	ok
chunk_sources_os_illumos_illumos_gate_usr_src_uts_common_sys_fibre_channel_fca_99e810108c01	CHUNK	Docs/researches/chunks/chunk_sources_os_illumos_illumos_gate_usr_src_uts_common_sys_fibre_channel_fca_99e810108c01_research.md	sources/os/illumos/illumos-gate/usr/src/uts/common/sys/fibre-channel/fca/emlxs/fw_lpe11000.h:49787-53104	1	262122	3318	ok
chunk_sources_os_illumos_illumos_gate_usr_src_uts_common_sys_fibre_channel_fca_9e6cf316adf5	CHUNK	Docs/researches/chunks/chunk_sources_os_illumos_illumos_gate_usr_src_uts_common_sys_fibre_channel_fca_9e6cf316adf5_research.md	sources/os/illumos/illumos-gate/usr/src/uts/common/sys/fibre-channel/fca/emlxs/fw_lpe11002.h:66377-69694	1	262122	3318	ok
chunk_sources_os_illumos_illumos_gate_usr_src_uts_common_sys_fibre_channel_fca_a06a04f0ed14	CHUNK	Docs/researches/chunks/chunk_sources_os_illumos_illumos_gate_usr_src_uts_common_sys_fibre_channel_fca_a06a04f0ed14_research.md	sources/os/illumos/illumos-gate/usr/src/uts/common/sys/fibre-channel/fca/emlxs/fw_lpe11000.h:39833-43150	1	262122	3318	ok
chunk_sources_os_illumos_illumos_gate_usr_src_uts_common_sys_fibre_channel_fca_a2cfe9b7c952	CHUNK	Docs/researches/chunks/chunk_sources_os_illumos_illumos_gate_usr_src_uts_common_sys_fibre_channel_fca_a2cfe9b7c952_research.md	sources/os/illumos/illumos-gate/usr/src/uts/common/sys/fibre-channel/fca/emlxs/fw_lpe12000.h:43151-46468	1	262122	3318	ok
chunk_sources_os_illumos_illumos_gate_usr_src_uts_common_sys_fibre_channel_fca_a46a807f57a6	CHUNK	Docs/researches/chunks/chunk_sources_os_illumos_illumos_gate_usr_src_uts_common_sys_fibre_channel_fca_a46a807f57a6_research.md	sources/os/illumos/illumos-gate/usr/src/uts/common/sys/fibre-channel/fca/emlxs/fw_lp11002.h:29880-33197	1	262122	3318	ok
chunk_sources_os_illumos_illumos_gate_usr_src_uts_common_sys_fibre_channel_fca_a99a3e6f4ed9	CHUNK	Docs/researches/chunks/chunk_sources_os_illumos_illumos_gate_usr_src_uts_common_sys_fibre_channel_fca_a99a3e6f4ed9_research.md	sources/os/illumos/illumos-gate/usr/src/uts/common/sys/fibre-channel/fca/emlxs/fw_lp10000.h:9972-13289	1	262122	3318	ok
chunk_sources_os_illumos_illumos_gate_usr_src_uts_common_sys_fibre_channel_fca_ab008024f054	CHUNK	Docs/researches/chunks/chunk_sources_os_illumos_illumos_gate_usr_src_uts_common_sys_fibre_channel_fca_ab008024f054_research.md	sources/os/illumos/illumos-gate/usr/src/uts/common/sys/fibre-channel/fca/emlxs/fw_lpe11002.h:53105-56422	1	262122	3318	ok
chunk_sources_os_illumos_illumos_gate_usr_src_uts_common_sys_fibre_channel_fca_acbe890ccbe1	CHUNK	Docs/researches/chunks/chunk_sources_os_illumos_illumos_gate_usr_src_uts_common_sys_fibre_channel_fca_acbe890ccbe1_research.md	sources/os/illumos/illumos-gate/usr/src/uts/common/sys/fibre-channel/fca/emlxs/fw_lp11000.h:1-3335	1	262144	3335	ok
chunk_sources_os_illumos_illumos_gate_usr_src_uts_common_sys_fibre_channel_fca_ad94bfd2aed5	CHUNK	Docs/researches/chunks/chunk_sources_os_illumos_illumos_gate_usr_src_uts_common_sys_fibre_channel_fca_ad94bfd2aed5_research.md	sources/os/illumos/illumos-gate/usr/src/uts/common/sys/fibre-channel/fca/emlxs/fw_lp10000.h:16608-19925	1	262122	3318	ok
chunk_sources_os_illumos_illumos_gate_usr_src_uts_common_sys_fibre_channel_fca_ae2110e3316e	CHUNK	Docs/researches/chunks/chunk_sources_os_illumos_illumos_gate_usr_src_uts_common_sys_fibre_channel_fca_ae2110e3316e_research.md	sources/os/illumos/illumos-gate/usr/src/uts/common/sys/fibre-channel/fca/emlxs/fw_lpe11002.h:26561-29878	1	262122	3318	ok
chunk_sources_os_illumos_illumos_gate_usr_src_uts_common_sys_fibre_channel_fca_ae52f659f7eb	CHUNK	Docs/researches/chunks/chunk_sources_os_illumos_illumos_gate_usr_src_uts_common_sys_fibre_channel_fca_ae52f659f7eb_research.md	sources/os/illumos/illumos-gate/usr/src/uts/common/sys/fibre-channel/fca/emlxs/fw_lp11000.h:9972-13289	1	262122	3318	ok
chunk_sources_os_illumos_illumos_gate_usr_src_uts_common_sys_fibre_channel_fca_b317105ecb83	CHUNK	Docs/researches/chunks/chunk_sources_os_illumos_illumos_gate_usr_src_uts_common_sys_fibre_channel_fca_b317105ecb83_research.md	sources/os/illumos/illumos-gate/usr/src/uts/common/sys/fibre-channel/fca/emlxs/fw_lp11002.h:26562-29879	1	262122	3318	ok
chunk_sources_os_illumos_illumos_gate_usr_src_uts_common_sys_fibre_channel_fca_b4b298fa44ff	CHUNK	Docs/researches/chunks/chunk_sources_os_illumos_illumos_gate_usr_src_uts_common_sys_fibre_channel_fca_b4b298fa44ff_research.md	sources/os/illumos/illumos-gate/usr/src/uts/common/sys/fibre-channel/fca/emlxs/fw_lpe11002.h:46469-49786	1	262122	3318	ok
chunk_sources_os_illumos_illumos_gate_usr_src_uts_common_sys_fibre_channel_fca_b79edccaecaa	CHUNK	Docs/researches/chunks/chunk_sources_os_illumos_illumos_gate_usr_src_uts_common_sys_fibre_channel_fca_b79edccaecaa_research.md	sources/os/illumos/illumos-gate/usr/src/uts/common/sys/fibre-channel/fca/emlxs/fw_lp11000.h:43152-46469	1	262122	3318	ok
chunk_sources_os_illumos_illumos_gate_usr_src_uts_common_sys_fibre_channel_fca_ba452d47e7b1	CHUNK	Docs/researches/chunks/chunk_sources_os_illumos_illumos_gate_usr_src_uts_common_sys_fibre_channel_fca_ba452d47e7b1_research.md	sources/os/illumos/illumos-gate/usr/src/uts/common/sys/fibre-channel/fca/emlxs/fw_lpe11002.h:13289-16606	1	262122	3318	ok
chunk_sources_os_illumos_illumos_gate_usr_src_uts_common_sys_fibre_channel_fca_bbf7042781bf	CHUNK	Docs/researches/chunks/chunk_sources_os_illumos_illumos_gate_usr_src_uts_common_sys_fibre_channel_fca_bbf7042781bf_research.md	sources/os/illumos/illumos-gate/usr/src/uts/common/sys/fibre-channel/fca/emlxs/fw_lpe11000.h:33197-36514	1	262122	3318	ok
chunk_sources_os_illumos_illumos_gate_usr_src_uts_common_sys_fibre_channel_fca_bc1a2f73c6ea	CHUNK	Docs/researches/chunks/chunk_sources_os_illumos_illumos_gate_usr_src_uts_common_sys_fibre_channel_fca_bc1a2f73c6ea_research.md	sources/os/illumos/illumos-gate/usr/src/uts/common/sys/fibre-channel/fca/emlxs/fw_lpe12000.h:29879-33196	1	262122	3318	ok
chunk_sources_os_illumos_illumos_gate_usr_src_uts_common_sys_fibre_channel_fca_c0851181ba9f	CHUNK	Docs/researches/chunks/chunk_sources_os_illumos_illumos_gate_usr_src_uts_common_sys_fibre_channel_fca_c0851181ba9f_research.md	sources/os/illumos/illumos-gate/usr/src/uts/common/sys/fibre-channel/fca/emlxs/fw_lp11000.h:26562-29879	1	262122	3318	ok
chunk_sources_os_illumos_illumos_gate_usr_src_uts_common_sys_fibre_channel_fca_c0b7e5a7c9b5	CHUNK	Docs/researches/chunks/chunk_sources_os_illumos_illumos_gate_usr_src_uts_common_sys_fibre_channel_fca_c0b7e5a7c9b5_research.md	sources/os/illumos/illumos-gate/usr/src/uts/common/sys/fibre-channel/fca/emlxs/fw_lpe12000.h:23243-26560	1	262122	3318	ok
chunk_sources_os_illumos_illumos_gate_usr_src_uts_common_sys_fibre_channel_fca_c20b026bc141	CHUNK	Docs/researches/chunks/chunk_sources_os_illumos_illumos_gate_usr_src_uts_common_sys_fibre_channel_fca_c20b026bc141_research.md	sources/os/illumos/illumos-gate/usr/src/uts/common/sys/fibre-channel/fca/emlxs/fw_lpe11002.h:63059-66376	1	262122	3318	ok
chunk_sources_os_illumos_illumos_gate_usr_src_uts_common_sys_fibre_channel_fca_c6430ad14f79	CHUNK	Docs/researches/chunks/chunk_sources_os_illumos_illumos_gate_usr_src_uts_common_sys_fibre_channel_fca_c6430ad14f79_research.md	sources/os/illumos/illumos-gate/usr/src/uts/common/sys/fibre-channel/fca/emlxs/fw_lpe11000.h:6653-9970	1	262122	3318	ok
chunk_sources_os_illumos_illumos_gate_usr_src_uts_common_sys_fibre_channel_fca_c867571b9d83	CHUNK	Docs/researches/chunks/chunk_sources_os_illumos_illumos_gate_usr_src_uts_common_sys_fibre_channel_fca_c867571b9d83_research.md	sources/os/illumos/illumos-gate/usr/src/uts/common/sys/fibre-channel/fca/emlxs/fw_lp10000.h:46470-47050	1	44822	581	ok
chunk_sources_os_illumos_illumos_gate_usr_src_uts_common_sys_fibre_channel_fca_c984b281d243	CHUNK	Docs/researches/chunks/chunk_sources_os_illumos_illumos_gate_usr_src_uts_common_sys_fibre_channel_fca_c984b281d243_research.md	sources/os/illumos/illumos-gate/usr/src/uts/common/sys/fibre-channel/fca/emlxs/fw_lpe12000.h:46469-49786	1	262122	3318	ok
chunk_sources_os_illumos_illumos_gate_usr_src_uts_common_sys_fibre_channel_fca_caa1eb5ace8d	CHUNK	Docs/researches/chunks/chunk_sources_os_illumos_illumos_gate_usr_src_uts_common_sys_fibre_channel_fca_caa1eb5ace8d_research.md	sources/os/illumos/illumos-gate/usr/src/uts/common/sys/fibre-channel/fca/emlxs/fw_lpe11002.h:16607-19924	1	262122	3318	ok
chunk_sources_os_illumos_illumos_gate_usr_src_uts_common_sys_fibre_channel_fca_cdb883604135	CHUNK	Docs/researches/chunks/chunk_sources_os_illumos_illumos_gate_usr_src_uts_common_sys_fibre_channel_fca_cdb883604135_research.md	sources/os/illumos/illumos-gate/usr/src/uts/common/sys/fibre-channel/fca/emlxs/fw_lp11000.h:6654-9971	1	262122	3318	ok
chunk_sources_os_illumos_illumos_gate_usr_src_uts_common_sys_fibre_channel_fca_cf744d851acb	CHUNK	Docs/researches/chunks/chunk_sources_os_illumos_illumos_gate_usr_src_uts_common_sys_fibre_channel_fca_cf744d851acb_research.md	sources/os/illumos/illumos-gate/usr/src/uts/common/sys/fibre-channel/fca/emlxs/fw_lpe12000.h:19925-23242	1	262122	3318	ok
chunk_sources_os_illumos_illumos_gate_usr_src_uts_common_sys_fibre_channel_fca_d159884d08de	CHUNK	Docs/researches/chunks/chunk_sources_os_illumos_illumos_gate_usr_src_uts_common_sys_fibre_channel_fca_d159884d08de_research.md	sources/os/illumos/illumos-gate/usr/src/uts/common/sys/fibre-channel/fca/emlxs/fw_lp11002.h:56424-59741	1	262122	3318	ok
chunk_sources_os_illumos_illumos_gate_usr_src_uts_common_sys_fibre_channel_fca_d16af50fa036	CHUNK	Docs/researches/chunks/chunk_sources_os_illumos_illumos_gate_usr_src_uts_common_sys_fibre_channel_fca_d16af50fa036_research.md	sources/os/illumos/illumos-gate/usr/src/uts/common/sys/fibre-channel/fca/emlxs/fw_lpe11000.h:36515-39832	1	262122	3318	ok
chunk_sources_os_illumos_illumos_gate_usr_src_uts_common_sys_fibre_channel_fca_d8ea1e50d862	CHUNK	Docs/researches/chunks/chunk_sources_os_illumos_illumos_gate_usr_src_uts_common_sys_fibre_channel_fca_d8ea1e50d862_research.md	sources/os/illumos/illumos-gate/usr/src/uts/common/sys/fibre-channel/fca/emlxs/fw_lp10000.h:23244-26561	1	262122	3318	ok
chunk_sources_os_illumos_illumos_gate_usr_src_uts_common_sys_fibre_channel_fca_de7a282f8f12	CHUNK	Docs/researches/chunks/chunk_sources_os_illumos_illumos_gate_usr_src_uts_common_sys_fibre_channel_fca_de7a282f8f12_research.md	sources/os/illumos/illumos-gate/usr/src/uts/common/sys/fibre-channel/fca/emlxs/fw_lp11000.h:3336-6653	1	262122	3318	ok
chunk_sources_os_illumos_illumos_gate_usr_src_uts_common_sys_fibre_channel_fca_de89250fd8d3	CHUNK	Docs/researches/chunks/chunk_sources_os_illumos_illumos_gate_usr_src_uts_common_sys_fibre_channel_fca_de89250fd8d3_research.md	sources/os/illumos/illumos-gate/usr/src/uts/common/sys/fibre-channel/fca/emlxs/fw_lp11000.h:59742-63059	1	262122	3318	ok
chunk_sources_os_illumos_illumos_gate_usr_src_uts_common_sys_fibre_channel_fca_e202f101e3f0	CHUNK	Docs/researches/chunks/chunk_sources_os_illumos_illumos_gate_usr_src_uts_common_sys_fibre_channel_fca_e202f101e3f0_research.md	sources/os/illumos/illumos-gate/usr/src/uts/common/sys/fibre-channel/fca/emlxs/fw_lp11000.h:19926-23243	1	262122	3318	ok
chunk_sources_os_illumos_illumos_gate_usr_src_uts_common_sys_fibre_channel_fca_e2ebaf646dc0	CHUNK	Docs/researches/chunks/chunk_sources_os_illumos_illumos_gate_usr_src_uts_common_sys_fibre_channel_fca_e2ebaf646dc0_research.md	sources/os/illumos/illumos-gate/usr/src/uts/common/sys/fibre-channel/fca/emlxs/fw_lpe11002.h:9971-13288	1	262122	3318	ok
chunk_sources_os_illumos_illumos_gate_usr_src_uts_common_sys_fibre_channel_fca_e3a5621ecb29	CHUNK	Docs/researches/chunks/chunk_sources_os_illumos_illumos_gate_usr_src_uts_common_sys_fibre_channel_fca_e3a5621ecb29_research.md	sources/os/illumos/illumos-gate/usr/src/uts/common/sys/fibre-channel/fca/emlxs/fw_lpe11002.h:3335-6652	1	262122	3318	ok
chunk_sources_os_illumos_illumos_gate_usr_src_uts_common_sys_fibre_channel_fca_e49035c2f3ea	CHUNK	Docs/researches/chunks/chunk_sources_os_illumos_illumos_gate_usr_src_uts_common_sys_fibre_channel_fca_e49035c2f3ea_research.md	sources/os/illumos/illumos-gate/usr/src/uts/common/sys/fibre-channel/fca/emlxs/fw_lpe11000.h:26561-29878	1	262122	3318	ok
chunk_sources_os_illumos_illumos_gate_usr_src_uts_common_sys_fibre_channel_fca_e4f7f6cc5367	CHUNK	Docs/researches/chunks/chunk_sources_os_illumos_illumos_gate_usr_src_uts_common_sys_fibre_channel_fca_e4f7f6cc5367_research.md	sources/os/illumos/illumos-gate/usr/src/uts/common/sys/fibre-channel/fca/emlxs/fw_lpe12000.h:56423-59740	1	262122	3318	ok
chunk_sources_os_illumos_illumos_gate_usr_src_uts_common_sys_fibre_channel_fca_e5728c2fc671	CHUNK	Docs/researches/chunks/chunk_sources_os_illumos_illumos_gate_usr_src_uts_common_sys_fibre_channel_fca_e5728c2fc671_research.md	sources/os/illumos/illumos-gate/usr/src/uts/common/sys/fibre-channel/fca/emlxs/fw_lpe12000.h:36515-39832	1	262122	3318	ok
chunk_sources_os_illumos_illumos_gate_usr_src_uts_common_sys_fibre_channel_fca_e604c8ef0d0b	CHUNK	Docs/researches/chunks/chunk_sources_os_illumos_illumos_gate_usr_src_uts_common_sys_fibre_channel_fca_e604c8ef0d0b_research.md	sources/os/illumos/illumos-gate/usr/src/uts/common/sys/fibre-channel/fca/emlxs/fw_lpe11000.h:66377-69694	1	262122	3318	ok
chunk_sources_os_illumos_illumos_gate_usr_src_uts_common_sys_fibre_channel_fca_ea36dac78674	CHUNK	Docs/researches/chunks/chunk_sources_os_illumos_illumos_gate_usr_src_uts_common_sys_fibre_channel_fca_ea36dac78674_research.md	sources/os/illumos/illumos-gate/usr/src/uts/common/sys/fibre-channel/fca/emlxs/fw_lp11002.h:43152-46469	1	262122	3318	ok
chunk_sources_os_illumos_illumos_gate_usr_src_uts_common_sys_fibre_channel_fca_eeca5d571c99	CHUNK	Docs/researches/chunks/chunk_sources_os_illumos_illumos_gate_usr_src_uts_common_sys_fibre_channel_fca_eeca5d571c99_research.md	sources/os/illumos/illumos-gate/usr/src/uts/common/sys/fibre-channel/fca/emlxs/fw_lpe11002.h:73013-73375	1	27606	363	ok
chunk_sources_os_illumos_illumos_gate_usr_src_uts_common_sys_fibre_channel_fca_f088c16f2e60	CHUNK	Docs/researches/chunks/chunk_sources_os_illumos_illumos_gate_usr_src_uts_common_sys_fibre_channel_fca_f088c16f2e60_research.md	sources/os/illumos/illumos-gate/usr/src/uts/common/sys/fibre-channel/fca/emlxs/fw_lp11000.h:46470-49787	1	262122	3318	ok
chunk_sources_os_illumos_illumos_gate_usr_src_uts_common_sys_fibre_channel_fca_f33be182726e	CHUNK	Docs/researches/chunks/chunk_sources_os_illumos_illumos_gate_usr_src_uts_common_sys_fibre_channel_fca_f33be182726e_research.md	sources/os/illumos/illumos-gate/usr/src/uts/common/sys/fibre-channel/fca/emlxs/fw_lpe11000.h:19925-23242	1	262122	3318	ok
chunk_sources_os_illumos_illumos_gate_usr_src_uts_common_sys_fibre_channel_fca_f7662810b015	CHUNK	Docs/researches/chunks/chunk_sources_os_illumos_illumos_gate_usr_src_uts_common_sys_fibre_channel_fca_f7662810b015_research.md	sources/os/illumos/illumos-gate/usr/src/uts/common/sys/fibre-channel/fca/emlxs/fw_lp11002.h:19926-23243	1	262122	3318	ok
chunk_sources_os_illumos_illumos_gate_usr_src_uts_common_sys_fibre_channel_fca_f7690388e7e9	CHUNK	Docs/researches/chunks/chunk_sources_os_illumos_illumos_gate_usr_src_uts_common_sys_fibre_channel_fca_f7690388e7e9_research.md	sources/os/illumos/illumos-gate/usr/src/uts/common/sys/fibre-channel/fca/emlxs/fw_lp11002.h:36516-39833	1	262122	3318	ok
chunk_sources_os_illumos_illumos_gate_usr_src_uts_common_sys_fibre_channel_fca_f851c5444954	CHUNK	Docs/researches/chunks/chunk_sources_os_illumos_illumos_gate_usr_src_uts_common_sys_fibre_channel_fca_f851c5444954_research.md	sources/os/illumos/illumos-gate/usr/src/uts/common/sys/fibre-channel/fca/emlxs/fw_lp11002.h:6654-9971	1	262122	3318	ok
chunk_sources_os_illumos_illumos_gate_usr_src_uts_common_sys_fibre_channel_fca_f9fb547352a2	CHUNK	Docs/researches/chunks/chunk_sources_os_illumos_illumos_gate_usr_src_uts_common_sys_fibre_channel_fca_f9fb547352a2_research.md	sources/os/illumos/illumos-gate/usr/src/uts/common/sys/fibre-channel/fca/emlxs/fw_lpe11000.h:29879-33196	1	262122	3318	ok
chunk_sources_os_illumos_illumos_gate_usr_src_uts_common_sys_fibre_channel_fca_fa17f50f5a7a	CHUNK	Docs/researches/chunks/chunk_sources_os_illumos_illumos_gate_usr_src_uts_common_sys_fibre_channel_fca_fa17f50f5a7a_research.md	sources/os/illumos/illumos-gate/usr/src/uts/common/sys/fibre-channel/fca/emlxs/fw_lpe11000.h:16607-19924	1	262122	3318	ok
chunk_sources_os_illumos_illumos_gate_usr_src_uts_common_sys_kiconv_big5_utf8__4d8094fe16ef	CHUNK	Docs/researches/chunks/chunk_sources_os_illumos_illumos_gate_usr_src_uts_common_sys_kiconv_big5_utf8__4d8094fe16ef_research.md	sources/os/illumos/illumos-gate/usr/src/uts/common/sys/kiconv_big5_utf8.h:1-8444	1	262140	8444	ok
chunk_sources_os_illumos_illumos_gate_usr_src_uts_common_sys_kiconv_big5_utf8__ca3270b4f410	CHUNK	Docs/researches/chunks/chunk_sources_os_illumos_illumos_gate_usr_src_uts_common_sys_kiconv_big5_utf8__ca3270b4f410_research.md	sources/os/illumos/illumos-gate/usr/src/uts/common/sys/kiconv_big5_utf8.h:8445-13808	1	166096	5364	ok
chunk_sources_os_illumos_illumos_gate_usr_src_uts_common_sys_kiconv_cp950hkscs_165d8ee02570	CHUNK	Docs/researches/chunks/chunk_sources_os_illumos_illumos_gate_usr_src_uts_common_sys_kiconv_cp950hkscs_165d8ee02570_research.md	sources/os/illumos/illumos-gate/usr/src/uts/common/sys/kiconv_cp950hkscs_utf8.h:8440-16910	1	262133	8471	ok
chunk_sources_os_illumos_illumos_gate_usr_src_uts_common_sys_kiconv_cp950hkscs_310019403723	CHUNK	Docs/researches/chunks/chunk_sources_os_illumos_illumos_gate_usr_src_uts_common_sys_kiconv_cp950hkscs_310019403723_research.md	sources/os/illumos/illumos-gate/usr/src/uts/common/sys/kiconv_cp950hkscs_utf8.h:16911-18412	1	46380	1502	ok
chunk_sources_os_illumos_illumos_gate_usr_src_uts_common_sys_kiconv_cp950hkscs_6ff328ae6497	CHUNK	Docs/researches/chunks/chunk_sources_os_illumos_illumos_gate_usr_src_uts_common_sys_kiconv_cp950hkscs_6ff328ae6497_research.md	sources/os/illumos/illumos-gate/usr/src/uts/common/sys/kiconv_cp950hkscs_utf8.h:1-8439	1	262128	8439	ok
chunk_sources_os_illumos_illumos_gate_usr_src_uts_common_sys_kiconv_euctw_utf8_165812130db1	CHUNK	Docs/researches/chunks/chunk_sources_os_illumos_illumos_gate_usr_src_uts_common_sys_kiconv_euctw_utf8_165812130db1_research.md	sources/os/illumos/illumos-gate/usr/src/uts/common/sys/kiconv_euctw_utf8.h:32218-39351	1	262121	7134	ok
chunk_sources_os_illumos_illumos_gate_usr_src_uts_common_sys_kiconv_euctw_utf8_2c25fbf3229d	CHUNK	Docs/researches/chunks/chunk_sources_os_illumos_illumos_gate_usr_src_uts_common_sys_kiconv_euctw_utf8_2c25fbf3229d_research.md	sources/os/illumos/illumos-gate/usr/src/uts/common/sys/kiconv_euctw_utf8.h:16876-24891	1	262133	8016	ok
chunk_sources_os_illumos_illumos_gate_usr_src_uts_common_sys_kiconv_euctw_utf8_3b4d5de28abd	CHUNK	Docs/researches/chunks/chunk_sources_os_illumos_illumos_gate_usr_src_uts_common_sys_kiconv_euctw_utf8_3b4d5de28abd_research.md	sources/os/illumos/illumos-gate/usr/src/uts/common/sys/kiconv_euctw_utf8.h:1-8428	1	262138	8428	ok
chunk_sources_os_illumos_illumos_gate_usr_src_uts_common_sys_kiconv_euctw_utf8_5aebd3c059aa	CHUNK	Docs/researches/chunks/chunk_sources_os_illumos_illumos_gate_usr_src_uts_common_sys_kiconv_euctw_utf8_5aebd3c059aa_research.md	sources/os/illumos/illumos-gate/usr/src/uts/common/sys/kiconv_euctw_utf8.h:39352-46468	1	262140	7117	ok
chunk_sources_os_illumos_illumos_gate_usr_src_uts_common_sys_kiconv_euctw_utf8_bbbbcb7fad1d	CHUNK	Docs/researches/chunks/chunk_sources_os_illumos_illumos_gate_usr_src_uts_common_sys_kiconv_euctw_utf8_bbbbcb7fad1d_research.md	sources/os/illumos/illumos-gate/usr/src/uts/common/sys/kiconv_euctw_utf8.h:53595-55578	1	72867	1984	ok
chunk_sources_os_illumos_illumos_gate_usr_src_uts_common_sys_kiconv_euctw_utf8_c6bb328c2f7c	CHUNK	Docs/researches/chunks/chunk_sources_os_illumos_illumos_gate_usr_src_uts_common_sys_kiconv_euctw_utf8_c6bb328c2f7c_research.md	sources/os/illumos/illumos-gate/usr/src/uts/common/sys/kiconv_euctw_utf8.h:8429-16875	1	262144	8447	ok
chunk_sources_os_illumos_illumos_gate_usr_src_uts_common_sys_kiconv_euctw_utf8_e97990443b4c	CHUNK	Docs/researches/chunks/chunk_sources_os_illumos_illumos_gate_usr_src_uts_common_sys_kiconv_euctw_utf8_e97990443b4c_research.md	sources/os/illumos/illumos-gate/usr/src/uts/common/sys/kiconv_euctw_utf8.h:24892-32217	1	262115	7326	ok
chunk_sources_os_illumos_illumos_gate_usr_src_uts_common_sys_kiconv_euctw_utf8_fb0586632c97	CHUNK	Docs/researches/chunks/chunk_sources_os_illumos_illumos_gate_usr_src_uts_common_sys_kiconv_euctw_utf8_fb0586632c97_research.md	sources/os/illumos/illumos-gate/usr/src/uts/common/sys/kiconv_euctw_utf8.h:46469-53594	1	262139	7126	ok
chunk_sources_os_illumos_illumos_gate_usr_src_uts_common_sys_kiconv_gb18030_ut_253dd6ad3b22	CHUNK	Docs/researches/chunks/chunk_sources_os_illumos_illumos_gate_usr_src_uts_common_sys_kiconv_gb18030_ut_253dd6ad3b22_research.md	sources/os/illumos/illumos-gate/usr/src/uts/common/sys/kiconv_gb18030_utf8.h:16907-25455	1	262130	8549	ok
chunk_sources_os_illumos_illumos_gate_usr_src_uts_common_sys_kiconv_gb18030_ut_2c8f7fa57fd5	CHUNK	Docs/researches/chunks/chunk_sources_os_illumos_illumos_gate_usr_src_uts_common_sys_kiconv_gb18030_ut_2c8f7fa57fd5_research.md	sources/os/illumos/illumos-gate/usr/src/uts/common/sys/kiconv_gb18030_utf8.h:25456-33002	1	262135	7547	ok
chunk_sources_os_illumos_illumos_gate_usr_src_uts_common_sys_kiconv_gb18030_ut_48036989b978	CHUNK	Docs/researches/chunks/chunk_sources_os_illumos_illumos_gate_usr_src_uts_common_sys_kiconv_gb18030_ut_48036989b978_research.md	sources/os/illumos/illumos-gate/usr/src/uts/common/sys/kiconv_gb18030_utf8.h:47981-55469	1	262115	7489	ok
chunk_sources_os_illumos_illumos_gate_usr_src_uts_common_sys_kiconv_gb18030_ut_4aeee84f92d9	CHUNK	Docs/researches/chunks/chunk_sources_os_illumos_illumos_gate_usr_src_uts_common_sys_kiconv_gb18030_ut_4aeee84f92d9_research.md	sources/os/illumos/illumos-gate/usr/src/uts/common/sys/kiconv_gb18030_utf8.h:55470-62958	1	262115	7489	ok
chunk_sources_os_illumos_illumos_gate_usr_src_uts_common_sys_kiconv_gb18030_ut_52f2ab032db3	CHUNK	Docs/researches/chunks/chunk_sources_os_illumos_illumos_gate_usr_src_uts_common_sys_kiconv_gb18030_ut_52f2ab032db3_research.md	sources/os/illumos/illumos-gate/usr/src/uts/common/sys/kiconv_gb18030_utf8.h:62959-63457	1	17244	499	ok
chunk_sources_os_illumos_illumos_gate_usr_src_uts_common_sys_kiconv_gb18030_ut_7e071de4db64	CHUNK	Docs/researches/chunks/chunk_sources_os_illumos_illumos_gate_usr_src_uts_common_sys_kiconv_gb18030_ut_7e071de4db64_research.md	sources/os/illumos/illumos-gate/usr/src/uts/common/sys/kiconv_gb18030_utf8.h:1-8450	1	262121	8450	ok
chunk_sources_os_illumos_illumos_gate_usr_src_uts_common_sys_kiconv_gb18030_ut_98cf8c45216f	CHUNK	Docs/researches/chunks/chunk_sources_os_illumos_illumos_gate_usr_src_uts_common_sys_kiconv_gb18030_ut_98cf8c45216f_research.md	sources/os/illumos/illumos-gate/usr/src/uts/common/sys/kiconv_gb18030_utf8.h:40492-47980	1	262115	7489	ok
chunk_sources_os_illumos_illumos_gate_usr_src_uts_common_sys_kiconv_gb18030_ut_b497b6ac091f	CHUNK	Docs/researches/chunks/chunk_sources_os_illumos_illumos_gate_usr_src_uts_common_sys_kiconv_gb18030_ut_b497b6ac091f_research.md	sources/os/illumos/illumos-gate/usr/src/uts/common/sys/kiconv_gb18030_utf8.h:8451-16906	1	262136	8456	ok
chunk_sources_os_illumos_illumos_gate_usr_src_uts_common_sys_kiconv_gb18030_ut_fd8da32c8e57	CHUNK	Docs/researches/chunks/chunk_sources_os_illumos_illumos_gate_usr_src_uts_common_sys_kiconv_gb18030_ut_fd8da32c8e57_research.md	sources/os/illumos/illumos-gate/usr/src/uts/common/sys/kiconv_gb18030_utf8.h:33003-40491	1	262115	7489	ok
chunk_sources_os_illumos_illumos_gate_usr_src_uts_common_sys_kiconv_hkscs_utf8_946c43bae506	CHUNK	Docs/researches/chunks/chunk_sources_os_illumos_illumos_gate_usr_src_uts_common_sys_kiconv_hkscs_utf8_946c43bae506_research.md	sources/os/illumos/illumos-gate/usr/src/uts/common/sys/kiconv_hkscs_utf8.h:16639-18497	1	59170	1859	ok
chunk_sources_os_illumos_illumos_gate_usr_src_uts_common_sys_kiconv_hkscs_utf8_c32285a21fa2	CHUNK	Docs/researches/chunks/chunk_sources_os_illumos_illumos_gate_usr_src_uts_common_sys_kiconv_hkscs_utf8_c32285a21fa2_research.md	sources/os/illumos/illumos-gate/usr/src/uts/common/sys/kiconv_hkscs_utf8.h:1-8168	1	262130	8168	ok
chunk_sources_os_illumos_illumos_gate_usr_src_uts_common_sys_kiconv_hkscs_utf8_dde57a153ec0	CHUNK	Docs/researches/chunks/chunk_sources_os_illumos_illumos_gate_usr_src_uts_common_sys_kiconv_hkscs_utf8_dde57a153ec0_research.md	sources/os/illumos/illumos-gate/usr/src/uts/common/sys/kiconv_hkscs_utf8.h:8169-16638	1	262120	8470	ok
chunk_sources_os_illumos_illumos_gate_usr_src_uts_common_sys_kiconv_ja_unicode_6fb396351a07	CHUNK	Docs/researches/chunks/chunk_sources_os_illumos_illumos_gate_usr_src_uts_common_sys_kiconv_ja_unicode_6fb396351a07_research.md	sources/os/illumos/illumos-gate/usr/src/uts/common/sys/kiconv_ja_unicode_to_jis.h:7090-7616	1	21661	527	ok
chunk_sources_os_illumos_illumos_gate_usr_src_uts_common_sys_kiconv_ja_unicode_c0be363ae220	CHUNK	Docs/researches/chunks/chunk_sources_os_illumos_illumos_gate_usr_src_uts_common_sys_kiconv_ja_unicode_c0be363ae220_research.md	sources/os/illumos/illumos-gate/usr/src/uts/common/sys/kiconv_ja_unicode_to_jis.h:1-7089	1	262116	7089	ok
chunk_sources_os_illumos_illumos_gate_usr_src_uts_common_sys_kiconv_uhc_utf8_h_24b0e893478e	CHUNK	Docs/researches/chunks/chunk_sources_os_illumos_illumos_gate_usr_src_uts_common_sys_kiconv_uhc_utf8_h_24b0e893478e_research.md	sources/os/illumos/illumos-gate/usr/src/uts/common/sys/kiconv_uhc_utf8.h:8454-16909	1	262136	8456	ok
chunk_sources_os_illumos_illumos_gate_usr_src_uts_common_sys_kiconv_uhc_utf8_h_c1bdf8022969	CHUNK	Docs/researches/chunks/chunk_sources_os_illumos_illumos_gate_usr_src_uts_common_sys_kiconv_uhc_utf8_h_c1bdf8022969_research.md	sources/os/illumos/illumos-gate/usr/src/uts/common/sys/kiconv_uhc_utf8.h:16910-17136	1	6848	227	ok
chunk_sources_os_illumos_illumos_gate_usr_src_uts_common_sys_kiconv_uhc_utf8_h_f2ac9d54d85e	CHUNK	Docs/researches/chunks/chunk_sources_os_illumos_illumos_gate_usr_src_uts_common_sys_kiconv_uhc_utf8_h_f2ac9d54d85e_research.md	sources/os/illumos/illumos-gate/usr/src/uts/common/sys/kiconv_uhc_utf8.h:1-8453	1	262137	8453	ok
chunk_sources_os_illumos_illumos_gate_usr_src_uts_common_sys_kiconv_utf8_big5__20577447e3db	CHUNK	Docs/researches/chunks/chunk_sources_os_illumos_illumos_gate_usr_src_uts_common_sys_kiconv_utf8_big5__20577447e3db_research.md	sources/os/illumos/illumos-gate/usr/src/uts/common/sys/kiconv_utf8_big5.h:1-13699	1	262141	13699	ok
chunk_sources_os_illumos_illumos_gate_usr_src_uts_common_sys_kiconv_utf8_big5__3ae87638a735	CHUNK	Docs/researches/chunks/chunk_sources_os_illumos_illumos_gate_usr_src_uts_common_sys_kiconv_utf8_big5__3ae87638a735_research.md	sources/os/illumos/illumos-gate/usr/src/uts/common/sys/kiconv_utf8_big5.h:13700-13801	1	1858	102	ok
chunk_sources_os_illumos_illumos_gate_usr_src_uts_common_sys_kiconv_utf8_cp950_a76a22810ec9	CHUNK	Docs/researches/chunks/chunk_sources_os_illumos_illumos_gate_usr_src_uts_common_sys_kiconv_utf8_cp950_a76a22810ec9_research.md	sources/os/illumos/illumos-gate/usr/src/uts/common/sys/kiconv_utf8_cp950hkscs.h:1-13705	1	262139	13705	ok
chunk_sources_os_illumos_illumos_gate_usr_src_uts_common_sys_kiconv_utf8_cp950_dfe5517a5dd5	CHUNK	Docs/researches/chunks/chunk_sources_os_illumos_illumos_gate_usr_src_uts_common_sys_kiconv_utf8_cp950_dfe5517a5dd5_research.md	sources/os/illumos/illumos-gate/usr/src/uts/common/sys/kiconv_utf8_cp950hkscs.h:13706-18477	1	90594	4772	ok
chunk_sources_os_illumos_illumos_gate_usr_src_uts_common_sys_kiconv_utf8_euctw_376b56891390	CHUNK	Docs/researches/chunks/chunk_sources_os_illumos_illumos_gate_usr_src_uts_common_sys_kiconv_utf8_euctw_376b56891390_research.md	sources/os/illumos/illumos-gate/usr/src/uts/common/sys/kiconv_utf8_euctw.h:1-13007	1	262135	13007	ok
chunk_sources_os_illumos_illumos_gate_usr_src_uts_common_sys_kiconv_utf8_euctw_3f47fe2c0ceb	CHUNK	Docs/researches/chunks/chunk_sources_os_illumos_illumos_gate_usr_src_uts_common_sys_kiconv_utf8_euctw_3f47fe2c0ceb_research.md	sources/os/illumos/illumos-gate/usr/src/uts/common/sys/kiconv_utf8_euctw.h:37912-49826	1	262130	11915	ok
chunk_sources_os_illumos_illumos_gate_usr_src_uts_common_sys_kiconv_utf8_euctw_47b83b287746	CHUNK	Docs/researches/chunks/chunk_sources_os_illumos_illumos_gate_usr_src_uts_common_sys_kiconv_utf8_euctw_47b83b287746_research.md	sources/os/illumos/illumos-gate/usr/src/uts/common/sys/kiconv_utf8_euctw.h:13008-25996	1	262136	12989	ok
chunk_sources_os_illumos_illumos_gate_usr_src_uts_common_sys_kiconv_utf8_euctw_70711169f840	CHUNK	Docs/researches/chunks/chunk_sources_os_illumos_illumos_gate_usr_src_uts_common_sys_kiconv_utf8_euctw_70711169f840_research.md	sources/os/illumos/illumos-gate/usr/src/uts/common/sys/kiconv_utf8_euctw.h:49827-55539	1	125580	5713	ok
chunk_sources_os_illumos_illumos_gate_usr_src_uts_common_sys_kiconv_utf8_euctw_c1bbc0b0b16c	CHUNK	Docs/researches/chunks/chunk_sources_os_illumos_illumos_gate_usr_src_uts_common_sys_kiconv_utf8_euctw_c1bbc0b0b16c_research.md	sources/os/illumos/illumos-gate/usr/src/uts/common/sys/kiconv_utf8_euctw.h:25997-37911	1	262130	11915	ok
chunk_sources_os_illumos_illumos_gate_usr_src_uts_common_sys_kiconv_utf8_gb180_1e9eeacd7573	CHUNK	Docs/researches/chunks/chunk_sources_os_illumos_illumos_gate_usr_src_uts_common_sys_kiconv_utf8_gb180_1e9eeacd7573_research.md	sources/os/illumos/illumos-gate/usr/src/uts/common/sys/kiconv_utf8_gb18030.h:61209-63451	1	50785	2243	ok
chunk_sources_os_illumos_illumos_gate_usr_src_uts_common_sys_kiconv_utf8_gb180_40d67577ad8f	CHUNK	Docs/researches/chunks/chunk_sources_os_illumos_illumos_gate_usr_src_uts_common_sys_kiconv_utf8_gb180_40d67577ad8f_research.md	sources/os/illumos/illumos-gate/usr/src/uts/common/sys/kiconv_utf8_gb18030.h:11565-23674	1	262126	12110	ok
chunk_sources_os_illumos_illumos_gate_usr_src_uts_common_sys_kiconv_utf8_gb180_71fe82cb3480	CHUNK	Docs/researches/chunks/chunk_sources_os_illumos_illumos_gate_usr_src_uts_common_sys_kiconv_utf8_gb180_71fe82cb3480_research.md	sources/os/illumos/illumos-gate/usr/src/uts/common/sys/kiconv_utf8_gb18030.h:49452-61208	1	262139	11757	ok
chunk_sources_os_illumos_illumos_gate_usr_src_uts_common_sys_kiconv_utf8_gb180_8c3e6c55d1f9	CHUNK	Docs/researches/chunks/chunk_sources_os_illumos_illumos_gate_usr_src_uts_common_sys_kiconv_utf8_gb180_8c3e6c55d1f9_research.md	sources/os/illumos/illumos-gate/usr/src/uts/common/sys/kiconv_utf8_gb18030.h:1-11564	1	262129	11564	ok
chunk_sources_os_illumos_illumos_gate_usr_src_uts_common_sys_kiconv_utf8_gb180_b43910e0740f	CHUNK	Docs/researches/chunks/chunk_sources_os_illumos_illumos_gate_usr_src_uts_common_sys_kiconv_utf8_gb180_b43910e0740f_research.md	sources/os/illumos/illumos-gate/usr/src/uts/common/sys/kiconv_utf8_gb18030.h:23675-37471	1	262143	13797	ok
chunk_sources_os_illumos_illumos_gate_usr_src_uts_common_sys_kiconv_utf8_gb180_cd9899b98bc8	CHUNK	Docs/researches/chunks/chunk_sources_os_illumos_illumos_gate_usr_src_uts_common_sys_kiconv_utf8_gb180_cd9899b98bc8_research.md	sources/os/illumos/illumos-gate/usr/src/uts/common/sys/kiconv_utf8_gb18030.h:37472-49451	1	262128	11980	ok
chunk_sources_os_illumos_illumos_gate_usr_src_uts_common_sys_kiconv_utf8_hkscs_6b547d3444a2	CHUNK	Docs/researches/chunks/chunk_sources_os_illumos_illumos_gate_usr_src_uts_common_sys_kiconv_utf8_hkscs_6b547d3444a2_research.md	sources/os/illumos/illumos-gate/usr/src/uts/common/sys/kiconv_utf8_hkscs.h:1-13702	1	262137	13702	ok
chunk_sources_os_illumos_illumos_gate_usr_src_uts_common_sys_kiconv_utf8_hkscs_ae2d2eb59a09	CHUNK	Docs/researches/chunks/chunk_sources_os_illumos_illumos_gate_usr_src_uts_common_sys_kiconv_utf8_hkscs_ae2d2eb59a09_research.md	sources/os/illumos/illumos-gate/usr/src/uts/common/sys/kiconv_utf8_hkscs.h:13703-18512	1	94697	4810	ok
chunk_sources_os_illumos_illumos_gate_usr_src_uts_common_sys_kiconv_utf8_uhc_h_569e9a9760fc	CHUNK	Docs/researches/chunks/chunk_sources_os_illumos_illumos_gate_usr_src_uts_common_sys_kiconv_utf8_uhc_h_569e9a9760fc_research.md	sources/os/illumos/illumos-gate/usr/src/uts/common/sys/kiconv_utf8_uhc.h:13707-17137	1	65108	3431	ok
chunk_sources_os_illumos_illumos_gate_usr_src_uts_common_sys_kiconv_utf8_uhc_h_cb75ec257b2a	CHUNK	Docs/researches/chunks/chunk_sources_os_illumos_illumos_gate_usr_src_uts_common_sys_kiconv_utf8_uhc_h_cb75ec257b2a_research.md	sources/os/illumos/illumos-gate/usr/src/uts/common/sys/kiconv_utf8_uhc.h:1-13706	1	262139	13706	ok
chunk_sources_os_illumos_illumos_gate_usr_src_uts_common_sys_u8_textprep_data__bbab15de3cd9	CHUNK	Docs/researches/chunks/chunk_sources_os_illumos_illumos_gate_usr_src_uts_common_sys_u8_textprep_data__bbab15de3cd9_research.md	sources/os/illumos/illumos-gate/usr/src/uts/common/sys/u8_textprep_data.h:1-6876	1	262106	6876	ok
chunk_sources_os_illumos_illumos_gate_usr_src_uts_common_sys_u8_textprep_data__d6d7db338d88	CHUNK	Docs/researches/chunks/chunk_sources_os_illumos_illumos_gate_usr_src_uts_common_sys_u8_textprep_data__d6d7db338d88_research.md	sources/os/illumos/illumos-gate/usr/src/uts/common/sys/u8_textprep_data.h:13204-19890	1	262141	6687	ok
chunk_sources_os_illumos_illumos_gate_usr_src_uts_common_sys_u8_textprep_data__e74908e45082	CHUNK	Docs/researches/chunks/chunk_sources_os_illumos_illumos_gate_usr_src_uts_common_sys_u8_textprep_data__e74908e45082_research.md	sources/os/illumos/illumos-gate/usr/src/uts/common/sys/u8_textprep_data.h:31357-35374	1	167141	4018	ok
chunk_sources_os_illumos_illumos_gate_usr_src_uts_common_sys_u8_textprep_data__e74ed2bf25b8	CHUNK	Docs/researches/chunks/chunk_sources_os_illumos_illumos_gate_usr_src_uts_common_sys_u8_textprep_data__e74ed2bf25b8_research.md	sources/os/illumos/illumos-gate/usr/src/uts/common/sys/u8_textprep_data.h:6877-13203	1	262127	6327	ok
chunk_sources_os_illumos_illumos_gate_usr_src_uts_common_sys_u8_textprep_data__edb2cdfb892c	CHUNK	Docs/researches/chunks/chunk_sources_os_illumos_illumos_gate_usr_src_uts_common_sys_u8_textprep_data__edb2cdfb892c_research.md	sources/os/illumos/illumos-gate/usr/src/uts/common/sys/u8_textprep_data.h:19891-25440	1	262117	5550	ok
chunk_sources_os_illumos_illumos_gate_usr_src_uts_common_sys_u8_textprep_data__f603586cce63	CHUNK	Docs/researches/chunks/chunk_sources_os_illumos_illumos_gate_usr_src_uts_common_sys_u8_textprep_data__f603586cce63_research.md	sources/os/illumos/illumos-gate/usr/src/uts/common/sys/u8_textprep_data.h:25441-31356	1	262111	5916	ok
chunk_sources_os_linux_linux_block_bfq_iosched_c_1_1_7379_90b2c5733d08	CHUNK	Docs/researches/chunks/chunk_sources_os_linux_linux_block_bfq_iosched_c_1_1_7379_90b2c5733d08_research.md	sources/os/linux/linux/block/bfq-iosched.c:1-7379	1	262105	7379	ok
chunk_sources_os_linux_linux_block_bfq_iosched_c_2_7380_7682_36ddf2a1082b	CHUNK	Docs/researches/chunks/chunk_sources_os_linux_linux_block_bfq_iosched_c_2_7380_7682_36ddf2a1082b_research.md	sources/os/linux/linux/block/bfq-iosched.c:7380-7682	1	8352	303	ok
chunk_sources_os_linux_linux_fs_btrfs_inode_c_1_1_8840_067e97753d47	CHUNK	Docs/researches/chunks/chunk_sources_os_linux_linux_fs_btrfs_inode_c_1_1_8840_067e97753d47_research.md	sources/os/linux/linux/fs/btrfs/inode.c:1-8840	1	262084	8840	ok
chunk_sources_os_linux_linux_fs_btrfs_inode_c_2_8841_10805_04b43d528a11	CHUNK	Docs/researches/chunks/chunk_sources_os_linux_linux_fs_btrfs_inode_c_2_8841_10805_04b43d528a11_research.md	sources/os/linux/linux/fs/btrfs/inode.c:8841-10805	1	56053	1965	ok
chunk_sources_os_linux_linux_fs_nfs_nfs4proc_c_1_1_9520_f6c8012c3536	CHUNK	Docs/researches/chunks/chunk_sources_os_linux_linux_fs_nfs_nfs4proc_c_1_1_9520_f6c8012c3536_research.md	sources/os/linux/linux/fs/nfs/nfs4proc.c:1-9520	1	262135	9520	ok
chunk_sources_os_linux_linux_fs_nfs_nfs4proc_c_2_9521_10754_0ef2d18db04f	CHUNK	Docs/researches/chunks/chunk_sources_os_linux_linux_fs_nfs_nfs4proc_c_2_9521_10754_0ef2d18db04f_research.md	sources/os/linux/linux/fs/nfs/nfs4proc.c:9521-10754	1	32986	1234	ok
chunk_sources_os_linux_linux_fs_nls_nls_cp932_c_1_1_4152_cd7b667b3ab8	CHUNK	Docs/researches/chunks/chunk_sources_os_linux_linux_fs_nls_nls_cp932_c_1_1_4152_cd7b667b3ab8_research.md	sources/os/linux/linux/fs/nls/nls_cp932.c:1-4152	1	262094	4152	ok
chunk_sources_os_linux_linux_fs_nls_nls_cp932_c_2_4153_7934_2bddfa0fc365	CHUNK	Docs/researches/chunks/chunk_sources_os_linux_linux_fs_nls_nls_cp932_c_2_4153_7934_2bddfa0fc365_research.md	sources/os/linux/linux/fs/nls/nls_cp932.c:4153-7934	1	229129	3782	ok
chunk_sources_os_linux_linux_fs_nls_nls_cp936_c_1_1_3984_6153d81b2f92	CHUNK	Docs/researches/chunks/chunk_sources_os_linux_linux_fs_nls_nls_cp936_c_1_1_3984_6153d81b2f92_research.md	sources/os/linux/linux/fs/nls/nls_cp936.c:1-3984	1	262088	3984	ok
chunk_sources_os_linux_linux_fs_nls_nls_cp936_c_2_3985_8212_d83329ae5427	CHUNK	Docs/researches/chunks/chunk_sources_os_linux_linux_fs_nls_nls_cp936_c_2_3985_8212_d83329ae5427_research.md	sources/os/linux/linux/fs/nls/nls_cp936.c:3985-8212	1	262119	4228	ok
chunk_sources_os_linux_linux_fs_nls_nls_cp936_c_3_8213_11112_8039314df632	CHUNK	Docs/researches/chunks/chunk_sources_os_linux_linux_fs_nls_nls_cp936_c_3_8213_11112_8039314df632_research.md	sources/os/linux/linux/fs/nls/nls_cp936.c:8213-11112	1	174159	2900	ok
chunk_sources_os_linux_linux_fs_nls_nls_cp949_c_1_1_3981_0dac1408871b	CHUNK	Docs/researches/chunks/chunk_sources_os_linux_linux_fs_nls_nls_cp949_c_1_1_3981_0dac1408871b_research.md	sources/os/linux/linux/fs/nls/nls_cp949.c:1-3981	1	262119	3981	ok
chunk_sources_os_linux_linux_fs_nls_nls_cp949_c_2_3982_8200_94a3971fa371	CHUNK	Docs/researches/chunks/chunk_sources_os_linux_linux_fs_nls_nls_cp949_c_2_3982_8200_94a3971fa371_research.md	sources/os/linux/linux/fs/nls/nls_cp949.c:3982-8200	1	262112	4219	ok
chunk_sources_os_linux_linux_fs_nls_nls_cp949_c_3_8201_12440_f5b501257056	CHUNK	Docs/researches/chunks/chunk_sources_os_linux_linux_fs_nls_nls_cp949_c_3_8201_12440_f5b501257056_research.md	sources/os/linux/linux/fs/nls/nls_cp949.c:8201-12440	1	262096	4240	ok
chunk_sources_os_linux_linux_fs_nls_nls_cp949_c_4_12441_13947_41931786529c	CHUNK	Docs/researches/chunks/chunk_sources_os_linux_linux_fs_nls_nls_cp949_c_4_12441_13947_41931786529c_research.md	sources/os/linux/linux/fs/nls/nls_cp949.c:12441-13947	1	88972	1507	ok
chunk_sources_os_linux_linux_fs_nls_nls_cp950_c_1_1_4046_13485365a1c1	CHUNK	Docs/researches/chunks/chunk_sources_os_linux_linux_fs_nls_nls_cp950_c_1_1_4046_13485365a1c1_research.md	sources/os/linux/linux/fs/nls/nls_cp950.c:1-4046	1	262089	4046	ok
chunk_sources_os_linux_linux_fs_nls_nls_cp950_c_2_4047_8283_c5cc4d81441c	CHUNK	Docs/researches/chunks/chunk_sources_os_linux_linux_fs_nls_nls_cp950_c_2_4047_8283_c5cc4d81441c_research.md	sources/os/linux/linux/fs/nls/nls_cp950.c:4047-8283	1	262112	4237	ok
chunk_sources_os_linux_linux_fs_nls_nls_cp950_c_3_8284_9483_bb14b2fa077c	CHUNK	Docs/researches/chunks/chunk_sources_os_linux_linux_fs_nls_nls_cp950_c_3_8284_9483_bb14b2fa077c_research.md	sources/os/linux/linux/fs/nls/nls_cp950.c:8284-9483	1	69713	1200	ok
chunk_sources_os_linux_linux_stable_fs_btrfs_inode_c_1_1_8840_d3366440c5ce	CHUNK	Docs/researches/chunks/chunk_sources_os_linux_linux_stable_fs_btrfs_inode_c_1_1_8840_d3366440c5ce_research.md	sources/os/linux/linux-stable/fs/btrfs/inode.c:1-8840	1	262079	8840	ok
chunk_sources_os_linux_linux_stable_fs_btrfs_inode_c_2_8841_10805_2644b90a541a	CHUNK	Docs/researches/chunks/chunk_sources_os_linux_linux_stable_fs_btrfs_inode_c_2_8841_10805_2644b90a541a_research.md	sources/os/linux/linux-stable/fs/btrfs/inode.c:8841-10805	1	56053	1965	ok
chunk_sources_os_linux_linux_stable_fs_nfs_nfs4proc_c_1_1_9526_916105ce4105	CHUNK	Docs/researches/chunks/chunk_sources_os_linux_linux_stable_fs_nfs_nfs4proc_c_1_1_9526_916105ce4105_research.md	sources/os/linux/linux-stable/fs/nfs/nfs4proc.c:1-9526	1	262136	9526	ok
chunk_sources_os_linux_linux_stable_fs_nfs_nfs4proc_c_2_9527_10750_174064f9904c	CHUNK	Docs/researches/chunks/chunk_sources_os_linux_linux_stable_fs_nfs_nfs4proc_c_2_9527_10750_174064f9904c_research.md	sources/os/linux/linux-stable/fs/nfs/nfs4proc.c:9527-10750	1	32788	1224	ok
chunk_sources_os_linux_linux_stable_fs_nls_nls_cp932_c_1_1_4152_a6ea872305bb	CHUNK	Docs/researches/chunks/chunk_sources_os_linux_linux_stable_fs_nls_nls_cp932_c_1_1_4152_a6ea872305bb_research.md	sources/os/linux/linux-stable/fs/nls/nls_cp932.c:1-4152	1	262094	4152	ok
chunk_sources_os_linux_linux_stable_fs_nls_nls_cp932_c_2_4153_7934_0dc6d959dfb7	CHUNK	Docs/researches/chunks/chunk_sources_os_linux_linux_stable_fs_nls_nls_cp932_c_2_4153_7934_0dc6d959dfb7_research.md	sources/os/linux/linux-stable/fs/nls/nls_cp932.c:4153-7934	1	229129	3782	ok
chunk_sources_os_linux_linux_stable_fs_nls_nls_cp936_c_1_1_3984_ba730d5c32db	CHUNK	Docs/researches/chunks/chunk_sources_os_linux_linux_stable_fs_nls_nls_cp936_c_1_1_3984_ba730d5c32db_research.md	sources/os/linux/linux-stable/fs/nls/nls_cp936.c:1-3984	1	262088	3984	ok
chunk_sources_os_linux_linux_stable_fs_nls_nls_cp936_c_2_3985_8212_5ee643007aea	CHUNK	Docs/researches/chunks/chunk_sources_os_linux_linux_stable_fs_nls_nls_cp936_c_2_3985_8212_5ee643007aea_research.md	sources/os/linux/linux-stable/fs/nls/nls_cp936.c:3985-8212	1	262119	4228	ok
chunk_sources_os_linux_linux_stable_fs_nls_nls_cp936_c_3_8213_11112_8f15402e3205	CHUNK	Docs/researches/chunks/chunk_sources_os_linux_linux_stable_fs_nls_nls_cp936_c_3_8213_11112_8f15402e3205_research.md	sources/os/linux/linux-stable/fs/nls/nls_cp936.c:8213-11112	1	174159	2900	ok
chunk_sources_os_linux_linux_stable_fs_nls_nls_cp949_c_1_1_3981_849ae9e8643f	CHUNK	Docs/researches/chunks/chunk_sources_os_linux_linux_stable_fs_nls_nls_cp949_c_1_1_3981_849ae9e8643f_research.md	sources/os/linux/linux-stable/fs/nls/nls_cp949.c:1-3981	1	262119	3981	ok
chunk_sources_os_linux_linux_stable_fs_nls_nls_cp949_c_2_3982_8200_45630c500721	CHUNK	Docs/researches/chunks/chunk_sources_os_linux_linux_stable_fs_nls_nls_cp949_c_2_3982_8200_45630c500721_research.md	sources/os/linux/linux-stable/fs/nls/nls_cp949.c:3982-8200	1	262112	4219	ok
chunk_sources_os_linux_linux_stable_fs_nls_nls_cp949_c_3_8201_12440_4a1e78a40910	CHUNK	Docs/researches/chunks/chunk_sources_os_linux_linux_stable_fs_nls_nls_cp949_c_3_8201_12440_4a1e78a40910_research.md	sources/os/linux/linux-stable/fs/nls/nls_cp949.c:8201-12440	1	262096	4240	ok
chunk_sources_os_linux_linux_stable_fs_nls_nls_cp949_c_4_12441_13947_9a944806100b	CHUNK	Docs/researches/chunks/chunk_sources_os_linux_linux_stable_fs_nls_nls_cp949_c_4_12441_13947_9a944806100b_research.md	sources/os/linux/linux-stable/fs/nls/nls_cp949.c:12441-13947	1	88972	1507	ok
chunk_sources_os_linux_linux_stable_fs_nls_nls_cp950_c_1_1_4046_0d7e70e6e2f2	CHUNK	Docs/researches/chunks/chunk_sources_os_linux_linux_stable_fs_nls_nls_cp950_c_1_1_4046_0d7e70e6e2f2_research.md	sources/os/linux/linux-stable/fs/nls/nls_cp950.c:1-4046	1	262089	4046	ok
chunk_sources_os_linux_linux_stable_fs_nls_nls_cp950_c_2_4047_8283_691da7689f64	CHUNK	Docs/researches/chunks/chunk_sources_os_linux_linux_stable_fs_nls_nls_cp950_c_2_4047_8283_691da7689f64_research.md	sources/os/linux/linux-stable/fs/nls/nls_cp950.c:4047-8283	1	262112	4237	ok
chunk_sources_os_linux_linux_stable_fs_nls_nls_cp950_c_3_8284_9483_9ffaf86e2263	CHUNK	Docs/researches/chunks/chunk_sources_os_linux_linux_stable_fs_nls_nls_cp950_c_3_8284_9483_9ffaf86e2263_research.md	sources/os/linux/linux-stable/fs/nls/nls_cp950.c:8284-9483	1	69713	1200	ok
chunk_sources_os_plan9_9front_sys_src_cmd_audio_libvorbis_books_coupled_res_bo_2e22d0e34269	CHUNK	Docs/researches/chunks/chunk_sources_os_plan9_9front_sys_src_cmd_audio_libvorbis_books_coupled_res_bo_2e22d0e34269_research.md	sources/os/plan9/9front/sys/src/cmd/audio/libvorbis/books/coupled/res_books_stereo.h:13304-15782	1	105310	2479	ok
chunk_sources_os_plan9_9front_sys_src_cmd_audio_libvorbis_books_coupled_res_bo_37f115d9e336	CHUNK	Docs/researches/chunks/chunk_sources_os_plan9_9front_sys_src_cmd_audio_libvorbis_books_coupled_res_bo_37f115d9e336_research.md	sources/os/plan9/9front/sys/src/cmd/audio/libvorbis/books/coupled/res_books_51.h:7053-12273	1	197481	5221	ok
chunk_sources_os_plan9_9front_sys_src_cmd_audio_libvorbis_books_coupled_res_bo_67a0944e899d	CHUNK	Docs/researches/chunks/chunk_sources_os_plan9_9front_sys_src_cmd_audio_libvorbis_books_coupled_res_bo_67a0944e899d_research.md	sources/os/plan9/9front/sys/src/cmd/audio/libvorbis/books/coupled/res_books_stereo.h:1-6319	1	262125	6319	ok
chunk_sources_os_plan9_9front_sys_src_cmd_audio_libvorbis_books_coupled_res_bo_76c5ded57884	CHUNK	Docs/researches/chunks/chunk_sources_os_plan9_9front_sys_src_cmd_audio_libvorbis_books_coupled_res_bo_76c5ded57884_research.md	sources/os/plan9/9front/sys/src/cmd/audio/libvorbis/books/coupled/res_books_51.h:1-7052	1	262111	7052	ok
chunk_sources_os_plan9_9front_sys_src_cmd_audio_libvorbis_books_coupled_res_bo_baf3ef464269	CHUNK	Docs/researches/chunks/chunk_sources_os_plan9_9front_sys_src_cmd_audio_libvorbis_books_coupled_res_bo_baf3ef464269_research.md	sources/os/plan9/9front/sys/src/cmd/audio/libvorbis/books/coupled/res_books_stereo.h:6320-13303	1	262100	6984	ok
chunk_sources_os_plan9_9front_sys_src_cmd_gs_icclib_icc_c_1_1_9299_097a14b7666f	CHUNK	Docs/researches/chunks/chunk_sources_os_plan9_9front_sys_src_cmd_gs_icclib_icc_c_1_1_9299_097a14b7666f_research.md	sources/os/plan9/9front/sys/src/cmd/gs/icclib/icc.c:1-9299	1	262143	9299	ok
chunk_sources_os_plan9_9front_sys_src_cmd_gs_icclib_icc_c_2_9300_12776_a01e27881288	CHUNK	Docs/researches/chunks/chunk_sources_os_plan9_9front_sys_src_cmd_gs_icclib_icc_c_2_9300_12776_a01e27881288_research.md	sources/os/plan9/9front/sys/src/cmd/gs/icclib/icc.c:9300-12776	1	100576	3477	ok
chunk_sources_os_plan9_9front_sys_src_cmd_gs_src_gdevupd_c_1_1_7500_04212c3af4f5	CHUNK	Docs/researches/chunks/chunk_sources_os_plan9_9front_sys_src_cmd_gs_src_gdevupd_c_1_1_7500_04212c3af4f5_research.md	sources/os/plan9/9front/sys/src/cmd/gs/src/gdevupd.c:1-7500	1	262126	7500	ok
chunk_sources_os_plan9_9front_sys_src_cmd_gs_src_gdevupd_c_2_7501_7642_724fcc7e6725	CHUNK	Docs/researches/chunks/chunk_sources_os_plan9_9front_sys_src_cmd_gs_src_gdevupd_c_2_7501_7642_724fcc7e6725_research.md	sources/os/plan9/9front/sys/src/cmd/gs/src/gdevupd.c:7501-7642	1	2898	142	ok
chunk_sources_os_plan9_plan9_sys_src_cmd_gs_icclib_icc_c_1_1_9299_b4b6fe720c26	CHUNK	Docs/researches/chunks/chunk_sources_os_plan9_plan9_sys_src_cmd_gs_icclib_icc_c_1_1_9299_b4b6fe720c26_research.md	sources/os/plan9/plan9/sys/src/cmd/gs/icclib/icc.c:1-9299	1	262143	9299	ok
chunk_sources_os_plan9_plan9_sys_src_cmd_gs_icclib_icc_c_2_9300_12776_91d961ca5f49	CHUNK	Docs/researches/chunks/chunk_sources_os_plan9_plan9_sys_src_cmd_gs_icclib_icc_c_2_9300_12776_91d961ca5f49_research.md	sources/os/plan9/plan9/sys/src/cmd/gs/icclib/icc.c:9300-12776	1	100574	3477	ok
chunk_sources_os_plan9_plan9_sys_src_cmd_gs_src_gdevupd_c_1_1_7500_b9d052209f12	CHUNK	Docs/researches/chunks/chunk_sources_os_plan9_plan9_sys_src_cmd_gs_src_gdevupd_c_1_1_7500_b9d052209f12_research.md	sources/os/plan9/plan9/sys/src/cmd/gs/src/gdevupd.c:1-7500	1	262126	7500	ok
chunk_sources_os_plan9_plan9_sys_src_cmd_gs_src_gdevupd_c_2_7501_7642_4fac1f096e10	CHUNK	Docs/researches/chunks/chunk_sources_os_plan9_plan9_sys_src_cmd_gs_src_gdevupd_c_2_7501_7642_4fac1f096e10_research.md	sources/os/plan9/plan9/sys/src/cmd/gs/src/gdevupd.c:7501-7642	1	2898	142	ok
chunk_sources_virtualization_nvme_cli_libnvme_src_nvme_nvme_types_base_h_1_1_6_d45d3742de5a	CHUNK	Docs/researches/chunks/chunk_sources_virtualization_nvme_cli_libnvme_src_nvme_nvme_types_base_h_1_1_6_d45d3742de5a_research.md	sources/virtualization/nvme-cli/libnvme/src/nvme/nvme-types-base.h:1-6562	1	262080	6562	ok
chunk_sources_virtualization_nvme_cli_libnvme_src_nvme_nvme_types_base_h_2_656_fd02d2e04a63	CHUNK	Docs/researches/chunks/chunk_sources_virtualization_nvme_cli_libnvme_src_nvme_nvme_types_base_h_2_656_fd02d2e04a63_research.md	sources/virtualization/nvme-cli/libnvme/src/nvme/nvme-types-base.h:6563-9212	1	102754	2650	ok
chunk_sources_virtualization_nvme_cli_nvme_c_1_1_9504_4e0556111f34	CHUNK	Docs/researches/chunks/chunk_sources_virtualization_nvme_cli_nvme_c_1_1_9504_4e0556111f34_research.md	sources/virtualization/nvme-cli/nvme.c:1-9504	1	262124	9504	ok
chunk_sources_virtualization_nvme_cli_nvme_c_2_9505_11419_e8317836987b	CHUNK	Docs/researches/chunks/chunk_sources_virtualization_nvme_cli_nvme_c_2_9505_11419_e8317836987b_research.md	sources/virtualization/nvme-cli/nvme.c:9505-11419	1	48111	1915	ok
chunk_sources_virtualization_nvme_cli_plugins_wdc_wdc_nvme_c_1_1_7532_6435643d1400	CHUNK	Docs/researches/chunks/chunk_sources_virtualization_nvme_cli_plugins_wdc_wdc_nvme_c_1_1_7532_6435643d1400_research.md	sources/virtualization/nvme-cli/plugins/wdc/wdc-nvme.c:1-7532	1	262124	7532	ok
chunk_sources_virtualization_nvme_cli_plugins_wdc_wdc_nvme_c_2_7533_12905_f4fab7f21789	CHUNK	Docs/researches/chunks/chunk_sources_virtualization_nvme_cli_plugins_wdc_wdc_nvme_c_2_7533_12905_f4fab7f21789_research.md	sources/virtualization/nvme-cli/plugins/wdc/wdc-nvme.c:7533-12905	1	171193	5373	ok
chunk_sources_virtualization_spdk_lib_bdev_bdev_c_1_1_9156_78bb6577d9b7	CHUNK	Docs/researches/chunks/chunk_sources_virtualization_spdk_lib_bdev_bdev_c_1_1_9156_78bb6577d9b7_research.md	sources/virtualization/spdk/lib/bdev/bdev.c:1-9156	1	262132	9156	ok
chunk_sources_virtualization_spdk_lib_bdev_bdev_c_2_9157_11549_d81a8c267140	CHUNK	Docs/researches/chunks/chunk_sources_virtualization_spdk_lib_bdev_bdev_c_2_9157_11549_d81a8c267140_research.md	sources/virtualization/spdk/lib/bdev/bdev.c:9157-11549	1	63657	2393	ok
chunk_sources_virtualization_spdk_lib_blob_blobstore_c_1_1_9615_123117d3cfe4	CHUNK	Docs/researches/chunks/chunk_sources_virtualization_spdk_lib_blob_blobstore_c_1_1_9615_123117d3cfe4_research.md	sources/virtualization/spdk/lib/blob/blobstore.c:1-9615	1	262078	9615	ok
chunk_sources_virtualization_spdk_lib_blob_blobstore_c_2_9616_10533_f8d9c18fc284	CHUNK	Docs/researches/chunks/chunk_sources_virtualization_spdk_lib_blob_blobstore_c_2_9616_10533_f8d9c18fc284_research.md	sources/virtualization/spdk/lib/blob/blobstore.c:9616-10533	1	25219	918	ok
chunk_sources_virtualization_spdk_module_bdev_nvme_bdev_nvme_c_1_1_9314_7b9a25617e12	CHUNK	Docs/researches/chunks/chunk_sources_virtualization_spdk_module_bdev_nvme_bdev_nvme_c_1_1_9314_7b9a25617e12_research.md	sources/virtualization/spdk/module/bdev/nvme/bdev_nvme.c:1-9314	1	262102	9314	ok
chunk_sources_virtualization_spdk_module_bdev_nvme_bdev_nvme_c_2_9315_9853_f3bda01e974f	CHUNK	Docs/researches/chunks/chunk_sources_virtualization_spdk_module_bdev_nvme_bdev_nvme_c_2_9315_9853_f3bda01e974f_research.md	sources/virtualization/spdk/module/bdev/nvme/bdev_nvme.c:9315-9853	1	15542	539	ok
chunk_sources_windows_reactos_drivers_filesystems_btrfs_flushthread_c_1_1_7495_0ac7e38d3f25	CHUNK	Docs/researches/chunks/chunk_sources_windows_reactos_drivers_filesystems_btrfs_flushthread_c_1_1_7495_0ac7e38d3f25_research.md	sources/windows/reactos/drivers/filesystems/btrfs/flushthread.c:1-7495	1	262113	7495	ok
chunk_sources_windows_reactos_drivers_filesystems_btrfs_flushthread_c_2_7496_7_d1a442ac08b6	CHUNK	Docs/researches/chunks/chunk_sources_windows_reactos_drivers_filesystems_btrfs_flushthread_c_2_7496_7_d1a442ac08b6_research.md	sources/windows/reactos/drivers/filesystems/btrfs/flushthread.c:7496-7946	1	12910	451	ok
chunk_sources_windows_reactos_drivers_filesystems_ext2_src_nls_nls_cp932_c_1_1_f426f8f9e1c8	CHUNK	Docs/researches/chunks/chunk_sources_windows_reactos_drivers_filesystems_ext2_src_nls_nls_cp932_c_1_1_f426f8f9e1c8_research.md	sources/windows/reactos/drivers/filesystems/ext2/src/nls/nls_cp932.c:1-3983	1	262092	3983	ok
chunk_sources_windows_reactos_drivers_filesystems_ext2_src_nls_nls_cp932_c_2_3_a63cc8c72ab7	CHUNK	Docs/researches/chunks/chunk_sources_windows_reactos_drivers_filesystems_ext2_src_nls_nls_cp932_c_2_3_a63cc8c72ab7_research.md	sources/windows/reactos/drivers/filesystems/ext2/src/nls/nls_cp932.c:3984-7946	1	250878	3963	ok
chunk_sources_windows_reactos_drivers_filesystems_ext2_src_nls_nls_cp936_c_1_1_d2ea7012f8ed	CHUNK	Docs/researches/chunks/chunk_sources_windows_reactos_drivers_filesystems_ext2_src_nls_nls_cp936_c_1_1_d2ea7012f8ed_research.md	sources/windows/reactos/drivers/filesystems/ext2/src/nls/nls_cp936.c:1-3840	1	262094	3840	ok
chunk_sources_windows_reactos_drivers_filesystems_ext2_src_nls_nls_cp936_c_2_3_467c486ce831	CHUNK	Docs/researches/chunks/chunk_sources_windows_reactos_drivers_filesystems_ext2_src_nls_nls_cp936_c_2_3_467c486ce831_research.md	sources/windows/reactos/drivers/filesystems/ext2/src/nls/nls_cp936.c:3841-7884	1	262088	4044	ok
chunk_sources_windows_reactos_drivers_filesystems_ext2_src_nls_nls_cp936_c_3_7_ba0c86810d37	CHUNK	Docs/researches/chunks/chunk_sources_windows_reactos_drivers_filesystems_ext2_src_nls_nls_cp936_c_3_7_ba0c86810d37_research.md	sources/windows/reactos/drivers/filesystems/ext2/src/nls/nls_cp936.c:7885-11031	1	198722	3147	ok
chunk_sources_windows_reactos_drivers_filesystems_ext2_src_nls_nls_cp949_c_1_1_64130ec38081	CHUNK	Docs/researches/chunks/chunk_sources_windows_reactos_drivers_filesystems_ext2_src_nls_nls_cp949_c_1_1_64130ec38081_research.md	sources/windows/reactos/drivers/filesystems/ext2/src/nls/nls_cp949.c:1-3837	1	262134	3837	ok
chunk_sources_windows_reactos_drivers_filesystems_ext2_src_nls_nls_cp949_c_2_3_184ad159651f	CHUNK	Docs/researches/chunks/chunk_sources_windows_reactos_drivers_filesystems_ext2_src_nls_nls_cp949_c_2_3_184ad159651f_research.md	sources/windows/reactos/drivers/filesystems/ext2/src/nls/nls_cp949.c:3838-7873	1	262116	4036	ok
chunk_sources_windows_reactos_drivers_filesystems_ext2_src_nls_nls_cp949_c_3_7_16b7f548a926	CHUNK	Docs/researches/chunks/chunk_sources_windows_reactos_drivers_filesystems_ext2_src_nls_nls_cp949_c_3_7_16b7f548a926_research.md	sources/windows/reactos/drivers/filesystems/ext2/src/nls/nls_cp949.c:7874-11936	1	262091	4063	ok
chunk_sources_windows_reactos_drivers_filesystems_ext2_src_nls_nls_cp949_c_4_1_58943dadd792	CHUNK	Docs/researches/chunks/chunk_sources_windows_reactos_drivers_filesystems_ext2_src_nls_nls_cp949_c_4_1_58943dadd792_research.md	sources/windows/reactos/drivers/filesystems/ext2/src/nls/nls_cp949.c:11937-13948	1	125560	2012	ok
chunk_sources_windows_reactos_drivers_filesystems_ext2_src_nls_nls_cp950_c_1_1_dbce4f288dcb	CHUNK	Docs/researches/chunks/chunk_sources_windows_reactos_drivers_filesystems_ext2_src_nls_nls_cp950_c_1_1_dbce4f288dcb_research.md	sources/windows/reactos/drivers/filesystems/ext2/src/nls/nls_cp950.c:1-3890	1	262080	3890	ok
chunk_sources_windows_reactos_drivers_filesystems_ext2_src_nls_nls_cp950_c_2_3_d18642326932	CHUNK	Docs/researches/chunks/chunk_sources_windows_reactos_drivers_filesystems_ext2_src_nls_nls_cp950_c_2_3_d18642326932_research.md	sources/windows/reactos/drivers/filesystems/ext2/src/nls/nls_cp950.c:3891-7950	1	262117	4060	ok
chunk_sources_windows_reactos_drivers_filesystems_ext2_src_nls_nls_cp950_c_3_7_23d36c75e314	CHUNK	Docs/researches/chunks/chunk_sources_windows_reactos_drivers_filesystems_ext2_src_nls_nls_cp950_c_3_7_23d36c75e314_research.md	sources/windows/reactos/drivers/filesystems/ext2/src/nls/nls_cp950.c:7951-9487	1	94691	1537	ok
chunk_sources_windows_winbtrfs_src_flushthread_c_1_1_7488_5cf62b03c528	CHUNK	Docs/researches/chunks/chunk_sources_windows_winbtrfs_src_flushthread_c_1_1_7488_5cf62b03c528_research.md	sources/windows/winbtrfs/src/flushthread.c:1-7488	1	262123	7488	ok
chunk_sources_windows_winbtrfs_src_flushthread_c_2_7489_7950_2e9537f5de9e	CHUNK	Docs/researches/chunks/chunk_sources_windows_winbtrfs_src_flushthread_c_2_7489_7950_2e9537f5de9e_research.md	sources/windows/winbtrfs/src/flushthread.c:7489-7950	1	13097	462	ok
group_1000_linux_stable_sources_os_linux_linux_stable_fs_gfs2_file_c_sources_o_6485e0a29a62	GROUP	Docs/researches/groups/group_1000_linux_stable_sources_os_linux_linux_stable_fs_gfs2_file_c_sources_o_6485e0a29a62_research.md	linux-stable:9 files	9	226290	8910	ok
group_1001_linux_stable_sources_os_linux_linux_stable_fs_gfs2_lock_dlm_c_sourc_0773072fe839	GROUP	Docs/researches/groups/group_1001_linux_stable_sources_os_linux_linux_stable_fs_gfs2_lock_dlm_c_sourc_0773072fe839_research.md	linux-stable:13 files	13	246662	9306	ok
group_1002_linux_stable_sources_os_linux_linux_stable_fs_gfs2_rgrp_c_sources_o_27466dd9bef6	GROUP	Docs/researches/groups/group_1002_linux_stable_sources_os_linux_linux_stable_fs_gfs2_rgrp_c_sources_o_27466dd9bef6_research.md	linux-stable:19 files	19	254941	9875	ok
group_1003_linux_stable_sources_os_linux_linux_stable_fs_hfs_brec_c_sources_os_bebcba58e5de	GROUP	Docs/researches/groups/group_1003_linux_stable_sources_os_linux_linux_stable_fs_hfs_brec_c_sources_os_bebcba58e5de_research.md	linux-stable:27 files	27	251854	9853	ok
group_1004_linux_stable_sources_os_linux_linux_stable_fs_hfsplus_hfsplus_fs_h__564ff62e5f48	GROUP	Docs/researches/groups/group_1004_linux_stable_sources_os_linux_linux_stable_fs_hfsplus_hfsplus_fs_h__564ff62e5f48_research.md	linux-stable:10 files	10	255877	8103	ok
group_1005_linux_stable_sources_os_linux_linux_stable_fs_hfsplus_wrapper_c_sou_507272f16618	GROUP	Docs/researches/groups/group_1005_linux_stable_sources_os_linux_linux_stable_fs_hfsplus_wrapper_c_sou_507272f16618_research.md	linux-stable:27 files	27	243889	8918	ok
group_1006_linux_stable_sources_os_linux_linux_stable_fs_hpfs_super_c_sources__b113d626bb5b	GROUP	Docs/researches/groups/group_1006_linux_stable_sources_os_linux_linux_stable_fs_hpfs_super_c_sources__b113d626bb5b_research.md	linux-stable:10 files	10	246798	8945	ok
group_1007_linux_stable_sources_os_linux_linux_stable_fs_iomap_direct_io_c_sou_033d3888d116	GROUP	Docs/researches/groups/group_1007_linux_stable_sources_os_linux_linux_stable_fs_iomap_direct_io_c_sou_033d3888d116_research.md	linux-stable:26 files	26	228347	8311	ok
group_1008_linux_stable_sources_os_linux_linux_stable_fs_jbd2_journal_c_source_44c1ab2ba141	GROUP	Docs/researches/groups/group_1008_linux_stable_sources_os_linux_linux_stable_fs_jbd2_journal_c_source_44c1ab2ba141_research.md	linux-stable:10 files	10	261867	8912	ok
group_1009_linux_stable_sources_os_linux_linux_stable_fs_jffs2_compr_c_sources_3ed21b30ed25	GROUP	Docs/researches/groups/group_1009_linux_stable_sources_os_linux_linux_stable_fs_jffs2_compr_c_sources_3ed21b30ed25_research.md	linux-stable:19 files	19	237708	8242	ok
group_100_9front_sources_os_plan9_9front_sys_src_cmd_gs_src_gdevcdj_c_sources__28df8864b72f	GROUP	Docs/researches/groups/group_100_9front_sources_os_plan9_9front_sys_src_cmd_gs_src_gdevcdj_c_sources__28df8864b72f_research.md	9front:16 files	16	262053	8779	ok
group_1010_linux_stable_sources_os_linux_linux_stable_fs_jffs2_nodemgmt_c_sour_7d61b6499c27	GROUP	Docs/researches/groups/group_1010_linux_stable_sources_os_linux_linux_stable_fs_jffs2_nodemgmt_c_sour_7d61b6499c27_research.md	linux-stable:13 files	13	228900	7700	ok
group_1011_linux_stable_sources_os_linux_linux_stable_fs_jffs2_xattr_c_sources_011e20bbbd66	GROUP	Docs/researches/groups/group_1011_linux_stable_sources_os_linux_linux_stable_fs_jffs2_xattr_c_sources_011e20bbbd66_research.md	linux-stable:19 files	19	212751	7665	ok
group_1012_linux_stable_sources_os_linux_linux_stable_fs_jfs_jfs_dtree_c_sourc_9cd089969fff	GROUP	Docs/researches/groups/group_1012_linux_stable_sources_os_linux_linux_stable_fs_jfs_jfs_dtree_c_sourc_9cd089969fff_research.md	linux-stable:11 files	11	231418	9213	ok
group_1013_linux_stable_sources_os_linux_linux_stable_fs_jfs_jfs_logmgr_c_sour_e545aeee07c5	GROUP	Docs/researches/groups/group_1013_linux_stable_sources_os_linux_linux_stable_fs_jfs_jfs_logmgr_c_sour_e545aeee07c5_research.md	linux-stable:13 files	13	213161	8660	ok
group_1014_linux_stable_sources_os_linux_linux_stable_fs_jfs_jfs_xtree_c_sourc_0eafc5729937	GROUP	Docs/researches/groups/group_1014_linux_stable_sources_os_linux_linux_stable_fs_jfs_jfs_xtree_c_sourc_0eafc5729937_research.md	linux-stable:11 files	11	235047	9560	ok
group_1015_linux_stable_sources_os_linux_linux_stable_fs_kernfs_file_c_sources_c915cbbe5b8b	GROUP	Docs/researches/groups/group_1015_linux_stable_sources_os_linux_linux_stable_fs_kernfs_file_c_sources_c915cbbe5b8b_research.md	linux-stable:23 files	23	256444	9886	ok
group_1016_linux_stable_sources_os_linux_linux_stable_fs_lockd_svc_c_sources_o_a5997673383c	GROUP	Docs/researches/groups/group_1016_linux_stable_sources_os_linux_linux_stable_fs_lockd_svc_c_sources_o_a5997673383c_research.md	linux-stable:18 files	18	259549	9874	ok
group_1017_linux_stable_sources_os_linux_linux_stable_fs_minix_inode_c_sources_e95b8ad3e867	GROUP	Docs/researches/groups/group_1017_linux_stable_sources_os_linux_linux_stable_fs_minix_inode_c_sources_e95b8ad3e867_research.md	linux-stable:10 files	10	261383	9551	ok
group_1018_linux_stable_sources_os_linux_linux_stable_fs_namespace_c_sources_o_1be10b3f1b38	GROUP	Docs/researches/groups/group_1018_linux_stable_sources_os_linux_linux_stable_fs_namespace_c_sources_o_1be10b3f1b38_research.md	linux-stable:8 files	8	244933	9159	ok
group_1019_linux_stable_sources_os_linux_linux_stable_fs_netfs_fscache_cookie__9a42bca6e60e	GROUP	Docs/researches/groups/group_1019_linux_stable_sources_os_linux_linux_stable_fs_netfs_fscache_cookie__9a42bca6e60e_research.md	linux-stable:27 files	27	261455	9161	ok
group_101_9front_sources_os_plan9_9front_sys_src_cmd_gs_src_gdevddrw_c_sources_11ca262ec7b6	GROUP	Docs/researches/groups/group_101_9front_sources_os_plan9_9front_sys_src_cmd_gs_src_gdevddrw_c_sources_11ca262ec7b6_research.md	9front:14 files	14	225864	6916	ok
group_1020_linux_stable_sources_os_linux_linux_stable_fs_nfs_blocklayout_dev_c_a1d5413e312d	GROUP	Docs/researches/groups/group_1020_linux_stable_sources_os_linux_linux_stable_fs_nfs_blocklayout_dev_c_a1d5413e312d_research.md	linux-stable:12 files	12	196226	7486	ok
group_1021_linux_stable_sources_os_linux_linux_stable_fs_nfs_dir_c_sources_os__c9be10c3e869	GROUP	Docs/researches/groups/group_1021_linux_stable_sources_os_linux_linux_stable_fs_nfs_dir_c_sources_os__c9be10c3e869_research.md	linux-stable:11 files	11	206099	7772	ok
group_1022_linux_stable_sources_os_linux_linux_stable_fs_nfs_flexfilelayout_fl_9f33353afdbf	GROUP	Docs/researches/groups/group_1022_linux_stable_sources_os_linux_linux_stable_fs_nfs_flexfilelayout_fl_9f33353afdbf_research.md	linux-stable:8 files	8	253331	9279	ok
group_1023_linux_stable_sources_os_linux_linux_stable_fs_nfs_internal_h_source_3a1ce60e7098	GROUP	Docs/researches/groups/group_1023_linux_stable_sources_os_linux_linux_stable_fs_nfs_internal_h_source_3a1ce60e7098_research.md	linux-stable:20 files	20	234637	9329	ok
group_1024_linux_stable_sources_os_linux_linux_stable_fs_nfs_nfs42proc_c_sourc_be1e32898a3f	GROUP	Docs/researches/groups/group_1024_linux_stable_sources_os_linux_linux_stable_fs_nfs_nfs42proc_c_sourc_be1e32898a3f_research.md	linux-stable:13 files	13	250586	9371	ok
group_1025_linux_stable_sources_os_linux_linux_stable_fs_nfs_nfs4state_c_sourc_b1c6e1ebf939	GROUP	Docs/researches/groups/group_1025_linux_stable_sources_os_linux_linux_stable_fs_nfs_nfs4state_c_sourc_b1c6e1ebf939_research.md	linux-stable:5 files	5	159860	5990	ok
group_1026_linux_stable_sources_os_linux_linux_stable_fs_nfs_nfs4xdr_c_sources_1f82d546027b	GROUP	Docs/researches/groups/group_1026_linux_stable_sources_os_linux_linux_stable_fs_nfs_nfs4xdr_c_sources_1f82d546027b_research.md	linux-stable:3 files	3	219073	8117	ok
group_1027_linux_stable_sources_os_linux_linux_stable_fs_nfs_nfstrace_h_source_134884e5df33	GROUP	Docs/researches/groups/group_1027_linux_stable_sources_os_linux_linux_stable_fs_nfs_nfstrace_h_source_134884e5df33_research.md	linux-stable:6 files	6	255191	9551	ok
group_1028_linux_stable_sources_os_linux_linux_stable_fs_nfs_proc_c_sources_os_f7d94a6188bf	GROUP	Docs/researches/groups/group_1028_linux_stable_sources_os_linux_linux_stable_fs_nfs_proc_c_sources_os_f7d94a6188bf_research.md	linux-stable:28 files	28	240389	8985	ok
group_1029_linux_stable_sources_os_linux_linux_stable_fs_nfsd_export_c_sources_31a7a6802de7	GROUP	Docs/researches/groups/group_1029_linux_stable_sources_os_linux_linux_stable_fs_nfsd_export_c_sources_31a7a6802de7_research.md	linux-stable:18 files	18	219236	8319	ok
group_102_9front_sources_os_plan9_9front_sys_src_cmd_gs_src_gdevdsp_c_sources__67db4fdc2f6f	GROUP	Docs/researches/groups/group_102_9front_sources_os_plan9_9front_sys_src_cmd_gs_src_gdevdsp_c_sources__67db4fdc2f6f_research.md	9front:18 files	18	259555	8933	ok
group_1030_linux_stable_sources_os_linux_linux_stable_fs_nfsd_nfs4callback_c_s_a5ca877c771e	GROUP	Docs/researches/groups/group_1030_linux_stable_sources_os_linux_linux_stable_fs_nfsd_nfs4callback_c_s_a5ca877c771e_research.md	linux-stable:5 files	5	253839	9683	ok
group_1031_linux_stable_sources_os_linux_linux_stable_fs_nfsd_nfs4state_c_52da4d1741fe	GROUP	Docs/researches/groups/group_1031_linux_stable_sources_os_linux_linux_stable_fs_nfsd_nfs4state_c_52da4d1741fe_research.md	linux-stable:1 files	1	256799	9586	ok
group_1032_linux_stable_sources_os_linux_linux_stable_fs_nfsd_nfs4xdr_c_source_59fe1b6860ca	GROUP	Docs/researches/groups/group_1032_linux_stable_sources_os_linux_linux_stable_fs_nfsd_nfs4xdr_c_source_59fe1b6860ca_research.md	linux-stable:4 files	4	209089	7676	ok
group_1033_linux_stable_sources_os_linux_linux_stable_fs_nfsd_nfsctl_c_sources_ab15c17a5963	GROUP	Docs/researches/groups/group_1033_linux_stable_sources_os_linux_linux_stable_fs_nfsd_nfsctl_c_sources_ab15c17a5963_research.md	linux-stable:12 files	12	221893	8075	ok
group_1034_linux_stable_sources_os_linux_linux_stable_fs_nfsd_trace_h_sources__910f6a3e75a4	GROUP	Docs/researches/groups/group_1034_linux_stable_sources_os_linux_linux_stable_fs_nfsd_trace_h_sources__910f6a3e75a4_research.md	linux-stable:13 files	13	258730	9377	ok
group_1035_linux_stable_sources_os_linux_linux_stable_fs_nilfs2_btnode_c_sourc_64e49e8ccf12	GROUP	Docs/researches/groups/group_1035_linux_stable_sources_os_linux_linux_stable_fs_nilfs2_btnode_c_sourc_64e49e8ccf12_research.md	linux-stable:19 files	19	261904	9740	ok
group_1036_linux_stable_sources_os_linux_linux_stable_fs_nilfs2_mdt_h_sources__7e5313611609	GROUP	Docs/researches/groups/group_1036_linux_stable_sources_os_linux_linux_stable_fs_nilfs2_mdt_h_sources__7e5313611609_research.md	linux-stable:13 files	13	252566	9372	ok
group_1037_linux_stable_sources_os_linux_linux_stable_fs_nilfs2_sysfs_c_source_3d7e067bbf3c	GROUP	Docs/researches/groups/group_1037_linux_stable_sources_os_linux_linux_stable_fs_nilfs2_sysfs_c_source_3d7e067bbf3c_research.md	linux-stable:11 files	11	247380	6102	ok
group_1038_linux_stable_sources_os_linux_linux_stable_fs_nls_mac_greek_c_sourc_3b1f15ab6ab6	GROUP	Docs/researches/groups/group_1038_linux_stable_sources_os_linux_linux_stable_fs_nls_mac_greek_c_sourc_3b1f15ab6ab6_research.md	linux-stable:11 files	11	247225	5233	ok
group_1039_linux_stable_sources_os_linux_linux_stable_fs_nls_nls_cp437_c_sourc_9e50eaafae5a	GROUP	Docs/researches/groups/group_1039_linux_stable_sources_os_linux_linux_stable_fs_nls_nls_cp437_c_sourc_9e50eaafae5a_research.md	linux-stable:16 files	16	244485	5566	ok
group_103_9front_sources_os_plan9_9front_sys_src_cmd_gs_src_gdevl256_c_sources_9cb2b6f26079	GROUP	Docs/researches/groups/group_103_9front_sources_os_plan9_9front_sys_src_cmd_gs_src_gdevl256_c_sources_9cb2b6f26079_research.md	9front:23 files	23	261702	8676	ok
group_1040_linux_stable_sources_os_linux_linux_stable_fs_nls_nls_euc_jp_c_sour_1bbb113bf68a	GROUP	Docs/researches/groups/group_1040_linux_stable_sources_os_linux_linux_stable_fs_nls_nls_euc_jp_c_sour_1bbb113bf68a_research.md	linux-stable:27 files	27	250636	6671	ok
group_1041_linux_stable_sources_os_linux_linux_stable_fs_notify_fanotify_fanot_ef8bfe356e07	GROUP	Docs/researches/groups/group_1041_linux_stable_sources_os_linux_linux_stable_fs_notify_fanotify_fanot_ef8bfe356e07_research.md	linux-stable:18 files	18	211464	7547	ok
group_1042_linux_stable_sources_os_linux_linux_stable_fs_ntfs_attrib_c_sources_5828e082df03	GROUP	Docs/researches/groups/group_1042_linux_stable_sources_os_linux_linux_stable_fs_ntfs_attrib_c_sources_5828e082df03_research.md	linux-stable:12 files	12	251361	8527	ok
group_1043_linux_stable_sources_os_linux_linux_stable_fs_ntfs_dir_c_sources_os_6f71db68bb67	GROUP	Docs/researches/groups/group_1043_linux_stable_sources_os_linux_linux_stable_fs_ntfs_dir_c_sources_os_6f71db68bb67_research.md	linux-stable:8 files	8	259480	9455	ok
group_1044_linux_stable_sources_os_linux_linux_stable_fs_ntfs_inode_h_sources__1fa2743f3731	GROUP	Docs/researches/groups/group_1044_linux_stable_sources_os_linux_linux_stable_fs_ntfs_inode_h_sources__1fa2743f3731_research.md	linux-stable:9 files	9	213321	5895	ok
group_1045_linux_stable_sources_os_linux_linux_stable_fs_ntfs_mft_c_sources_os_f2331175379d	GROUP	Docs/researches/groups/group_1045_linux_stable_sources_os_linux_linux_stable_fs_ntfs_mft_c_sources_os_f2331175379d_research.md	linux-stable:13 files	13	255042	8292	ok
group_1046_linux_stable_sources_os_linux_linux_stable_fs_ntfs_super_c_sources__a89a7264c118	GROUP	Docs/researches/groups/group_1046_linux_stable_sources_os_linux_linux_stable_fs_ntfs_super_c_sources__a89a7264c118_research.md	linux-stable:15 files	15	242669	9531	ok
group_1047_linux_stable_sources_os_linux_linux_stable_fs_ntfs3_file_c_sources__b58f495ee746	GROUP	Docs/researches/groups/group_1047_linux_stable_sources_os_linux_linux_stable_fs_ntfs3_file_c_sources__b58f495ee746_research.md	linux-stable:3 files	3	236115	10120	ok
group_1048_linux_stable_sources_os_linux_linux_stable_fs_ntfs3_fsntfs_c_source_0c4d2af53ff2	GROUP	Docs/researches/groups/group_1048_linux_stable_sources_os_linux_linux_stable_fs_ntfs3_fsntfs_c_source_0c4d2af53ff2_research.md	linux-stable:10 files	10	238180	10079	ok
group_1049_linux_stable_sources_os_linux_linux_stable_fs_ntfs3_ntfs_h_sources__ba2bc04fb0ae	GROUP	Docs/researches/groups/group_1049_linux_stable_sources_os_linux_linux_stable_fs_ntfs3_ntfs_h_sources__ba2bc04fb0ae_research.md	linux-stable:12 files	12	208431	8312	ok
group_104_9front_sources_os_plan9_9front_sys_src_cmd_gs_src_gdevmeds_h_sources_80f1f8d9c931	GROUP	Docs/researches/groups/group_104_9front_sources_os_plan9_9front_sys_src_cmd_gs_src_gdevmeds_h_sources_80f1f8d9c931_research.md	9front:22 files	22	232499	7455	ok
group_1050_linux_stable_sources_os_linux_linux_stable_fs_ocfs2_alloc_c_sources_60090d98d211	GROUP	Docs/researches/groups/group_1050_linux_stable_sources_os_linux_linux_stable_fs_ocfs2_alloc_c_sources_60090d98d211_research.md	linux-stable:2 files	2	213285	8049	ok
group_1051_linux_stable_sources_os_linux_linux_stable_fs_ocfs2_aops_c_sources__5a5426a6ae22	GROUP	Docs/researches/groups/group_1051_linux_stable_sources_os_linux_linux_stable_fs_ocfs2_aops_c_sources__5a5426a6ae22_research.md	linux-stable:20 files	20	228131	8714	ok
group_1052_linux_stable_sources_os_linux_linux_stable_fs_ocfs2_cluster_tcp_c_s_81f136229788	GROUP	Docs/researches/groups/group_1052_linux_stable_sources_os_linux_linux_stable_fs_ocfs2_cluster_tcp_c_s_81f136229788_research.md	linux-stable:11 files	11	256074	9447	ok
group_1053_linux_stable_sources_os_linux_linux_stable_fs_ocfs2_dlm_dlmconvert__f312e10bdeeb	GROUP	Docs/researches/groups/group_1053_linux_stable_sources_os_linux_linux_stable_fs_ocfs2_dlm_dlmconvert__f312e10bdeeb_research.md	linux-stable:8 files	8	220403	8169	ok
group_1054_linux_stable_sources_os_linux_linux_stable_fs_ocfs2_dlm_dlmrecovery_33002d3b071f	GROUP	Docs/researches/groups/group_1054_linux_stable_sources_os_linux_linux_stable_fs_ocfs2_dlm_dlmrecovery_33002d3b071f_research.md	linux-stable:7 files	7	165881	5875	ok
group_1055_linux_stable_sources_os_linux_linux_stable_fs_ocfs2_dlmglue_c_sourc_439e3286b4b2	GROUP	Docs/researches/groups/group_1055_linux_stable_sources_os_linux_linux_stable_fs_ocfs2_dlmglue_c_sourc_439e3286b4b2_research.md	linux-stable:12 files	12	261707	9774	ok
group_1056_linux_stable_sources_os_linux_linux_stable_fs_ocfs2_inode_c_sources_6a6674c82239	GROUP	Docs/researches/groups/group_1056_linux_stable_sources_os_linux_linux_stable_fs_ocfs2_inode_c_sources_6a6674c82239_research.md	linux-stable:14 files	14	239016	8899	ok
group_1057_linux_stable_sources_os_linux_linux_stable_fs_ocfs2_namei_c_sources_afc16270c739	GROUP	Docs/researches/groups/group_1057_linux_stable_sources_os_linux_linux_stable_fs_ocfs2_namei_c_sources_afc16270c739_research.md	linux-stable:10 files	10	243803	8936	ok
group_1058_linux_stable_sources_os_linux_linux_stable_fs_ocfs2_quota_global_c__c5c3403a5cd2	GROUP	Docs/researches/groups/group_1058_linux_stable_sources_os_linux_linux_stable_fs_ocfs2_quota_global_c__c5c3403a5cd2_research.md	linux-stable:11 files	11	261730	9893	ok
group_1059_linux_stable_sources_os_linux_linux_stable_fs_ocfs2_stack_user_c_so_028a9eaae6b7	GROUP	Docs/researches/groups/group_1059_linux_stable_sources_os_linux_linux_stable_fs_ocfs2_stack_user_c_so_028a9eaae6b7_research.md	linux-stable:13 files	13	249573	9229	ok
group_105_9front_sources_os_plan9_9front_sys_src_cmd_gs_src_gdevp14_c_sources__1f479347b056	GROUP	Docs/researches/groups/group_105_9front_sources_os_plan9_9front_sys_src_cmd_gs_src_gdevp14_c_sources__1f479347b056_research.md	9front:13 files	13	258260	8393	ok
group_1060_linux_stable_sources_os_linux_linux_stable_fs_ocfs2_xattr_c_sources_c18260654d13	GROUP	Docs/researches/groups/group_1060_linux_stable_sources_os_linux_linux_stable_fs_ocfs2_xattr_c_sources_c18260654d13_research.md	linux-stable:10 files	10	246409	9372	ok
group_1061_linux_stable_sources_os_linux_linux_stable_fs_open_c_sources_os_lin_484ae60d5231	GROUP	Docs/researches/groups/group_1061_linux_stable_sources_os_linux_linux_stable_fs_open_c_sources_os_lin_484ae60d5231_research.md	linux-stable:24 files	24	259161	10145	ok
group_1062_linux_stable_sources_os_linux_linux_stable_fs_orangefs_orangefs_uti_cf014beb13c7	GROUP	Docs/researches/groups/group_1062_linux_stable_sources_os_linux_linux_stable_fs_orangefs_orangefs_uti_cf014beb13c7_research.md	linux-stable:14 files	14	225838	8546	ok
group_1063_linux_stable_sources_os_linux_linux_stable_fs_overlayfs_namei_c_sou_a1afbf51f780	GROUP	Docs/researches/groups/group_1063_linux_stable_sources_os_linux_linux_stable_fs_overlayfs_namei_c_sou_a1afbf51f780_research.md	linux-stable:10 files	10	250183	9687	ok
group_1064_linux_stable_sources_os_linux_linux_stable_fs_pipe_c_sources_os_lin_f55b77fcd8c2	GROUP	Docs/researches/groups/group_1064_linux_stable_sources_os_linux_linux_stable_fs_pipe_c_sources_os_lin_f55b77fcd8c2_research.md	linux-stable:16 files	16	253691	10202	ok
group_1065_linux_stable_sources_os_linux_linux_stable_fs_proc_inode_c_sources__fbd79896ccf0	GROUP	Docs/researches/groups/group_1065_linux_stable_sources_os_linux_linux_stable_fs_proc_inode_c_sources__fbd79896ccf0_research.md	linux-stable:23 files	23	245548	9735	ok
group_1066_linux_stable_sources_os_linux_linux_stable_fs_proc_vmcore_c_sources_a4b44e2abb69	GROUP	Docs/researches/groups/group_1066_linux_stable_sources_os_linux_linux_stable_fs_proc_vmcore_c_sources_a4b44e2abb69_research.md	linux-stable:31 files	31	250833	9798	ok
group_1067_linux_stable_sources_os_linux_linux_stable_fs_quota_dquot_c_sources_85c769b24a8f	GROUP	Docs/researches/groups/group_1067_linux_stable_sources_os_linux_linux_stable_fs_quota_dquot_c_sources_85c769b24a8f_research.md	linux-stable:20 files	20	259508	9701	ok
group_1068_linux_stable_sources_os_linux_linux_stable_fs_resctrl_ctrlmondata_c_e01da9af7fe7	GROUP	Docs/researches/groups/group_1068_linux_stable_sources_os_linux_linux_stable_fs_resctrl_ctrlmondata_c_e01da9af7fe7_research.md	linux-stable:11 files	11	253611	9773	ok
group_1069_linux_stable_sources_os_linux_linux_stable_fs_romfs_super_c_sources_df22ef8fb54c	GROUP	Docs/researches/groups/group_1069_linux_stable_sources_os_linux_linux_stable_fs_romfs_super_c_sources_df22ef8fb54c_research.md	linux-stable:21 files	21	218328	8363	ok
group_106_9front_sources_os_plan9_9front_sys_src_cmd_gs_src_gdevpdfb_h_sources_c053f112986f	GROUP	Docs/researches/groups/group_106_9front_sources_os_plan9_9front_sys_src_cmd_gs_src_gdevpdfb_h_sources_c053f112986f_research.md	9front:9 files	9	234191	7303	ok
group_1070_linux_stable_sources_os_linux_linux_stable_fs_smb_client_cifsacl_c__30e33182541e	GROUP	Docs/researches/groups/group_1070_linux_stable_sources_os_linux_linux_stable_fs_smb_client_cifsacl_c__30e33182541e_research.md	linux-stable:9 files	9	242303	7972	ok
group_1071_linux_stable_sources_os_linux_linux_stable_fs_smb_client_cifssmb_c__c3e314e8afd8	GROUP	Docs/researches/groups/group_1071_linux_stable_sources_os_linux_linux_stable_fs_smb_client_cifssmb_c__c3e314e8afd8_research.md	linux-stable:5 files	5	212443	7263	ok
group_1072_linux_stable_sources_os_linux_linux_stable_fs_smb_client_connect_c__1c248795fabf	GROUP	Docs/researches/groups/group_1072_linux_stable_sources_os_linux_linux_stable_fs_smb_client_connect_c__1c248795fabf_research.md	linux-stable:9 files	9	212472	8050	ok
group_1073_linux_stable_sources_os_linux_linux_stable_fs_smb_client_file_c_sou_071748d5ea94	GROUP	Docs/researches/groups/group_1073_linux_stable_sources_os_linux_linux_stable_fs_smb_client_file_c_sou_071748d5ea94_research.md	linux-stable:7 files	7	180579	6578	ok
group_1074_linux_stable_sources_os_linux_linux_stable_fs_smb_client_inode_c_so_1ebcb0773cae	GROUP	Docs/researches/groups/group_1074_linux_stable_sources_os_linux_linux_stable_fs_smb_client_inode_c_so_1ebcb0773cae_research.md	linux-stable:11 files	11	254446	8389	ok
group_1075_linux_stable_sources_os_linux_linux_stable_fs_smb_client_reparse_c__b2701a158ac5	GROUP	Docs/researches/groups/group_1075_linux_stable_sources_os_linux_linux_stable_fs_smb_client_reparse_c__b2701a158ac5_research.md	linux-stable:13 files	13	251274	8414	ok
group_1076_linux_stable_sources_os_linux_linux_stable_fs_smb_client_smb1transp_e455c1f54a6e	GROUP	Docs/researches/groups/group_1076_linux_stable_sources_os_linux_linux_stable_fs_smb_client_smb1transp_e455c1f54a6e_research.md	linux-stable:7 files	7	108119	3738	ok
group_1077_linux_stable_sources_os_linux_linux_stable_fs_smb_client_smb2ops_c_abef02e1d4a7	GROUP	Docs/researches/groups/group_1077_linux_stable_sources_os_linux_linux_stable_fs_smb_client_smb2ops_c_abef02e1d4a7_research.md	linux-stable:1 files	1	172361	5980	ok
group_1078_linux_stable_sources_os_linux_linux_stable_fs_smb_client_smb2pdu_c__98a094d93814	GROUP	Docs/researches/groups/group_1078_linux_stable_sources_os_linux_linux_stable_fs_smb_client_smb2pdu_c__98a094d93814_research.md	linux-stable:9 files	9	254193	8849	ok
group_1079_linux_stable_sources_os_linux_linux_stable_fs_smb_client_trace_h_so_4424543b50d5	GROUP	Docs/researches/groups/group_1079_linux_stable_sources_os_linux_linux_stable_fs_smb_client_trace_h_so_4424543b50d5_research.md	linux-stable:11 files	11	231274	7149	ok
group_107_9front_sources_os_plan9_9front_sys_src_cmd_gs_src_gdevpdfm_c_sources_b7fe02b41932	GROUP	Docs/researches/groups/group_107_9front_sources_os_plan9_9front_sys_src_cmd_gs_src_gdevpdfm_c_sources_b7fe02b41932_research.md	9front:8 files	8	248230	8274	ok
group_1080_linux_stable_sources_os_linux_linux_stable_fs_smb_common_smb2status_e009320b242a	GROUP	Docs/researches/groups/group_1080_linux_stable_sources_os_linux_linux_stable_fs_smb_common_smb2status_e009320b242a_research.md	linux-stable:27 files	27	261575	6978	ok
group_1081_linux_stable_sources_os_linux_linux_stable_fs_smb_server_mgmt_user__4eea400d35c4	GROUP	Docs/researches/groups/group_1081_linux_stable_sources_os_linux_linux_stable_fs_smb_server_mgmt_user__4eea400d35c4_research.md	linux-stable:13 files	13	131047	4996	ok
group_1082_linux_stable_sources_os_linux_linux_stable_fs_smb_server_smb2pdu_c__44580fc8b8ef	GROUP	Docs/researches/groups/group_1082_linux_stable_sources_os_linux_linux_stable_fs_smb_server_smb2pdu_c__44580fc8b8ef_research.md	linux-stable:2 files	2	262067	9698	ok
group_1083_linux_stable_sources_os_linux_linux_stable_fs_smb_server_smb_common_865cdf6ffce1	GROUP	Docs/researches/groups/group_1083_linux_stable_sources_os_linux_linux_stable_fs_smb_server_smb_common_865cdf6ffce1_research.md	linux-stable:21 files	21	250629	9732	ok
group_1084_linux_stable_sources_os_linux_linux_stable_fs_smb_smbdirect_accept__c2142d131303	GROUP	Docs/researches/groups/group_1084_linux_stable_sources_os_linux_linux_stable_fs_smb_smbdirect_accept__c2142d131303_research.md	linux-stable:14 files	14	253409	9277	ok
group_1085_linux_stable_sources_os_linux_linux_stable_fs_squashfs_Kconfig_sour_e8834c147464	GROUP	Docs/researches/groups/group_1085_linux_stable_sources_os_linux_linux_stable_fs_squashfs_Kconfig_sour_e8834c147464_research.md	linux-stable:37 files	37	217928	8335	ok
group_1086_linux_stable_sources_os_linux_linux_stable_fs_super_c_sources_os_li_cd3248e0886b	GROUP	Docs/researches/groups/group_1086_linux_stable_sources_os_linux_linux_stable_fs_super_c_sources_os_li_cd3248e0886b_research.md	linux-stable:23 files	23	258033	9383	ok
group_1087_linux_stable_sources_os_linux_linux_stable_fs_ubifs_compress_c_sour_5d84992a8874	GROUP	Docs/researches/groups/group_1087_linux_stable_sources_os_linux_linux_stable_fs_ubifs_compress_c_sour_5d84992a8874_research.md	linux-stable:7 files	7	234738	8224	ok
group_1088_linux_stable_sources_os_linux_linux_stable_fs_ubifs_gc_c_sources_os_cf380f832837	GROUP	Docs/researches/groups/group_1088_linux_stable_sources_os_linux_linux_stable_fs_ubifs_gc_c_sources_os_cf380f832837_research.md	linux-stable:7 files	7	201956	7178	ok
group_1089_linux_stable_sources_os_linux_linux_stable_fs_ubifs_lpt_c_sources_o_cab7ada3bd11	GROUP	Docs/researches/groups/group_1089_linux_stable_sources_os_linux_linux_stable_fs_ubifs_lpt_c_sources_o_cab7ada3bd11_research.md	linux-stable:8 files	8	239459	9049	ok
group_108_9front_sources_os_plan9_9front_sys_src_cmd_gs_src_gdevpdfx_h_sources_85f116ab04d9	GROUP	Docs/researches/groups/group_108_9front_sources_os_plan9_9front_sys_src_cmd_gs_src_gdevpdfx_h_sources_85f116ab04d9_research.md	9front:15 files	15	258728	7984	ok
group_1090_linux_stable_sources_os_linux_linux_stable_fs_ubifs_sb_c_sources_os_b98007d9af99	GROUP	Docs/researches/groups/group_1090_linux_stable_sources_os_linux_linux_stable_fs_ubifs_sb_c_sources_os_b98007d9af99_research.md	linux-stable:8 files	8	252415	9516	ok
group_1091_linux_stable_sources_os_linux_linux_stable_fs_ubifs_ubifs_media_h_s_bf4218a86198	GROUP	Docs/researches/groups/group_1091_linux_stable_sources_os_linux_linux_stable_fs_ubifs_ubifs_media_h_s_bf4218a86198_research.md	linux-stable:13 files	13	260097	8900	ok
group_1092_linux_stable_sources_os_linux_linux_stable_fs_udf_misc_c_sources_os_9b56ae114e95	GROUP	Docs/researches/groups/group_1092_linux_stable_sources_os_linux_linux_stable_fs_udf_misc_c_sources_os_9b56ae114e95_research.md	linux-stable:21 files	21	258556	9546	ok
group_1093_linux_stable_sources_os_linux_linux_stable_fs_ufs_namei_c_sources_o_a8f2c8ec8fbb	GROUP	Docs/researches/groups/group_1093_linux_stable_sources_os_linux_linux_stable_fs_ufs_namei_c_sources_o_a8f2c8ec8fbb_research.md	linux-stable:14 files	14	229467	8590	ok
group_1094_linux_stable_sources_os_linux_linux_stable_fs_userfaultfd_c_sources_f6fee40f2fd3	GROUP	Docs/researches/groups/group_1094_linux_stable_sources_os_linux_linux_stable_fs_userfaultfd_c_sources_f6fee40f2fd3_research.md	linux-stable:23 files	23	224154	8286	ok
group_1095_linux_stable_sources_os_linux_linux_stable_fs_xattr_c_sources_os_li_b12c770bb6b9	GROUP	Docs/researches/groups/group_1095_linux_stable_sources_os_linux_linux_stable_fs_xattr_c_sources_os_li_b12c770bb6b9_research.md	linux-stable:11 files	11	251060	9191	ok
group_1096_linux_stable_sources_os_linux_linux_stable_fs_xfs_libxfs_xfs_attr_c_601daab6090a	GROUP	Docs/researches/groups/group_1096_linux_stable_sources_os_linux_linux_stable_fs_xfs_libxfs_xfs_attr_c_601daab6090a_research.md	linux-stable:9 files	9	185587	6583	ok
group_1097_linux_stable_sources_os_linux_linux_stable_fs_xfs_libxfs_xfs_bmap_c_24eaece4696d	GROUP	Docs/researches/groups/group_1097_linux_stable_sources_os_linux_linux_stable_fs_xfs_libxfs_xfs_bmap_c_24eaece4696d_research.md	linux-stable:4 files	4	209295	7633	ok
group_1098_linux_stable_sources_os_linux_linux_stable_fs_xfs_libxfs_xfs_btree__43226ab6699c	GROUP	Docs/researches/groups/group_1098_linux_stable_sources_os_linux_linux_stable_fs_xfs_libxfs_xfs_btree__43226ab6699c_research.md	linux-stable:7 files	7	214416	7820	ok
group_1099_linux_stable_sources_os_linux_linux_stable_fs_xfs_libxfs_xfs_da_btr_a1f078aff53a	GROUP	Docs/researches/groups/group_1099_linux_stable_sources_os_linux_linux_stable_fs_xfs_libxfs_xfs_da_btr_a1f078aff53a_research.md	linux-stable:8 files	8	240955	8527	ok
group_109_9front_sources_os_plan9_9front_sys_src_cmd_gs_src_gdevpdtt_c_sources_3abeb2af003c	GROUP	Docs/researches/groups/group_109_9front_sources_os_plan9_9front_sys_src_cmd_gs_src_gdevpdtt_c_sources_3abeb2af003c_research.md	9front:12 files	12	253696	13535	ok
group_10_9front_sources_os_plan9_9front_sys_src_9_pc_devrtc_c_sources_os_plan9_01ccdd9b1c58	GROUP	Docs/researches/groups/group_10_9front_sources_os_plan9_9front_sys_src_9_pc_devrtc_c_sources_os_plan9_01ccdd9b1c58_research.md	9front:13 files	13	238609	11343	ok
group_1100_linux_stable_sources_os_linux_linux_stable_fs_xfs_libxfs_xfs_dir2_d_d6ee4c7778b1	GROUP	Docs/researches/groups/group_1100_linux_stable_sources_os_linux_linux_stable_fs_xfs_libxfs_xfs_dir2_d_d6ee4c7778b1_research.md	linux-stable:9 files	9	253487	8989	ok
group_1101_linux_stable_sources_os_linux_linux_stable_fs_xfs_libxfs_xfs_format_5bb89462ef55	GROUP	Docs/researches/groups/group_1101_linux_stable_sources_os_linux_linux_stable_fs_xfs_libxfs_xfs_format_5bb89462ef55_research.md	linux-stable:9 files	9	251324	8280	ok
group_1102_linux_stable_sources_os_linux_linux_stable_fs_xfs_libxfs_xfs_iext_t_55d941a84bf3	GROUP	Docs/researches/groups/group_1102_linux_stable_sources_os_linux_linux_stable_fs_xfs_libxfs_xfs_iext_t_55d941a84bf3_research.md	linux-stable:18 files	18	212759	7358	ok
group_1103_linux_stable_sources_os_linux_linux_stable_fs_xfs_libxfs_xfs_refcou_3b2bb5927691	GROUP	Docs/researches/groups/group_1103_linux_stable_sources_os_linux_linux_stable_fs_xfs_libxfs_xfs_refcou_3b2bb5927691_research.md	linux-stable:10 files	10	246333	9324	ok
group_1104_linux_stable_sources_os_linux_linux_stable_fs_xfs_libxfs_xfs_rtgrou_44659f3a7592	GROUP	Docs/researches/groups/group_1104_linux_stable_sources_os_linux_linux_stable_fs_xfs_libxfs_xfs_rtgrou_44659f3a7592_research.md	linux-stable:22 files	22	251024	8795	ok
group_1105_linux_stable_sources_os_linux_linux_stable_fs_xfs_scrub_agheader_c__631d428ef806	GROUP	Docs/researches/groups/group_1105_linux_stable_sources_os_linux_linux_stable_fs_xfs_scrub_agheader_c__631d428ef806_research.md	linux-stable:13 files	13	245250	9268	ok
group_1106_linux_stable_sources_os_linux_linux_stable_fs_xfs_scrub_btree_c_sou_0709c546512b	GROUP	Docs/researches/groups/group_1106_linux_stable_sources_os_linux_linux_stable_fs_xfs_scrub_btree_c_sou_0709c546512b_research.md	linux-stable:14 files	14	253756	9723	ok
group_1107_linux_stable_sources_os_linux_linux_stable_fs_xfs_scrub_findparent__d9b34fc9d37f	GROUP	Docs/researches/groups/group_1107_linux_stable_sources_os_linux_linux_stable_fs_xfs_scrub_findparent__d9b34fc9d37f_research.md	linux-stable:20 files	20	237374	8926	ok
group_1108_linux_stable_sources_os_linux_linux_stable_fs_xfs_scrub_nlinks_c_so_ebfa82ae2744	GROUP	Docs/researches/groups/group_1108_linux_stable_sources_os_linux_linux_stable_fs_xfs_scrub_nlinks_c_so_ebfa82ae2744_research.md	linux-stable:22 files	22	258379	9943	ok
group_1109_linux_stable_sources_os_linux_linux_stable_fs_xfs_scrub_refcount_c__8863bd0a2460	GROUP	Docs/researches/groups/group_1109_linux_stable_sources_os_linux_linux_stable_fs_xfs_scrub_refcount_c__8863bd0a2460_research.md	linux-stable:18 files	18	258963	9738	ok
group_110_9front_sources_os_plan9_9front_sys_src_cmd_gs_src_gdevplan9_c_source_e78e8efdb1b4	GROUP	Docs/researches/groups/group_110_9front_sources_os_plan9_9front_sys_src_cmd_gs_src_gdevplan9_c_source_e78e8efdb1b4_research.md	9front:13 files	13	259685	8177	ok
group_1110_linux_stable_sources_os_linux_linux_stable_fs_xfs_scrub_rtsummary_r_f153e83cfb49	GROUP	Docs/researches/groups/group_1110_linux_stable_sources_os_linux_linux_stable_fs_xfs_scrub_rtsummary_r_f153e83cfb49_research.md	linux-stable:16 files	16	262013	9103	ok
group_1111_linux_stable_sources_os_linux_linux_stable_fs_xfs_scrub_xfile_c_sou_26ffcf19a9b4	GROUP	Docs/researches/groups/group_1111_linux_stable_sources_os_linux_linux_stable_fs_xfs_scrub_xfile_c_sou_26ffcf19a9b4_research.md	linux-stable:18 files	18	239019	8989	ok
group_1112_linux_stable_sources_os_linux_linux_stable_fs_xfs_xfs_buf_item_c_so_daebd8a54db6	GROUP	Docs/researches/groups/group_1112_linux_stable_sources_os_linux_linux_stable_fs_xfs_xfs_buf_item_c_so_daebd8a54db6_research.md	linux-stable:21 files	21	242250	8498	ok
group_1113_linux_stable_sources_os_linux_linux_stable_fs_xfs_xfs_exchrange_c_s_23c28157d834	GROUP	Docs/researches/groups/group_1113_linux_stable_sources_os_linux_linux_stable_fs_xfs_xfs_exchrange_c_s_23c28157d834_research.md	linux-stable:20 files	20	256462	9618	ok
group_1114_linux_stable_sources_os_linux_linux_stable_fs_xfs_xfs_healthmon_c_s_6771eadd6447	GROUP	Docs/researches/groups/group_1114_linux_stable_sources_os_linux_linux_stable_fs_xfs_xfs_healthmon_c_s_6771eadd6447_research.md	linux-stable:12 files	12	253491	9329	ok
group_1115_linux_stable_sources_os_linux_linux_stable_fs_xfs_xfs_inode_item_re_be2caeac7b0a	GROUP	Docs/researches/groups/group_1115_linux_stable_sources_os_linux_linux_stable_fs_xfs_xfs_inode_item_re_be2caeac7b0a_research.md	linux-stable:15 files	15	229479	8366	ok
group_1116_linux_stable_sources_os_linux_linux_stable_fs_xfs_xfs_log_c_sources_19659a6af40c	GROUP	Docs/researches/groups/group_1116_linux_stable_sources_os_linux_linux_stable_fs_xfs_xfs_log_c_sources_19659a6af40c_research.md	linux-stable:4 files	4	198472	6440	ok
group_1117_linux_stable_sources_os_linux_linux_stable_fs_xfs_xfs_log_recover_c_adc4b64704d6	GROUP	Docs/researches/groups/group_1117_linux_stable_sources_os_linux_linux_stable_fs_xfs_xfs_log_recover_c_adc4b64704d6_research.md	linux-stable:14 files	14	233929	8187	ok
group_1118_linux_stable_sources_os_linux_linux_stable_fs_xfs_xfs_qm_c_sources__8095c94cf9ea	GROUP	Docs/researches/groups/group_1118_linux_stable_sources_os_linux_linux_stable_fs_xfs_xfs_qm_c_sources__8095c94cf9ea_research.md	linux-stable:14 files	14	259249	9798	ok
group_1119_linux_stable_sources_os_linux_linux_stable_fs_xfs_xfs_stats_c_sourc_a9d512a2c342	GROUP	Docs/researches/groups/group_1119_linux_stable_sources_os_linux_linux_stable_fs_xfs_xfs_stats_c_sourc_a9d512a2c342_research.md	linux-stable:11 files	11	123002	4924	ok
group_111_9front_sources_os_plan9_9front_sys_src_cmd_gs_src_gdevps_c_sources_o_1f72306d4a61	GROUP	Docs/researches/groups/group_111_9front_sources_os_plan9_9front_sys_src_cmd_gs_src_gdevps_c_sources_o_1f72306d4a61_research.md	9front:10 files	10	230690	7440	ok
group_1120_linux_stable_sources_os_linux_linux_stable_fs_xfs_xfs_trace_h_sourc_27f22555fe67	GROUP	Docs/researches/groups/group_1120_linux_stable_sources_os_linux_linux_stable_fs_xfs_xfs_trace_h_sourc_27f22555fe67_research.md	linux-stable:3 files	3	253624	8175	ok
group_1121_linux_stable_sources_os_linux_linux_stable_fs_xfs_xfs_trans_ail_c_s_150af7d8cb0c	GROUP	Docs/researches/groups/group_1121_linux_stable_sources_os_linux_linux_stable_fs_xfs_xfs_trans_ail_c_s_150af7d8cb0c_research.md	linux-stable:21 files	21	260459	9978	ok
group_1122_lvm2_sources_block_storage_lvm2_lib_Makefile_in_sources_block_stora_1621d4ff4cab	GROUP	Docs/researches/groups/group_1122_lvm2_sources_block_storage_lvm2_lib_Makefile_in_sources_block_stora_1621d4ff4cab_research.md	lvm2:8 files	8	242257	8601	ok
group_1123_lvm2_sources_block_storage_lvm2_lib_cache_lvmcache_c_sources_block__68c000393c6e	GROUP	Docs/researches/groups/group_1123_lvm2_sources_block_storage_lvm2_lib_cache_lvmcache_c_sources_block__68c000393c6e_research.md	lvm2:6 files	6	200622	6817	ok
group_1124_lvm2_sources_block_storage_lvm2_lib_config_config_c_sources_block_s_bf297f7d24b5	GROUP	Docs/researches/groups/group_1124_lvm2_sources_block_storage_lvm2_lib_config_config_c_sources_block_s_bf297f7d24b5_research.md	lvm2:4 files	4	253995	5608	ok
group_1125_lvm2_sources_block_storage_lvm2_lib_datastruct_radix_tree_adaptive__74928108c332	GROUP	Docs/researches/groups/group_1125_lvm2_sources_block_storage_lvm2_lib_datastruct_radix_tree_adaptive__74928108c332_research.md	lvm2:20 files	20	229929	9328	ok
group_1126_lvm2_sources_block_storage_lvm2_lib_device_dev_type_c_sources_block_9630cfc64d68	GROUP	Docs/researches/groups/group_1126_lvm2_sources_block_storage_lvm2_lib_device_dev_type_c_sources_block_9630cfc64d68_research.md	lvm2:14 files	14	259247	9141	ok
group_1127_lvm2_sources_block_storage_lvm2_lib_device_persist_c_sources_block__54f2ef12a467	GROUP	Docs/researches/groups/group_1127_lvm2_sources_block_storage_lvm2_lib_device_persist_c_sources_block__54f2ef12a467_research.md	lvm2:23 files	23	219560	8313	ok
group_1128_lvm2_sources_block_storage_lvm2_lib_format_text_format_text_c_sourc_85f9cc5ddd47	GROUP	Docs/researches/groups/group_1128_lvm2_sources_block_storage_lvm2_lib_format_text_format_text_c_sourc_85f9cc5ddd47_research.md	lvm2:15 files	15	226047	7740	ok
group_1129_lvm2_sources_block_storage_lvm2_lib_label_label_c_sources_block_sto_904c3b737216	GROUP	Docs/researches/groups/group_1129_lvm2_sources_block_storage_lvm2_lib_label_label_c_sources_block_sto_904c3b737216_research.md	lvm2:10 files	10	258369	9232	ok
group_112_9front_sources_os_plan9_9front_sys_src_cmd_gs_src_gdevpsf2_c_sources_7c8020506237	GROUP	Docs/researches/groups/group_112_9front_sources_os_plan9_9front_sys_src_cmd_gs_src_gdevpsf2_c_sources_7c8020506237_research.md	9front:14 files	14	232989	8011	ok
group_1130_lvm2_sources_block_storage_lvm2_lib_log_lvm_logging_h_sources_block_7ee6a2734481	GROUP	Docs/researches/groups/group_1130_lvm2_sources_block_storage_lvm2_lib_log_lvm_logging_h_sources_block_7ee6a2734481_research.md	lvm2:11 files	11	243118	7772	ok
group_1131_lvm2_sources_block_storage_lvm2_lib_metadata_metadata_c_sources_blo_6d612e156e76	GROUP	Docs/researches/groups/group_1131_lvm2_sources_block_storage_lvm2_lib_metadata_metadata_c_sources_blo_6d612e156e76_research.md	lvm2:5 files	5	261126	9417	ok
group_1132_lvm2_sources_block_storage_lvm2_lib_metadata_pv_h_sources_block_sto_3f1632017e73	GROUP	Docs/researches/groups/group_1132_lvm2_sources_block_storage_lvm2_lib_metadata_pv_h_sources_block_sto_3f1632017e73_research.md	lvm2:6 files	6	37879	1456	ok
group_1133_lvm2_sources_block_storage_lvm2_lib_metadata_raid_manip_c_sources_b_b5b02e26be76	GROUP	Docs/researches/groups/group_1133_lvm2_sources_block_storage_lvm2_lib_metadata_raid_manip_c_sources_b_b5b02e26be76_research.md	lvm2:4 files	4	258447	8527	ok
group_1134_lvm2_sources_block_storage_lvm2_lib_metadata_takeover_matrix_h_sour_d49626448fd4	GROUP	Docs/researches/groups/group_1134_lvm2_sources_block_storage_lvm2_lib_metadata_takeover_matrix_h_sour_d49626448fd4_research.md	lvm2:44 files	44	261313	9433	ok
group_1135_lvm2_sources_block_storage_lvm2_lib_report_columns_h_sources_block__72fce3f91843	GROUP	Docs/researches/groups/group_1135_lvm2_sources_block_storage_lvm2_lib_report_columns_h_sources_block__72fce3f91843_research.md	lvm2:8 files	8	241415	6672	ok
group_1136_lvm2_sources_block_storage_lvm2_lib_thin_thin_c_sources_block_stora_f9d24575015f	GROUP	Docs/researches/groups/group_1136_lvm2_sources_block_storage_lvm2_lib_thin_thin_c_sources_block_stora_f9d24575015f_research.md	lvm2:11 files	11	107222	3977	ok
group_1137_lvm2_sources_block_storage_lvm2_libdm_dm_tools_dmsetup_c_sources_bl_c3a11decbcc8	GROUP	Docs/researches/groups/group_1137_lvm2_sources_block_storage_lvm2_libdm_dm_tools_dmsetup_c_sources_bl_c3a11decbcc8_research.md	lvm2:4 files	4	211104	8129	ok
group_1138_lvm2_sources_block_storage_lvm2_libdm_ioctl_libdm_iface_c_sources_b_3e78c3faef8e	GROUP	Docs/researches/groups/group_1138_lvm2_sources_block_storage_lvm2_libdm_ioctl_libdm_iface_c_sources_b_3e78c3faef8e_research.md	lvm2:4 files	4	211626	6842	ok
group_1139_lvm2_sources_block_storage_lvm2_libdm_libdm_common_c_sources_block__4347d1d7d104	GROUP	Docs/researches/groups/group_1139_lvm2_sources_block_storage_lvm2_libdm_libdm_common_c_sources_block__4347d1d7d104_research.md	lvm2:5 files	5	239446	9468	ok
group_113_9front_sources_os_plan9_9front_sys_src_cmd_gs_src_gdevrinkj_c_source_b643ff543dfa	GROUP	Docs/researches/groups/group_113_9front_sources_os_plan9_9front_sys_src_cmd_gs_src_gdevrinkj_c_source_b643ff543dfa_research.md	9front:16 files	16	259132	8255	ok
group_1140_lvm2_sources_block_storage_lvm2_libdm_libdm_report_c_1f3501b5677c	GROUP	Docs/researches/groups/group_1140_lvm2_sources_block_storage_lvm2_libdm_libdm_report_c_1f3501b5677c_research.md	lvm2:1 files	1	153798	5644	ok
group_1141_lvm2_sources_block_storage_lvm2_libdm_libdm_stats_c_sources_block_s_e3a800b16dee	GROUP	Docs/researches/groups/group_1141_lvm2_sources_block_storage_lvm2_libdm_libdm_stats_c_sources_block_s_e3a800b16dee_research.md	lvm2:15 files	15	250369	9774	ok
group_1142_lvm2_sources_block_storage_lvm2_libdm_regex_matcher_c_sources_block_01cafdb58774	GROUP	Docs/researches/groups/group_1142_lvm2_sources_block_storage_lvm2_libdm_regex_matcher_c_sources_block_01cafdb58774_research.md	lvm2:15 files	15	234540	6798	ok
group_1143_lvm2_sources_block_storage_lvm2_tools_command_c_sources_block_stora_c6121459e756	GROUP	Docs/researches/groups/group_1143_lvm2_sources_block_storage_lvm2_tools_command_c_sources_block_stora_c6121459e756_research.md	lvm2:11 files	11	146904	5408	ok
group_1144_lvm2_sources_block_storage_lvm2_tools_lvconvert_c_sources_block_sto_29e4dbd551e7	GROUP	Docs/researches/groups/group_1144_lvm2_sources_block_storage_lvm2_tools_lvconvert_c_sources_block_sto_29e4dbd551e7_research.md	lvm2:7 files	7	259989	9009	ok
group_1145_lvm2_sources_block_storage_lvm2_tools_lvm_c_sources_block_storage_l_2608d2e8ddd5	GROUP	Docs/researches/groups/group_1145_lvm2_sources_block_storage_lvm2_tools_lvm_c_sources_block_storage_l_2608d2e8ddd5_research.md	lvm2:16 files	16	248466	9071	ok
group_1146_lvm2_sources_block_storage_lvm2_tools_polldaemon_c_sources_block_st_a783e91f3283	GROUP	Docs/researches/groups/group_1146_lvm2_sources_block_storage_lvm2_tools_polldaemon_c_sources_block_st_a783e91f3283_research.md	lvm2:11 files	11	210885	7644	ok
group_1147_lvm2_sources_block_storage_lvm2_tools_reporter_c_sources_block_stor_6c8a5285ee59	GROUP	Docs/researches/groups/group_1147_lvm2_sources_block_storage_lvm2_tools_reporter_c_sources_block_stor_6c8a5285ee59_research.md	lvm2:7 files	7	250427	8485	ok
group_1148_lvm2_sources_block_storage_lvm2_tools_tools_h_sources_block_storage_4df91fc19762	GROUP	Docs/researches/groups/group_1148_lvm2_sources_block_storage_lvm2_tools_tools_h_sources_block_storage_4df91fc19762_research.md	lvm2:20 files	20	182732	6204	ok
group_1149_mdadm_sources_block_storage_mdadm_github_dependabot_yml_sources_blo_77cbba75d5d5	GROUP	Docs/researches/groups/group_1149_mdadm_sources_block_storage_mdadm_github_dependabot_yml_sources_blo_77cbba75d5d5_research.md	mdadm:13 files	13	150614	5458	ok
group_114_9front_sources_os_plan9_9front_sys_src_cmd_gs_src_gdevsunr_c_sources_2ffd3b9ec0f6	GROUP	Docs/researches/groups/group_114_9front_sources_os_plan9_9front_sys_src_cmd_gs_src_gdevsunr_c_sources_2ffd3b9ec0f6_research.md	9front:16 files	16	233711	7621	ok
group_1150_mdadm_sources_block_storage_mdadm_Grow_c_sources_block_storage_mdad_375424b53c98	GROUP	Docs/researches/groups/group_1150_mdadm_sources_block_storage_mdadm_Grow_c_sources_block_storage_mdad_375424b53c98_research.md	mdadm:4 files	4	216998	7636	ok
group_1151_mdadm_sources_block_storage_mdadm_Manage_c_sources_block_storage_md_2bd7b1e423ef	GROUP	Docs/researches/groups/group_1151_mdadm_sources_block_storage_mdadm_Manage_c_sources_block_storage_md_2bd7b1e423ef_research.md	mdadm:33 files	33	236499	7919	ok
group_1152_mdadm_sources_block_storage_mdadm_managemon_c_sources_block_storage_e0719d096bdb	GROUP	Docs/researches/groups/group_1152_mdadm_sources_block_storage_mdadm_managemon_c_sources_block_storage_e0719d096bdb_research.md	mdadm:9 files	9	235151	8419	ok
group_1153_mdadm_sources_block_storage_mdadm_mdadm_h_sources_block_storage_mda_d40acb54a770	GROUP	Docs/researches/groups/group_1153_mdadm_sources_block_storage_mdadm_mdadm_h_sources_block_storage_mda_d40acb54a770_research.md	mdadm:16 files	16	259886	9725	ok
group_1154_mdadm_sources_block_storage_mdadm_probe_roms_c_sources_block_storag_3bf37459a131	GROUP	Docs/researches/groups/group_1154_mdadm_sources_block_storage_mdadm_probe_roms_c_sources_block_storag_3bf37459a131_research.md	mdadm:11 files	11	231449	8610	ok
group_1155_mdadm_sources_block_storage_mdadm_super0_c_sources_block_storage_md_50fd2cf9b7b6	GROUP	Docs/researches/groups/group_1155_mdadm_sources_block_storage_mdadm_super0_c_sources_block_storage_md_50fd2cf9b7b6_research.md	mdadm:29 files	29	256320	10101	ok
group_1156_minix_sources_teaching_minix_minix_drivers_storage_Makefile_sources_9fbb02fa487c	GROUP	Docs/researches/groups/group_1156_minix_sources_teaching_minix_minix_drivers_storage_Makefile_sources_9fbb02fa487c_research.md	minix:23 files	23	261152	8624	ok
group_1157_minix_sources_teaching_minix_minix_drivers_storage_filter_sum_c_sou_4e672ad27268	GROUP	Docs/researches/groups/group_1157_minix_sources_teaching_minix_minix_drivers_storage_filter_sum_c_sou_4e672ad27268_research.md	minix:28 files	28	256477	8781	ok
group_1158_minix_sources_teaching_minix_minix_fs_ext2_balloc_c_sources_teachin_39319d10cb67	GROUP	Docs/researches/groups/group_1158_minix_sources_teaching_minix_minix_fs_ext2_balloc_c_sources_teachin_39319d10cb67_research.md	minix:45 files	45	221297	7282	ok
group_1159_minix_sources_teaching_minix_minix_fs_isofs_uthash_h_sources_teachi_490733295293	GROUP	Docs/researches/groups/group_1159_minix_sources_teaching_minix_minix_fs_isofs_uthash_h_sources_teachi_490733295293_research.md	minix:49 files	49	253277	7632	ok
group_115_9front_sources_os_plan9_9front_sys_src_cmd_gs_src_gdevwpr2_c_sources_ab5a939cc889	GROUP	Docs/researches/groups/group_115_9front_sources_os_plan9_9front_sys_src_cmd_gs_src_gdevwpr2_c_sources_ab5a939cc889_research.md	9front:10 files	10	250152	8229	ok
group_1160_minix_sources_teaching_minix_minix_fs_ptyfs_ptyfs_c_sources_teachin_3c3969fb108b	GROUP	Docs/researches/groups/group_1160_minix_sources_teaching_minix_minix_fs_ptyfs_ptyfs_c_sources_teachin_3c3969fb108b_research.md	minix:29 files	29	253330	8536	ok
group_1161_minix_sources_teaching_minix_minix_servers_vfs_mount_c_sources_teac_6685b5af492e	GROUP	Docs/researches/groups/group_1161_minix_sources_teaching_minix_minix_servers_vfs_mount_c_sources_teac_6685b5af492e_research.md	minix:14 files	14	259372	8829	ok
group_1162_minix_sources_teaching_minix_minix_servers_vfs_stadir_c_sources_tea_6ca009cd3961	GROUP	Docs/researches/groups/group_1162_minix_sources_teaching_minix_minix_servers_vfs_stadir_c_sources_tea_6ca009cd3961_research.md	minix:14 files	14	79705	2607	ok
group_1163_mtd_utils_sources_local_fs_mtd_utils_MAKEDEV_sources_local_fs_mtd_u_09c20c062fba	GROUP	Docs/researches/groups/group_1163_mtd_utils_sources_local_fs_mtd_utils_MAKEDEV_sources_local_fs_mtd_u_09c20c062fba_research.md	mtd-utils:41 files	41	258374	8870	ok
group_1164_mtd_utils_sources_local_fs_mtd_utils_lib_libfec_c_sources_local_fs__2d12e932a353	GROUP	Docs/researches/groups/group_1164_mtd_utils_sources_local_fs_mtd_utils_lib_libfec_c_sources_local_fs__2d12e932a353_research.md	mtd-utils:22 files	22	204716	7506	ok
group_1165_mtd_utils_sources_local_fs_mtd_utils_mkfs_ubifs_mkfs_ubifs_c_source_d0387eca2862	GROUP	Docs/researches/groups/group_1165_mtd_utils_sources_local_fs_mtd_utils_mkfs_ubifs_mkfs_ubifs_c_source_d0387eca2862_research.md	mtd-utils:27 files	27	259354	9562	ok
group_1166_mtd_utils_sources_local_fs_mtd_utils_tests_fs_tests_integrity_integ_1ec9105bc924	GROUP	Docs/researches/groups/group_1166_mtd_utils_sources_local_fs_mtd_utils_tests_fs_tests_integrity_integ_1ec9105bc924_research.md	mtd-utils:35 files	35	259022	10120	ok
group_1167_mtd_utils_sources_local_fs_mtd_utils_tests_ubi_tests_integ_c_source_d6391d2b9dd5	GROUP	Docs/researches/groups/group_1167_mtd_utils_sources_local_fs_mtd_utils_tests_ubi_tests_integ_c_source_d6391d2b9dd5_research.md	mtd-utils:30 files	30	258278	9842	ok
group_1168_mtd_utils_sources_local_fs_mtd_utils_ubi_utils_ubimkvol_c_sources_l_36739f2e1074	GROUP	Docs/researches/groups/group_1168_mtd_utils_sources_local_fs_mtd_utils_ubi_utils_ubimkvol_c_sources_l_36739f2e1074_research.md	mtd-utils:8 files	8	68349	2517	ok
group_1169_nbd_sources_virtualization_nbd_github_workflows_build_yml_sources_v_e75fb812a8fd	GROUP	Docs/researches/groups/group_1169_nbd_sources_virtualization_nbd_github_workflows_build_yml_sources_v_e75fb812a8fd_research.md	nbd:28 files	28	201929	6559	ok
group_116_9front_sources_os_plan9_9front_sys_src_cmd_gs_src_gdevxxf_c_sources__96f20f5f2ed7	GROUP	Docs/researches/groups/group_116_9front_sources_os_plan9_9front_sys_src_cmd_gs_src_gdevxxf_c_sources__96f20f5f2ed7_research.md	9front:39 files	39	260784	9491	ok
group_1170_nbd_sources_virtualization_nbd_nbd_server_c_sources_virtualization__26672bfad75c	GROUP	Docs/researches/groups/group_1170_nbd_sources_virtualization_nbd_nbd_server_c_sources_virtualization__26672bfad75c_research.md	nbd:32 files	32	255811	9127	ok
group_1171_nbdkit_sources_virtualization_nbdkit_filters_Makefile_am_sources_vi_18354d523a5b	GROUP	Docs/researches/groups/group_1171_nbdkit_sources_virtualization_nbdkit_filters_Makefile_am_sources_vi_18354d523a5b_research.md	nbdkit:40 files	40	254364	8766	ok
group_1172_nbdkit_sources_virtualization_nbdkit_filters_ext2_ext2_c_sources_vi_42b61c5702cc	GROUP	Docs/researches/groups/group_1172_nbdkit_sources_virtualization_nbdkit_filters_ext2_ext2_c_sources_vi_42b61c5702cc_research.md	nbdkit:36 files	36	259823	8652	ok
group_1173_nbdkit_sources_virtualization_nbdkit_filters_map_Makefile_am_source_fbc6ff19c127	GROUP	Docs/researches/groups/group_1173_nbdkit_sources_virtualization_nbdkit_filters_map_Makefile_am_source_fbc6ff19c127_research.md	nbdkit:48 files	48	259208	8447	ok
group_1174_nbdkit_sources_virtualization_nbdkit_filters_scan_scan_c_sources_vi_fe4fd35cf647	GROUP	Docs/researches/groups/group_1174_nbdkit_sources_virtualization_nbdkit_filters_scan_scan_c_sources_vi_fe4fd35cf647_research.md	nbdkit:36 files	36	253127	8794	ok
group_1175_nbdkit_sources_virtualization_nbdkit_plugins_curl_curl_c_sources_vi_db35a3c4a7c3	GROUP	Docs/researches/groups/group_1175_nbdkit_sources_virtualization_nbdkit_plugins_curl_curl_c_sources_vi_db35a3c4a7c3_research.md	nbdkit:26 files	26	248218	8771	ok
group_1176_nbdkit_sources_virtualization_nbdkit_plugins_floppy_directory_lfn_c_d48da5ef9468	GROUP	Docs/researches/groups/group_1176_nbdkit_sources_virtualization_nbdkit_plugins_floppy_directory_lfn_c_d48da5ef9468_research.md	nbdkit:40 files	40	252371	8760	ok
group_1177_nbdkit_sources_virtualization_nbdkit_plugins_nbd_nbd_c_sources_virt_2d43915cdc85	GROUP	Docs/researches/groups/group_1177_nbdkit_sources_virtualization_nbdkit_plugins_nbd_nbd_c_sources_virt_2d43915cdc85_research.md	nbdkit:37 files	37	241766	8918	ok
group_1178_nbdkit_sources_virtualization_nbdkit_plugins_python_plugin_c_source_9070ab729762	GROUP	Docs/researches/groups/group_1178_nbdkit_sources_virtualization_nbdkit_plugins_python_plugin_c_source_9070ab729762_research.md	nbdkit:31 files	31	261856	8746	ok
group_1179_nbdkit_sources_virtualization_nbdkit_plugins_ssh_ssh_c_sources_virt_d9e9df6d5d9b	GROUP	Docs/researches/groups/group_1179_nbdkit_sources_virtualization_nbdkit_plugins_ssh_ssh_c_sources_virt_d9e9df6d5d9b_research.md	nbdkit:26 files	26	251793	8544	ok
group_117_9front_sources_os_plan9_9front_sys_src_cmd_gs_src_gp_unifs_c_sources_5db3a36abe4b	GROUP	Docs/researches/groups/group_117_9front_sources_os_plan9_9front_sys_src_cmd_gs_src_gp_unifs_c_sources_5db3a36abe4b_research.md	9front:27 files	27	250681	8334	ok
group_1180_nbdkit_sources_virtualization_nbdkit_server_connections_c_sources_v_c1ba38afb69a	GROUP	Docs/researches/groups/group_1180_nbdkit_sources_virtualization_nbdkit_server_connections_c_sources_v_c1ba38afb69a_research.md	nbdkit:21 files	21	236766	8335	ok
group_1181_nbdkit_sources_virtualization_nbdkit_server_protocol_handshake_news_b07348ca6a1f	GROUP	Docs/researches/groups/group_1181_nbdkit_sources_virtualization_nbdkit_server_protocol_handshake_news_b07348ca6a1f_research.md	nbdkit:15 files	15	149203	5077	ok
group_1182_netbsd_src_sources_os_bsd_netbsd_src_lib_Makefile_sources_os_bsd_ne_e3558c4f452c	GROUP	Docs/researches/groups/group_1182_netbsd_src_sources_os_bsd_netbsd_src_lib_Makefile_sources_os_bsd_ne_e3558c4f452c_research.md	netbsd-src:147 files	147	261498	7680	ok
group_1183_netbsd_src_sources_os_bsd_netbsd_src_lib_libarch_alpha_alpha_pci_me_9b197a09c082	GROUP	Docs/researches/groups/group_1183_netbsd_src_sources_os_bsd_netbsd_src_lib_libarch_alpha_alpha_pci_me_9b197a09c082_research.md	netbsd-src:91 files	91	262032	9688	ok
group_1184_netbsd_src_sources_os_bsd_netbsd_src_lib_libc_arch_alpha_sys_syscal_0e479c786bdd	GROUP	Docs/researches/groups/group_1184_netbsd_src_sources_os_bsd_netbsd_src_lib_libc_arch_alpha_sys_syscal_0e479c786bdd_research.md	netbsd-src:170 files	170	262041	7742	ok
group_1185_netbsd_src_sources_os_bsd_netbsd_src_lib_libc_arch_m68k_hardfloat_u_848080f7e030	GROUP	Docs/researches/groups/group_1185_netbsd_src_sources_os_bsd_netbsd_src_lib_libc_arch_m68k_hardfloat_u_848080f7e030_research.md	netbsd-src:160 files	160	260140	7794	ok
group_1186_netbsd_src_sources_os_bsd_netbsd_src_lib_libc_arch_sh3_net_ntohl_c__70df72f54eea	GROUP	Docs/researches/groups/group_1186_netbsd_src_sources_os_bsd_netbsd_src_lib_libc_arch_sh3_net_ntohl_c__70df72f54eea_research.md	netbsd-src:132 files	132	247318	7167	ok
group_1187_netbsd_src_sources_os_bsd_netbsd_src_lib_libc_cdb_cdbw_c_sources_os_7112ca30fc30	GROUP	Docs/researches/groups/group_1187_netbsd_src_sources_os_bsd_netbsd_src_lib_libc_cdb_cdbw_c_sources_os_7112ca30fc30_research.md	netbsd-src:56 files	56	261157	9053	ok
group_1188_netbsd_src_sources_os_bsd_netbsd_src_lib_libc_citrus_citrus_namespa_5591878f4047	GROUP	Docs/researches/groups/group_1188_netbsd_src_sources_os_bsd_netbsd_src_lib_libc_citrus_citrus_namespa_5591878f4047_research.md	netbsd-src:45 files	45	259240	9903	ok
group_1189_netbsd_src_sources_os_bsd_netbsd_src_lib_libc_citrus_modules_citrus_9bd856b02044	GROUP	Docs/researches/groups/group_1189_netbsd_src_sources_os_bsd_netbsd_src_lib_libc_citrus_modules_citrus_9bd856b02044_research.md	netbsd-src:111 files	111	261218	7999	ok
group_118_9front_sources_os_plan9_9front_sys_src_cmd_gs_src_gsbitops_h_sources_b852df6b58d6	GROUP	Docs/researches/groups/group_118_9front_sources_os_plan9_9front_sys_src_cmd_gs_src_gsbitops_h_sources_b852df6b58d6_research.md	9front:17 files	17	260599	8892	ok
group_1190_netbsd_src_sources_os_bsd_netbsd_src_lib_libc_compat_arch_m68k_sys__48a0661f73be	GROUP	Docs/researches/groups/group_1190_netbsd_src_sources_os_bsd_netbsd_src_lib_libc_compat_arch_m68k_sys__48a0661f73be_research.md	netbsd-src:149 files	149	259399	6156	ok
group_1191_netbsd_src_sources_os_bsd_netbsd_src_lib_libc_compat_include_unistd_a9f53522b113	GROUP	Docs/researches/groups/group_1191_netbsd_src_sources_os_bsd_netbsd_src_lib_libc_compat_include_unistd_a9f53522b113_research.md	netbsd-src:86 files	86	261919	8194	ok
group_1192_netbsd_src_sources_os_bsd_netbsd_src_lib_libc_db_btree_bt_search_c__431d7094f1ea	GROUP	Docs/researches/groups/group_1192_netbsd_src_sources_os_bsd_netbsd_src_lib_libc_db_btree_bt_search_c__431d7094f1ea_research.md	netbsd-src:41 files	41	260165	9604	ok
group_1193_netbsd_src_sources_os_bsd_netbsd_src_lib_libc_gdtoa_dtoa_c_sources__a7d676ad15da	GROUP	Docs/researches/groups/group_1193_netbsd_src_sources_os_bsd_netbsd_src_lib_libc_gdtoa_dtoa_c_sources__a7d676ad15da_research.md	netbsd-src:53 files	53	257889	10734	ok
group_1194_netbsd_src_sources_os_bsd_netbsd_src_lib_libc_gdtoa_test_Qtest_c_so_b2bbcadb846f	GROUP	Docs/researches/groups/group_1194_netbsd_src_sources_os_bsd_netbsd_src_lib_libc_gdtoa_test_Qtest_c_so_b2bbcadb846f_research.md	netbsd-src:77 files	77	256724	8853	ok
group_1195_netbsd_src_sources_os_bsd_netbsd_src_lib_libc_isc_ev_timers_c_sourc_8fd167597935	GROUP	Docs/researches/groups/group_1195_netbsd_src_sources_os_bsd_netbsd_src_lib_libc_isc_ev_timers_c_sourc_8fd167597935_research.md	netbsd-src:73 files	73	261208	8258	ok
group_1196_netbsd_src_sources_os_bsd_netbsd_src_lib_libc_nameser_ns_name_c_sou_191d24580768	GROUP	Docs/researches/groups/group_1196_netbsd_src_sources_os_bsd_netbsd_src_lib_libc_nameser_ns_name_c_sou_191d24580768_research.md	netbsd-src:27 files	27	261390	10590	ok
group_1197_netbsd_src_sources_os_bsd_netbsd_src_lib_libc_net_getservbyname_r_c_f73515b6b0b9	GROUP	Docs/researches/groups/group_1197_netbsd_src_sources_os_bsd_netbsd_src_lib_libc_net_getservbyname_r_c_f73515b6b0b9_research.md	netbsd-src:48 files	48	261151	9966	ok
group_1198_netbsd_src_sources_os_bsd_netbsd_src_lib_libc_posix1e_acl_strip_c_s_38e9d2639f2b	GROUP	Docs/researches/groups/group_1198_netbsd_src_sources_os_bsd_netbsd_src_lib_libc_posix1e_acl_strip_c_s_38e9d2639f2b_research.md	netbsd-src:45 files	45	253667	9136	ok
group_1199_netbsd_src_sources_os_bsd_netbsd_src_lib_libc_resolv_res_debug_c_so_187231f17d06	GROUP	Docs/researches/groups/group_1199_netbsd_src_sources_os_bsd_netbsd_src_lib_libc_resolv_res_debug_c_so_187231f17d06_research.md	netbsd-src:21 files	21	245991	8913	ok
group_119_9front_sources_os_plan9_9front_sys_src_cmd_gs_src_gscie_c_sources_os_7aa1d0b96295	GROUP	Docs/researches/groups/group_119_9front_sources_os_plan9_9front_sys_src_cmd_gs_src_gscie_c_sources_os_7aa1d0b96295_research.md	9front:30 files	30	261999	8270	ok
group_11_9front_sources_os_plan9_9front_sys_src_9_pc_ether82557_c_sources_os_p_ebee00754ab7	GROUP	Docs/researches/groups/group_11_9front_sources_os_plan9_9front_sys_src_9_pc_ether82557_c_sources_os_p_ebee00754ab7_research.md	9front:10 files	10	255295	11402	ok
group_1200_netbsd_src_sources_os_bsd_netbsd_src_lib_libc_rpc_getnetconfig_c_so_9eecfff57a6c	GROUP	Docs/researches/groups/group_1200_netbsd_src_sources_os_bsd_netbsd_src_lib_libc_rpc_getnetconfig_c_so_9eecfff57a6c_research.md	netbsd-src:32 files	32	259941	9697	ok
group_1201_netbsd_src_sources_os_bsd_netbsd_src_lib_libc_rpc_svc_vc_c_sources__962b17dcb484	GROUP	Docs/researches/groups/group_1201_netbsd_src_sources_os_bsd_netbsd_src_lib_libc_rpc_svc_vc_c_sources__962b17dcb484_research.md	netbsd-src:9 files	9	146177	4809	ok
group_1202_netbsd_src_sources_os_bsd_netbsd_src_lib_libc_softfloat_bits64_soft_68df1ac7c9b8	GROUP	Docs/researches/groups/group_1202_netbsd_src_sources_os_bsd_netbsd_src_lib_libc_softfloat_bits64_soft_68df1ac7c9b8_research.md	netbsd-src:36 files	36	238198	7234	ok
group_1203_netbsd_src_sources_os_bsd_netbsd_src_lib_libc_softfloat_timesoftflo_822d498b70f4	GROUP	Docs/researches/groups/group_1203_netbsd_src_sources_os_bsd_netbsd_src_lib_libc_softfloat_timesoftflo_822d498b70f4_research.md	netbsd-src:65 files	65	261957	8428	ok
group_1204_netbsd_src_sources_os_bsd_netbsd_src_lib_libc_stdio_fwprintf_c_sour_8847fee467bf	GROUP	Docs/researches/groups/group_1204_netbsd_src_sources_os_bsd_netbsd_src_lib_libc_stdio_fwprintf_c_sour_8847fee467bf_research.md	netbsd-src:59 files	59	249648	8877	ok
group_1205_netbsd_src_sources_os_bsd_netbsd_src_lib_libc_stdio_vsnprintf_ss_c__c1e8a5240351	GROUP	Docs/researches/groups/group_1205_netbsd_src_sources_os_bsd_netbsd_src_lib_libc_stdio_vsnprintf_ss_c__c1e8a5240351_research.md	netbsd-src:55 files	55	247022	8857	ok
group_1206_netbsd_src_sources_os_bsd_netbsd_src_lib_libc_stdlib_malloc_c_sourc_d39673395338	GROUP	Docs/researches/groups/group_1206_netbsd_src_sources_os_bsd_netbsd_src_lib_libc_stdlib_malloc_c_sourc_d39673395338_research.md	netbsd-src:117 files	117	262014	9035	ok
group_1207_netbsd_src_sources_os_bsd_netbsd_src_lib_libc_sys_Lint_sbrk_c_sourc_c91677480148	GROUP	Docs/researches/groups/group_1207_netbsd_src_sources_os_bsd_netbsd_src_lib_libc_sys_Lint_sbrk_c_sourc_c91677480148_research.md	netbsd-src:66 files	66	230833	6783	ok
group_1208_netbsd_src_sources_os_bsd_netbsd_src_lib_libc_time_localtime_c_sour_38df4c0ab4a3	GROUP	Docs/researches/groups/group_1208_netbsd_src_sources_os_bsd_netbsd_src_lib_libc_time_localtime_c_sour_38df4c0ab4a3_research.md	netbsd-src:6 files	6	196769	7512	ok
group_1209_netbsd_src_sources_os_bsd_netbsd_src_lib_libc_time_zic_c_sources_os_0ad913235100	GROUP	Docs/researches/groups/group_1209_netbsd_src_sources_os_bsd_netbsd_src_lib_libc_time_zic_c_sources_os_0ad913235100_research.md	netbsd-src:44 files	44	252799	9447	ok
group_120_9front_sources_os_plan9_9front_sys_src_cmd_gs_src_gscsepr_h_sources__8b7bf9fd3d6a	GROUP	Docs/researches/groups/group_120_9front_sources_os_plan9_9front_sys_src_cmd_gs_src_gscsepr_h_sources__8b7bf9fd3d6a_research.md	9front:33 files	33	257132	7926	ok
group_1210_netbsd_src_sources_os_bsd_netbsd_src_lib_libcompat_regexp_regexp_c__7617884cb85a	GROUP	Docs/researches/groups/group_1210_netbsd_src_sources_os_bsd_netbsd_src_lib_libcompat_regexp_regexp_c__7617884cb85a_research.md	netbsd-src:35 files	35	255753	9163	ok
group_1211_netbsd_src_sources_os_bsd_netbsd_src_lib_libcurses_attributes_c_sou_1c62543acd2b	GROUP	Docs/researches/groups/group_1211_netbsd_src_sources_os_bsd_netbsd_src_lib_libcurses_attributes_c_sou_1c62543acd2b_research.md	netbsd-src:38 files	38	260931	9126	ok
group_1212_netbsd_src_sources_os_bsd_netbsd_src_lib_libcurses_immedok_c_source_6e50ea0ada9d	GROUP	Docs/researches/groups/group_1212_netbsd_src_sources_os_bsd_netbsd_src_lib_libcurses_immedok_c_source_6e50ea0ada9d_research.md	netbsd-src:44 files	44	258294	9781	ok
group_1213_netbsd_src_sources_os_bsd_netbsd_src_lib_libcurses_touchwin_c_sourc_8de0b7b30281	GROUP	Docs/researches/groups/group_1213_netbsd_src_sources_os_bsd_netbsd_src_lib_libcurses_touchwin_c_sourc_8de0b7b30281_research.md	netbsd-src:33 files	33	246902	10046	ok
group_1214_netbsd_src_sources_os_bsd_netbsd_src_lib_libedit_history_c_sources__0795d52754a3	GROUP	Docs/researches/groups/group_1214_netbsd_src_sources_os_bsd_netbsd_src_lib_libedit_history_c_sources__0795d52754a3_research.md	netbsd-src:24 files	24	261324	10310	ok
group_1215_netbsd_src_sources_os_bsd_netbsd_src_lib_libedit_sys_h_sources_os_b_205b703c467f	GROUP	Docs/researches/groups/group_1215_netbsd_src_sources_os_bsd_netbsd_src_lib_libedit_sys_h_sources_os_b_205b703c467f_research.md	netbsd-src:24 files	24	228191	9047	ok
group_1216_netbsd_src_sources_os_bsd_netbsd_src_lib_libform_internals_c_source_cb1934782fd3	GROUP	Docs/researches/groups/group_1216_netbsd_src_sources_os_bsd_netbsd_src_lib_libform_internals_c_source_cb1934782fd3_research.md	netbsd-src:34 files	34	251387	9667	ok
group_1217_netbsd_src_sources_os_bsd_netbsd_src_lib_libisns_isns_pdu_c_sources_ac7bf2c2bcaa	GROUP	Docs/researches/groups/group_1217_netbsd_src_sources_os_bsd_netbsd_src_lib_libisns_isns_pdu_c_sources_ac7bf2c2bcaa_research.md	netbsd-src:35 files	35	260797	9744	ok
group_1218_netbsd_src_sources_os_bsd_netbsd_src_lib_libkvm_kvm_sparc64_c_sourc_27c117003926	GROUP	Docs/researches/groups/group_1218_netbsd_src_sources_os_bsd_netbsd_src_lib_libkvm_kvm_sparc64_c_sourc_27c117003926_research.md	netbsd-src:167 files	167	261838	9224	ok
group_1219_netbsd_src_sources_os_bsd_netbsd_src_lib_libm_arch_sparc64_fenv_c_s_b1c1f65ea049	GROUP	Docs/researches/groups/group_1219_netbsd_src_sources_os_bsd_netbsd_src_lib_libm_arch_sparc64_fenv_c_s_b1c1f65ea049_research.md	netbsd-src:93 files	93	254726	8412	ok
group_121_9front_sources_os_plan9_9front_sys_src_cmd_gs_src_gsfemu_c_sources_o_cb0446b12c42	GROUP	Docs/researches/groups/group_121_9front_sources_os_plan9_9front_sys_src_cmd_gs_src_gsfemu_c_sources_o_cb0446b12c42_research.md	9front:24 files	24	218878	7467	ok
group_1220_netbsd_src_sources_os_bsd_netbsd_src_lib_libm_ld128_b_logl_c_source_38a16f0dec87	GROUP	Docs/researches/groups/group_1220_netbsd_src_sources_os_bsd_netbsd_src_lib_libm_ld128_b_logl_c_source_38a16f0dec87_research.md	netbsd-src:38 files	38	255748	7584	ok
group_1221_netbsd_src_sources_os_bsd_netbsd_src_lib_libm_ld80_s_erfl_c_sources_a0a65bcfb17d	GROUP	Docs/researches/groups/group_1221_netbsd_src_sources_os_bsd_netbsd_src_lib_libm_ld80_s_erfl_c_sources_a0a65bcfb17d_research.md	netbsd-src:38 files	38	252518	7576	ok
group_1222_netbsd_src_sources_os_bsd_netbsd_src_lib_libm_noieee_src_n_log_c_so_8c22f1ca7528	GROUP	Docs/researches/groups/group_1222_netbsd_src_sources_os_bsd_netbsd_src_lib_libm_noieee_src_n_log_c_so_8c22f1ca7528_research.md	netbsd-src:64 files	64	257279	8112	ok
group_1223_netbsd_src_sources_os_bsd_netbsd_src_lib_libm_src_e_j1f_c_sources_o_82d816c3c76e	GROUP	Docs/researches/groups/group_1223_netbsd_src_sources_os_bsd_netbsd_src_lib_libm_src_e_j1f_c_sources_o_82d816c3c76e_research.md	netbsd-src:60 files	60	260803	8766	ok
group_1224_netbsd_src_sources_os_bsd_netbsd_src_lib_libm_src_s_cbrtl_c_sources_93a7d0580e2e	GROUP	Docs/researches/groups/group_1224_netbsd_src_sources_os_bsd_netbsd_src_lib_libm_src_s_cbrtl_c_sources_93a7d0580e2e_research.md	netbsd-src:106 files	106	261450	8915	ok
group_1225_netbsd_src_sources_os_bsd_netbsd_src_lib_libm_src_s_tan_c_sources_o_d73aa0d03fdf	GROUP	Docs/researches/groups/group_1225_netbsd_src_sources_os_bsd_netbsd_src_lib_libm_src_s_tan_c_sources_o_d73aa0d03fdf_research.md	netbsd-src:81 files	81	221454	8886	ok
group_1226_netbsd_src_sources_os_bsd_netbsd_src_lib_libnvmm_libnvmm_x86_c_sour_0c645c8053cf	GROUP	Docs/researches/groups/group_1226_netbsd_src_sources_os_bsd_netbsd_src_lib_libnvmm_libnvmm_x86_c_sour_0c645c8053cf_research.md	netbsd-src:38 files	38	260262	9749	ok
group_1227_netbsd_src_sources_os_bsd_netbsd_src_lib_libpam_modules_pam_guest_p_6e2cac21d6de	GROUP	Docs/researches/groups/group_1227_netbsd_src_sources_os_bsd_netbsd_src_lib_libpam_modules_pam_guest_p_6e2cac21d6de_research.md	netbsd-src:59 files	59	218017	7276	ok
group_1228_netbsd_src_sources_os_bsd_netbsd_src_lib_libperfuse_ops_c_sources_o_0542769d5c82	GROUP	Docs/researches/groups/group_1228_netbsd_src_sources_os_bsd_netbsd_src_lib_libperfuse_ops_c_sources_o_0542769d5c82_research.md	netbsd-src:37 files	37	258441	9067	ok
group_1229_netbsd_src_sources_os_bsd_netbsd_src_lib_libpthread_pthread_h_sourc_ecc3e4e1c87e	GROUP	Docs/researches/groups/group_1229_netbsd_src_sources_os_bsd_netbsd_src_lib_libpthread_pthread_h_sourc_ecc3e4e1c87e_research.md	netbsd-src:30 files	30	251162	9715	ok
group_122_9front_sources_os_plan9_9front_sys_src_cmd_gs_src_gsht_c_sources_os__0d0936baea41	GROUP	Docs/researches/groups/group_122_9front_sources_os_plan9_9front_sys_src_cmd_gs_src_gsht_c_sources_os__0d0936baea41_research.md	9front:24 files	24	257718	7891	ok
group_1230_netbsd_src_sources_os_bsd_netbsd_src_lib_libpuffs_null_c_sources_os_6dd6bb08b117	GROUP	Docs/researches/groups/group_1230_netbsd_src_sources_os_bsd_netbsd_src_lib_libpuffs_null_c_sources_os_6dd6bb08b117_research.md	netbsd-src:30 files	30	261728	9482	ok
group_1231_netbsd_src_sources_os_bsd_netbsd_src_lib_librefuse_fuse_log_h_sourc_f497cc52c74b	GROUP	Docs/researches/groups/group_1231_netbsd_src_sources_os_bsd_netbsd_src_lib_librefuse_fuse_log_h_sourc_f497cc52c74b_research.md	netbsd-src:41 files	41	260200	7618	ok
group_1232_netbsd_src_sources_os_bsd_netbsd_src_lib_librefuse_refuse_signals_c_4f98b5a0b4bf	GROUP	Docs/researches/groups/group_1232_netbsd_src_sources_os_bsd_netbsd_src_lib_librefuse_refuse_signals_c_4f98b5a0b4bf_research.md	netbsd-src:30 files	30	222099	8916	ok
group_1233_netbsd_src_sources_os_bsd_netbsd_src_lib_librumphijack_hijack_c_sou_15d4b449a99a	GROUP	Docs/researches/groups/group_1233_netbsd_src_sources_os_bsd_netbsd_src_lib_librumphijack_hijack_c_sou_15d4b449a99a_research.md	netbsd-src:10 files	10	124611	4949	ok
group_1234_netbsd_src_sources_os_bsd_netbsd_src_lib_librumpuser_configure_sour_6df80a29641b	GROUP	Docs/researches/groups/group_1234_netbsd_src_sources_os_bsd_netbsd_src_lib_librumpuser_configure_sour_6df80a29641b_research.md	netbsd-src:18 files	18	246580	9324	ok
group_1235_netbsd_src_sources_os_bsd_netbsd_src_lib_librumpuser_rumpuser_pth_c_2d3ccc1cb796	GROUP	Docs/researches/groups/group_1235_netbsd_src_sources_os_bsd_netbsd_src_lib_librumpuser_rumpuser_pth_c_2d3ccc1cb796_research.md	netbsd-src:31 files	31	260533	11977	ok
group_1236_netbsd_src_sources_os_bsd_netbsd_src_lib_libterminfo_Makefile_sourc_f7444b43245a	GROUP	Docs/researches/groups/group_1236_netbsd_src_sources_os_bsd_netbsd_src_lib_libterminfo_Makefile_sourc_f7444b43245a_research.md	netbsd-src:29 files	29	261642	9590	ok
group_1237_netbsd_src_sources_os_bsd_netbsd_src_lib_libusbhid_usbvar_h_sources_b68f9174166a	GROUP	Docs/researches/groups/group_1237_netbsd_src_sources_os_bsd_netbsd_src_lib_libusbhid_usbvar_h_sources_b68f9174166a_research.md	netbsd-src:58 files	58	261757	9478	ok
group_1238_netbsd_src_sources_os_bsd_netbsd_src_lib_libwrap_options_c_sources__ec150f27e666	GROUP	Docs/researches/groups/group_1238_netbsd_src_sources_os_bsd_netbsd_src_lib_libwrap_options_c_sources__ec150f27e666_research.md	netbsd-src:54 files	54	248630	9338	ok
group_1239_netbsd_src_sources_os_bsd_netbsd_src_sys_fs_cd9660_cd9660_rrip_c_so_2ec3aa20b755	GROUP	Docs/researches/groups/group_1239_netbsd_src_sources_os_bsd_netbsd_src_sys_fs_cd9660_cd9660_rrip_c_so_2ec3aa20b755_research.md	netbsd-src:31 files	31	248005	8528	ok
group_123_9front_sources_os_plan9_9front_sys_src_cmd_gs_src_gsistate_c_sources_41cc52eb071a	GROUP	Docs/researches/groups/group_123_9front_sources_os_plan9_9front_sys_src_cmd_gs_src_gsistate_c_sources_41cc52eb071a_research.md	9front:29 files	29	257703	8396	ok
group_1240_netbsd_src_sources_os_bsd_netbsd_src_sys_fs_filecorefs_filecore_vno_8233eb308cf9	GROUP	Docs/researches/groups/group_1240_netbsd_src_sources_os_bsd_netbsd_src_sys_fs_filecorefs_filecore_vno_8233eb308cf9_research.md	netbsd-src:18 files	18	258540	9187	ok
group_1241_netbsd_src_sources_os_bsd_netbsd_src_sys_fs_msdosfs_msdosfs_fat_c_s_60f552b74861	GROUP	Docs/researches/groups/group_1241_netbsd_src_sources_os_bsd_netbsd_src_sys_fs_msdosfs_msdosfs_fat_c_s_60f552b74861_research.md	netbsd-src:8 files	8	222986	7072	ok
group_1242_netbsd_src_sources_os_bsd_netbsd_src_sys_fs_nfs_client_nfs_clbio_c__19a90903b903	GROUP	Docs/researches/groups/group_1242_netbsd_src_sources_os_bsd_netbsd_src_sys_fs_nfs_client_nfs_clbio_c__19a90903b903_research.md	netbsd-src:8 files	8	156681	5517	ok
group_1243_netbsd_src_sources_os_bsd_netbsd_src_sys_fs_nfs_client_nfs_clrpcops_1b9181770fbb	GROUP	Docs/researches/groups/group_1243_netbsd_src_sources_os_bsd_netbsd_src_sys_fs_nfs_client_nfs_clrpcops_1b9181770fbb_research.md	netbsd-src:1 files	1	177963	5929	ok
group_1244_netbsd_src_sources_os_bsd_netbsd_src_sys_fs_nfs_client_nfs_clstate__6bc45d0be84c	GROUP	Docs/researches/groups/group_1244_netbsd_src_sources_os_bsd_netbsd_src_sys_fs_nfs_client_nfs_clstate__6bc45d0be84c_research.md	netbsd-src:3 files	3	213215	7609	ok
group_1245_netbsd_src_sources_os_bsd_netbsd_src_sys_fs_nfs_client_nfs_clvnops__3596429d9b92	GROUP	Docs/researches/groups/group_1245_netbsd_src_sources_os_bsd_netbsd_src_sys_fs_nfs_client_nfs_clvnops__3596429d9b92_research.md	netbsd-src:12 files	12	252658	9029	ok
group_1246_netbsd_src_sources_os_bsd_netbsd_src_sys_fs_nfs_common_nfs_commonpo_021e46bcda4a	GROUP	Docs/researches/groups/group_1246_netbsd_src_sources_os_bsd_netbsd_src_sys_fs_nfs_common_nfs_commonpo_021e46bcda4a_research.md	netbsd-src:18 files	18	260495	8568	ok
group_1247_netbsd_src_sources_os_bsd_netbsd_src_sys_fs_nfs_common_nfsport_h_so_d7f04a6337f0	GROUP	Docs/researches/groups/group_1247_netbsd_src_sources_os_bsd_netbsd_src_sys_fs_nfs_common_nfsport_h_so_d7f04a6337f0_research.md	netbsd-src:15 files	15	202388	6703	ok
group_1248_netbsd_src_sources_os_bsd_netbsd_src_sys_fs_nfs_nlm_nlm_prot_impl_c_c7af6eafcbec	GROUP	Docs/researches/groups/group_1248_netbsd_src_sources_os_bsd_netbsd_src_sys_fs_nfs_nlm_nlm_prot_impl_c_c7af6eafcbec_research.md	netbsd-src:12 files	12	248959	9794	ok
group_1249_netbsd_src_sources_os_bsd_netbsd_src_sys_fs_nfs_server_nfs_nfsdserv_95636625ab9e	GROUP	Docs/researches/groups/group_1249_netbsd_src_sources_os_bsd_netbsd_src_sys_fs_nfs_server_nfs_nfsdserv_95636625ab9e_research.md	netbsd-src:2 files	2	160069	5225	ok
group_124_9front_sources_os_plan9_9front_sys_src_cmd_gs_src_gsovrc_h_sources_o_6352cf6a5612	GROUP	Docs/researches/groups/group_124_9front_sources_os_plan9_9front_sys_src_cmd_gs_src_gsovrc_h_sources_o_6352cf6a5612_research.md	9front:27 files	27	255452	8173	ok
group_1250_netbsd_src_sources_os_bsd_netbsd_src_sys_fs_nfs_server_nfs_nfsdstat_38f75151ed88	GROUP	Docs/researches/groups/group_1250_netbsd_src_sources_os_bsd_netbsd_src_sys_fs_nfs_server_nfs_nfsdstat_38f75151ed88_research.md	netbsd-src:7 files	7	256781	9154	ok
group_1251_netbsd_src_sources_os_bsd_netbsd_src_sys_fs_nilfs_nilfs_subr_c_sour_5392ab92e748	GROUP	Docs/researches/groups/group_1251_netbsd_src_sources_os_bsd_netbsd_src_sys_fs_nilfs_nilfs_subr_c_sour_5392ab92e748_research.md	netbsd-src:22 files	22	254155	9553	ok
group_1252_netbsd_src_sources_os_bsd_netbsd_src_sys_fs_ptyfs_ptyfs_vnops_c_sou_d480ea25b18b	GROUP	Docs/researches/groups/group_1252_netbsd_src_sources_os_bsd_netbsd_src_sys_fs_ptyfs_ptyfs_vnops_c_sou_d480ea25b18b_research.md	netbsd-src:14 files	14	260439	9889	ok
group_1253_netbsd_src_sources_os_bsd_netbsd_src_sys_fs_sysvbfs_sysvbfs_c_sourc_33c402c2ed6c	GROUP	Docs/researches/groups/group_1253_netbsd_src_sources_os_bsd_netbsd_src_sys_fs_sysvbfs_sysvbfs_c_sourc_33c402c2ed6c_research.md	netbsd-src:21 files	21	206663	7713	ok
group_1254_netbsd_src_sources_os_bsd_netbsd_src_sys_fs_udf_udf_allocation_c_so_6288fe75adb8	GROUP	Docs/researches/groups/group_1254_netbsd_src_sources_os_bsd_netbsd_src_sys_fs_udf_udf_allocation_c_so_6288fe75adb8_research.md	netbsd-src:11 files	11	223767	8200	ok
group_1255_netbsd_src_sources_os_bsd_netbsd_src_sys_fs_udf_udf_subr_c_sources__7560042f26ee	GROUP	Docs/researches/groups/group_1255_netbsd_src_sources_os_bsd_netbsd_src_sys_fs_udf_udf_subr_c_sources__7560042f26ee_research.md	netbsd-src:3 files	3	221228	8073	ok
group_1256_netbsd_src_sources_os_bsd_netbsd_src_sys_fs_udf_udf_vnops_c_sources_ce70b7cc247c	GROUP	Docs/researches/groups/group_1256_netbsd_src_sources_os_bsd_netbsd_src_sys_fs_udf_udf_vnops_c_sources_ce70b7cc247c_research.md	netbsd-src:15 files	15	256337	10202	ok
group_1257_netbsd_src_sources_os_bsd_netbsd_src_sys_fs_v7fs_v7fs_datablock_c_s_ec36b866ef53	GROUP	Docs/researches/groups/group_1257_netbsd_src_sources_os_bsd_netbsd_src_sys_fs_v7fs_v7fs_datablock_c_s_ec36b866ef53_research.md	netbsd-src:36 files	36	251408	8971	ok
group_1258_netbsd_src_sources_os_bsd_netbsd_src_sys_kern_exec_elf_c_sources_os_52849947d64e	GROUP	Docs/researches/groups/group_1258_netbsd_src_sources_os_bsd_netbsd_src_sys_kern_exec_elf_c_sources_os_52849947d64e_research.md	netbsd-src:12 files	12	238113	8703	ok
group_1259_netbsd_src_sources_os_bsd_netbsd_src_sys_kern_kern_auth_c_sources_o_77969ab6bef2	GROUP	Docs/researches/groups/group_1259_netbsd_src_sources_os_bsd_netbsd_src_sys_kern_kern_auth_c_sources_o_77969ab6bef2_research.md	netbsd-src:11 files	11	183040	7461	ok
group_125_9front_sources_os_plan9_9front_sys_src_cmd_gs_src_gsropc_c_sources_o_f74d02ef0561	GROUP	Docs/researches/groups/group_125_9front_sources_os_plan9_9front_sys_src_cmd_gs_src_gsropc_c_sources_o_f74d02ef0561_research.md	9front:21 files	21	257571	7446	ok
group_1260_netbsd_src_sources_os_bsd_netbsd_src_sys_kern_kern_entropy_c_source_a8eb2c93be90	GROUP	Docs/researches/groups/group_1260_netbsd_src_sources_os_bsd_netbsd_src_sys_kern_kern_entropy_c_source_a8eb2c93be90_research.md	netbsd-src:3 files	3	234470	8890	ok
group_1261_netbsd_src_sources_os_bsd_netbsd_src_sys_kern_kern_exit_c_sources_o_f655ed660e57	GROUP	Docs/researches/groups/group_1261_netbsd_src_sources_os_bsd_netbsd_src_sys_kern_kern_exit_c_sources_o_f655ed660e57_research.md	netbsd-src:13 files	13	223287	8900	ok
group_1262_netbsd_src_sources_os_bsd_netbsd_src_sys_kern_kern_lwp_c_sources_os_b9894aae6e49	GROUP	Docs/researches/groups/group_1262_netbsd_src_sources_os_bsd_netbsd_src_sys_kern_kern_lwp_c_sources_os_b9894aae6e49_research.md	netbsd-src:11 files	11	244543	9410	ok
group_1263_netbsd_src_sources_os_bsd_netbsd_src_sys_kern_kern_proc_c_sources_o_40d7e80e90ca	GROUP	Docs/researches/groups/group_1263_netbsd_src_sources_os_bsd_netbsd_src_sys_kern_kern_proc_c_sources_o_40d7e80e90ca_research.md	netbsd-src:11 files	11	208012	8134	ok
group_1264_netbsd_src_sources_os_bsd_netbsd_src_sys_kern_kern_sig_c_sources_os_0557548c426e	GROUP	Docs/researches/groups/group_1264_netbsd_src_sources_os_bsd_netbsd_src_sys_kern_kern_sig_c_sources_os_0557548c426e_research.md	netbsd-src:9 files	9	249128	9833	ok
group_1265_netbsd_src_sources_os_bsd_netbsd_src_sys_kern_kern_tc_c_sources_os__29a7bffd8324	GROUP	Docs/researches/groups/group_1265_netbsd_src_sources_os_bsd_netbsd_src_sys_kern_kern_tc_c_sources_os__29a7bffd8324_research.md	netbsd-src:10 files	10	234973	9077	ok
group_1266_netbsd_src_sources_os_bsd_netbsd_src_sys_kern_makesyscalls_sh_sourc_781c044e8d0e	GROUP	Docs/researches/groups/group_1266_netbsd_src_sources_os_bsd_netbsd_src_sys_kern_makesyscalls_sh_sourc_781c044e8d0e_research.md	netbsd-src:8 files	8	256140	9764	ok
group_1267_netbsd_src_sources_os_bsd_netbsd_src_sys_kern_subr_bufq_c_sources_o_9e67f1d0d488	GROUP	Docs/researches/groups/group_1267_netbsd_src_sources_os_bsd_netbsd_src_sys_kern_subr_bufq_c_sources_o_9e67f1d0d488_research.md	netbsd-src:18 files	18	240400	9235	ok
group_1268_netbsd_src_sources_os_bsd_netbsd_src_sys_kern_subr_extent_c_sources_e22097974e1c	GROUP	Docs/researches/groups/group_1268_netbsd_src_sources_os_bsd_netbsd_src_sys_kern_subr_extent_c_sources_e22097974e1c_research.md	netbsd-src:16 files	16	221788	8867	ok
group_1269_netbsd_src_sources_os_bsd_netbsd_src_sys_kern_subr_msan_c_sources_o_ac277ca0830d	GROUP	Docs/researches/groups/group_1269_netbsd_src_sources_os_bsd_netbsd_src_sys_kern_subr_msan_c_sources_o_ac277ca0830d_research.md	netbsd-src:12 files	12	257635	10264	ok
group_126_9front_sources_os_plan9_9front_sys_src_cmd_gs_src_gstype2_c_sources__94836622cec2	GROUP	Docs/researches/groups/group_126_9front_sources_os_plan9_9front_sys_src_cmd_gs_src_gstype2_c_sources__94836622cec2_research.md	9front:23 files	23	237061	7857	ok
group_1270_netbsd_src_sources_os_bsd_netbsd_src_sys_kern_subr_specificdata_c_s_ca8fb90cbfc8	GROUP	Docs/researches/groups/group_1270_netbsd_src_sources_os_bsd_netbsd_src_sys_kern_subr_specificdata_c_s_ca8fb90cbfc8_research.md	netbsd-src:14 files	14	251260	10503	ok
group_1271_netbsd_src_sources_os_bsd_netbsd_src_sys_kern_sys_eventfd_c_sources_77e00c30b43a	GROUP	Docs/researches/groups/group_1271_netbsd_src_sources_os_bsd_netbsd_src_sys_kern_sys_eventfd_c_sources_77e00c30b43a_research.md	netbsd-src:14 files	14	255010	10566	ok
group_1272_netbsd_src_sources_os_bsd_netbsd_src_sys_kern_sys_sched_c_sources_o_104bb61dbda2	GROUP	Docs/researches/groups/group_1272_netbsd_src_sources_os_bsd_netbsd_src_sys_kern_sys_sched_c_sources_o_104bb61dbda2_research.md	netbsd-src:9 files	9	139132	5137	ok
group_1273_netbsd_src_sources_os_bsd_netbsd_src_sys_kern_systrace_args_c_sourc_8f99260fb927	GROUP	Docs/researches/groups/group_1273_netbsd_src_sources_os_bsd_netbsd_src_sys_kern_systrace_args_c_sourc_8f99260fb927_research.md	netbsd-src:2 files	2	244021	13451	ok
group_1274_netbsd_src_sources_os_bsd_netbsd_src_sys_kern_sysv_msg_c_sources_os_9b9a2df2de89	GROUP	Docs/researches/groups/group_1274_netbsd_src_sources_os_bsd_netbsd_src_sys_kern_sysv_msg_c_sources_os_9b9a2df2de89_research.md	netbsd-src:11 files	11	248352	10246	ok
group_1275_netbsd_src_sources_os_bsd_netbsd_src_sys_kern_uipc_domain_c_sources_6f4dbee463e7	GROUP	Docs/researches/groups/group_1275_netbsd_src_sources_os_bsd_netbsd_src_sys_kern_uipc_domain_c_sources_6f4dbee463e7_research.md	netbsd-src:7 files	7	232479	9861	ok
group_1276_netbsd_src_sources_os_bsd_netbsd_src_sys_kern_uipc_syscalls_c_sourc_00b57cb147dd	GROUP	Docs/researches/groups/group_1276_netbsd_src_sources_os_bsd_netbsd_src_sys_kern_uipc_syscalls_c_sourc_00b57cb147dd_research.md	netbsd-src:10 files	10	256964	10070	ok
group_1277_netbsd_src_sources_os_bsd_netbsd_src_sys_kern_vfs_lockf_c_sources_o_34440384a8c1	GROUP	Docs/researches/groups/group_1277_netbsd_src_sources_os_bsd_netbsd_src_sys_kern_vfs_lockf_c_sources_o_34440384a8c1_research.md	netbsd-src:5 files	5	177236	7103	ok
group_1278_netbsd_src_sources_os_bsd_netbsd_src_sys_kern_vfs_syscalls_c_source_1c56ba169d18	GROUP	Docs/researches/groups/group_1278_netbsd_src_sources_os_bsd_netbsd_src_sys_kern_vfs_syscalls_c_source_1c56ba169d18_research.md	netbsd-src:4 files	4	233756	10046	ok
group_1279_netbsd_src_sources_os_bsd_netbsd_src_sys_kern_vfs_wapbl_c_sources_o_7340667cbc28	GROUP	Docs/researches/groups/group_1279_netbsd_src_sources_os_bsd_netbsd_src_sys_kern_vfs_wapbl_c_sources_o_7340667cbc28_research.md	netbsd-src:13 files	13	241751	9297	ok
group_127_9front_sources_os_plan9_9front_sys_src_cmd_gs_src_gxccman_c_sources__e17fcc2fdd51	GROUP	Docs/researches/groups/group_127_9front_sources_os_plan9_9front_sys_src_cmd_gs_src_gxccman_c_sources__e17fcc2fdd51_research.md	9front:15 files	15	254864	7681	ok
group_1280_netbsd_src_sources_os_bsd_netbsd_src_sys_sys_atomic_h_sources_os_bs_3dc5987c5b87	GROUP	Docs/researches/groups/group_1280_netbsd_src_sources_os_bsd_netbsd_src_sys_sys_atomic_h_sources_os_bs_3dc5987c5b87_research.md	netbsd-src:28 files	28	260039	7273	ok
group_1281_netbsd_src_sources_os_bsd_netbsd_src_sys_sys_common_int_limits_h_so_6bcdd2e2b80e	GROUP	Docs/researches/groups/group_1281_netbsd_src_sources_os_bsd_netbsd_src_sys_sys_common_int_limits_h_so_6bcdd2e2b80e_research.md	netbsd-src:46 files	46	258796	7448	ok
group_1282_netbsd_src_sources_os_bsd_netbsd_src_sys_sys_errno_h_sources_os_bsd_845f3a0faeea	GROUP	Docs/researches/groups/group_1282_netbsd_src_sources_os_bsd_netbsd_src_sys_sys_errno_h_sources_os_bsd_845f3a0faeea_research.md	netbsd-src:37 files	37	261009	7176	ok
group_1283_netbsd_src_sources_os_bsd_netbsd_src_sys_sys_interrupt_h_sources_os_bc467a396a86	GROUP	Docs/researches/groups/group_1283_netbsd_src_sources_os_bsd_netbsd_src_sys_sys_interrupt_h_sources_os_bc467a396a86_research.md	netbsd-src:46 files	46	246443	7374	ok
group_1284_netbsd_src_sources_os_bsd_netbsd_src_sys_sys_mount_h_sources_os_bsd_e1e7c6b2165b	GROUP	Docs/researches/groups/group_1284_netbsd_src_sources_os_bsd_netbsd_src_sys_sys_mount_h_sources_os_bsd_e1e7c6b2165b_research.md	netbsd-src:40 files	40	259725	7598	ok
group_1285_netbsd_src_sources_os_bsd_netbsd_src_sys_sys_ras_h_sources_os_bsd_n_bacf92dc66fb	GROUP	Docs/researches/groups/group_1285_netbsd_src_sources_os_bsd_netbsd_src_sys_sys_ras_h_sources_os_bsd_n_bacf92dc66fb_research.md	netbsd-src:44 files	44	259444	7273	ok
group_1286_netbsd_src_sources_os_bsd_netbsd_src_sys_sys_swap_h_sources_os_bsd__fff7ae4e4395	GROUP	Docs/researches/groups/group_1286_netbsd_src_sources_os_bsd_netbsd_src_sys_sys_swap_h_sources_os_bsd__fff7ae4e4395_research.md	netbsd-src:9 files	9	243955	7883	ok
group_1287_netbsd_src_sources_os_bsd_netbsd_src_sys_sys_systm_h_sources_os_bsd_affd341d472d	GROUP	Docs/researches/groups/group_1287_netbsd_src_sources_os_bsd_netbsd_src_sys_sys_systm_h_sources_os_bsd_affd341d472d_research.md	netbsd-src:38 files	38	219263	6397	ok
group_1288_netbsd_src_sources_os_bsd_netbsd_src_sys_sys_videoio_h_sources_os_b_18299c9ba974	GROUP	Docs/researches/groups/group_1288_netbsd_src_sources_os_bsd_netbsd_src_sys_sys_videoio_h_sources_os_b_18299c9ba974_research.md	netbsd-src:19 files	19	260414	7386	ok
group_1289_netbsd_src_sources_os_bsd_netbsd_src_sys_ufs_chfs_chfs_erase_c_sour_721b7939c2ef	GROUP	Docs/researches/groups/group_1289_netbsd_src_sources_os_bsd_netbsd_src_sys_ufs_chfs_chfs_erase_c_sour_721b7939c2ef_research.md	netbsd-src:17 files	17	243248	8909	ok
group_128_9front_sources_os_plan9_9front_sys_src_cmd_gs_src_gxclip_c_sources_o_6bc2476f123a	GROUP	Docs/researches/groups/group_128_9front_sources_os_plan9_9front_sys_src_cmd_gs_src_gxclip_c_sources_o_6bc2476f123a_research.md	9front:16 files	16	195302	5796	ok
group_1290_netbsd_src_sources_os_bsd_netbsd_src_sys_ufs_chfs_ebh_c_sources_os__deaacf09bee5	GROUP	Docs/researches/groups/group_1290_netbsd_src_sources_os_bsd_netbsd_src_sys_ufs_chfs_ebh_c_sources_os__deaacf09bee5_research.md	netbsd-src:21 files	21	248946	8176	ok
group_1291_netbsd_src_sources_os_bsd_netbsd_src_sys_ufs_ext2fs_ext2fs_lookup_c_ce8392b48550	GROUP	Docs/researches/groups/group_1291_netbsd_src_sources_os_bsd_netbsd_src_sys_ufs_ext2fs_ext2fs_lookup_c_ce8392b48550_research.md	netbsd-src:12 files	12	261102	9450	ok
group_1292_netbsd_src_sources_os_bsd_netbsd_src_sys_ufs_ffs_ffs_bswap_c_source_5e2afc783de4	GROUP	Docs/researches/groups/group_1292_netbsd_src_sources_os_bsd_netbsd_src_sys_ufs_ffs_ffs_bswap_c_source_5e2afc783de4_research.md	netbsd-src:11 files	11	258550	9340	ok
group_1293_netbsd_src_sources_os_bsd_netbsd_src_sys_ufs_ffs_fs_h_sources_os_bs_9a80b37a8291	GROUP	Docs/researches/groups/group_1293_netbsd_src_sources_os_bsd_netbsd_src_sys_ufs_ffs_fs_h_sources_os_bs_9a80b37a8291_research.md	netbsd-src:10 files	10	244077	7374	ok
group_1294_netbsd_src_sources_os_bsd_netbsd_src_sys_ufs_lfs_lfs_inode_c_source_542926d1b72b	GROUP	Docs/researches/groups/group_1294_netbsd_src_sources_os_bsd_netbsd_src_sys_ufs_lfs_lfs_inode_c_source_542926d1b72b_research.md	netbsd-src:9 files	9	248562	8639	ok
group_1295_netbsd_src_sources_os_bsd_netbsd_src_sys_ufs_lfs_lfs_subr_c_sources_6ae4a4137266	GROUP	Docs/researches/groups/group_1295_netbsd_src_sources_os_bsd_netbsd_src_sys_ufs_lfs_lfs_subr_c_sources_6ae4a4137266_research.md	netbsd-src:9 files	9	255730	9298	ok
group_1296_netbsd_src_sources_os_bsd_netbsd_src_sys_ufs_lfs_ulfs_extattr_c_sou_4a38409910f1	GROUP	Docs/researches/groups/group_1296_netbsd_src_sources_os_bsd_netbsd_src_sys_ufs_lfs_ulfs_extattr_c_sou_4a38409910f1_research.md	netbsd-src:18 files	18	248062	8767	ok
group_1297_netbsd_src_sources_os_bsd_netbsd_src_sys_ufs_lfs_ulfs_vnops_c_sourc_884cf866b51c	GROUP	Docs/researches/groups/group_1297_netbsd_src_sources_os_bsd_netbsd_src_sys_ufs_lfs_ulfs_vnops_c_sourc_884cf866b51c_research.md	netbsd-src:27 files	27	249826	8555	ok
group_1298_netbsd_src_sources_os_bsd_netbsd_src_sys_ufs_ufs_ufs_lookup_c_sourc_ef3d7ec778cf	GROUP	Docs/researches/groups/group_1298_netbsd_src_sources_os_bsd_netbsd_src_sys_ufs_ufs_ufs_lookup_c_sourc_ef3d7ec778cf_research.md	netbsd-src:11 files	11	258761	9775	ok
group_1299_nilfs_utils_sources_cow_pools_nilfs_utils_Makefile_am_sources_cow_p_cab77c7be47d	GROUP	Docs/researches/groups/group_1299_nilfs_utils_sources_cow_pools_nilfs_utils_Makefile_am_sources_cow_p_cab77c7be47d_research.md	nilfs-utils:47 files	47	257515	10045	ok
group_129_9front_sources_os_plan9_9front_sys_src_cmd_gs_src_gxclrast_c_sources_bafd2ee64f1b	GROUP	Docs/researches/groups/group_129_9front_sources_os_plan9_9front_sys_src_cmd_gs_src_gxclrast_c_sources_bafd2ee64f1b_research.md	9front:17 files	17	261262	8459	ok
group_12_9front_sources_os_plan9_9front_sys_src_9_pc_etherga620_c_sources_os_p_d5db8cc31558	GROUP	Docs/researches/groups/group_12_9front_sources_os_plan9_9front_sys_src_9_pc_etherga620_c_sources_os_p_d5db8cc31558_research.md	9front:2 files	2	252153	6137	ok
group_1300_nilfs_utils_sources_cow_pools_nilfs_utils_lib_sb_c_sources_cow_pool_beb53aca9f5e	GROUP	Docs/researches/groups/group_1300_nilfs_utils_sources_cow_pools_nilfs_utils_lib_sb_c_sources_cow_pool_beb53aca9f5e_research.md	nilfs-utils:32 files	32	260341	10479	ok
group_1301_nilfs_utils_sources_cow_pools_nilfs_utils_sbin_nilfs_clean_c_source_3539699bd373	GROUP	Docs/researches/groups/group_1301_nilfs_utils_sources_cow_pools_nilfs_utils_sbin_nilfs_clean_c_source_3539699bd373_research.md	nilfs-utils:5 files	5	240948	8556	ok
group_1302_nilfs2_kmod10_sources_cow_pools_nilfs2_kmod10_Makefile_sources_cow__c9bc318bc560	GROUP	Docs/researches/groups/group_1302_nilfs2_kmod10_sources_cow_pools_nilfs2_kmod10_Makefile_sources_cow__c9bc318bc560_research.md	nilfs2-kmod10:23 files	23	230848	8457	ok
group_1303_nilfs2_kmod10_sources_cow_pools_nilfs2_kmod10_fs_nilfs2_inode_c_sou_33c0afa85b8d	GROUP	Docs/researches/groups/group_1303_nilfs2_kmod10_sources_cow_pools_nilfs2_kmod10_fs_nilfs2_inode_c_sou_33c0afa85b8d_research.md	nilfs2-kmod10:12 files	12	183050	6841	ok
group_1304_nilfs2_kmod10_sources_cow_pools_nilfs2_kmod10_fs_nilfs2_segment_c_s_42fe01d943b2	GROUP	Docs/researches/groups/group_1304_nilfs2_kmod10_sources_cow_pools_nilfs2_kmod10_fs_nilfs2_segment_c_s_42fe01d943b2_research.md	nilfs2-kmod10:11 files	11	248292	9128	ok
group_1305_nilfs2_kmod10_sources_cow_pools_nilfs2_kmod10_include_uapi_linux_ni_e9954dbb7f38	GROUP	Docs/researches/groups/group_1305_nilfs2_kmod10_sources_cow_pools_nilfs2_kmod10_include_uapi_linux_ni_e9954dbb7f38_research.md	nilfs2-kmod10:1 files	1	18471	682	ok
group_1306_ntfs_3g_sources_local_fs_ntfs_3g_libntfs_3g_Makefile_am_sources_loc_5dce9eca5902	GROUP	Docs/researches/groups/group_1306_ntfs_3g_sources_local_fs_ntfs_3g_libntfs_3g_Makefile_am_sources_loc_5dce9eca5902_research.md	ntfs-3g:2 files	2	121324	4618	ok
group_1307_ntfs_3g_sources_local_fs_ntfs_3g_libntfs_3g_attrib_c_sources_local__f8da426784aa	GROUP	Docs/researches/groups/group_1307_ntfs_3g_sources_local_fs_ntfs_3g_libntfs_3g_attrib_c_sources_local__f8da426784aa_research.md	ntfs-3g:5 files	5	260174	8787	ok
group_1308_ntfs_3g_sources_local_fs_ntfs_3g_libntfs_3g_collate_c_sources_local_96e8ede70796	GROUP	Docs/researches/groups/group_1308_ntfs_3g_sources_local_fs_ntfs_3g_libntfs_3g_collate_c_sources_local_96e8ede70796_research.md	ntfs-3g:9 files	9	254532	9553	ok
group_1309_ntfs_3g_sources_local_fs_ntfs_3g_libntfs_3g_inode_c_sources_local_f_678210598c08	GROUP	Docs/researches/groups/group_1309_ntfs_3g_sources_local_fs_ntfs_3g_libntfs_3g_inode_c_sources_local_f_678210598c08_research.md	ntfs-3g:13 files	13	248116	8796	ok
group_130_9front_sources_os_plan9_9front_sys_src_cmd_gs_src_gxdcconv_h_sources_4476aaa55fdd	GROUP	Docs/researches/groups/group_130_9front_sources_os_plan9_9front_sys_src_cmd_gs_src_gxdcconv_h_sources_4476aaa55fdd_research.md	9front:24 files	24	255850	6943	ok
group_1310_ntfs_3g_sources_local_fs_ntfs_3g_libntfs_3g_runlist_c_sources_local_5b7520a22908	GROUP	Docs/researches/groups/group_1310_ntfs_3g_sources_local_fs_ntfs_3g_libntfs_3g_runlist_c_sources_local_5b7520a22908_research.md	ntfs-3g:3 files	3	253782	9347	ok
group_1311_ntfs_3g_sources_local_fs_ntfs_3g_libntfs_3g_unix_io_c_sources_local_09fe6d98f3ae	GROUP	Docs/researches/groups/group_1311_ntfs_3g_sources_local_fs_ntfs_3g_libntfs_3g_unix_io_c_sources_local_09fe6d98f3ae_research.md	ntfs-3g:13 files	13	180622	6390	ok
group_1312_ntfs_3g_sources_local_fs_ntfs_3g_ntfsprogs_mkntfs_c_sources_local_f_1dd292e78320	GROUP	Docs/researches/groups/group_1312_ntfs_3g_sources_local_fs_ntfs_3g_ntfsprogs_mkntfs_c_sources_local_f_1dd292e78320_research.md	ntfs-3g:6 files	6	217786	7126	ok
group_1313_ntfs_3g_sources_local_fs_ntfs_3g_ntfsprogs_ntfsclone_c_sources_loca_f90245419219	GROUP	Docs/researches/groups/group_1313_ntfs_3g_sources_local_fs_ntfs_3g_ntfsprogs_ntfsclone_c_sources_loca_f90245419219_research.md	ntfs-3g:14 files	14	255760	9746	ok
group_1314_ntfs_3g_sources_local_fs_ntfs_3g_ntfsprogs_ntfsfix_c_sources_local__b4d4834a8009	GROUP	Docs/researches/groups/group_1314_ntfs_3g_sources_local_fs_ntfs_3g_ntfsprogs_ntfsfix_c_sources_local__b4d4834a8009_research.md	ntfs-3g:12 files	12	200974	7535	ok
group_1315_ntfs_3g_sources_local_fs_ntfs_3g_ntfsprogs_ntfsrecover_c_sources_lo_133676a03796	GROUP	Docs/researches/groups/group_1315_ntfs_3g_sources_local_fs_ntfs_3g_ntfsprogs_ntfsrecover_c_sources_lo_133676a03796_research.md	ntfs-3g:3 files	3	137124	4908	ok
group_1316_ntfs_3g_sources_local_fs_ntfs_3g_ntfsprogs_ntfsresize_c_sources_loc_0f387af9aba5	GROUP	Docs/researches/groups/group_1316_ntfs_3g_sources_local_fs_ntfs_3g_ntfsprogs_ntfsresize_c_sources_loc_0f387af9aba5_research.md	ntfs-3g:2 files	2	132121	4877	ok
group_1317_ntfs_3g_sources_local_fs_ntfs_3g_ntfsprogs_ntfssecaudit_c_sources_l_23a5235ab89d	GROUP	Docs/researches/groups/group_1317_ntfs_3g_sources_local_fs_ntfs_3g_ntfsprogs_ntfssecaudit_c_sources_l_23a5235ab89d_research.md	ntfs-3g:6 files	6	259116	10365	ok
group_1318_ntfs_3g_sources_local_fs_ntfs_3g_ntfsprogs_ntfsusermap_8_in_sources_3e6266a57aef	GROUP	Docs/researches/groups/group_1318_ntfs_3g_sources_local_fs_ntfs_3g_ntfsprogs_ntfsusermap_8_in_sources_3e6266a57aef_research.md	ntfs-3g:8 files	8	244396	9241	ok
group_1319_ntfs_3g_sources_local_fs_ntfs_3g_ntfsprogs_utils_c_sources_local_fs_43996a7de50c	GROUP	Docs/researches/groups/group_1319_ntfs_3g_sources_local_fs_ntfs_3g_ntfsprogs_utils_c_sources_local_fs_43996a7de50c_research.md	ntfs-3g:5 files	5	182218	6818	ok
group_131_9front_sources_os_plan9_9front_sys_src_cmd_gs_src_gxfcopy_c_sources__cd2f8390470a	GROUP	Docs/researches/groups/group_131_9front_sources_os_plan9_9front_sys_src_cmd_gs_src_gxfcopy_c_sources__cd2f8390470a_research.md	9front:20 files	20	261420	7906	ok
group_1320_ntfs_3g_sources_local_fs_ntfs_3g_src_ntfs_3g_c_sources_local_fs_ntf_fdce4e821c81	GROUP	Docs/researches/groups/group_1320_ntfs_3g_sources_local_fs_ntfs_3g_src_ntfs_3g_c_sources_local_fs_ntf_fdce4e821c81_research.md	ntfs-3g:5 files	5	155071	6097	ok
group_1321_nvme_cli_sources_virtualization_nvme_cli_checkpatch_conf_sources_vi_70bd1db9a7d4	GROUP	Docs/researches/groups/group_1321_nvme_cli_sources_virtualization_nvme_cli_checkpatch_conf_sources_vi_70bd1db9a7d4_research.md	nvme-cli:52 files	52	223783	7778	ok
group_1322_nvme_cli_sources_virtualization_nvme_cli_completions_bash_nvme_comp_c21c8351b816	GROUP	Docs/researches/groups/group_1322_nvme_cli_sources_virtualization_nvme_cli_completions_bash_nvme_comp_c21c8351b816_research.md	nvme-cli:38 files	38	250609	9681	ok
group_1323_nvme_cli_sources_virtualization_nvme_cli_libnvme_src_nvme_accessors_eb8da80b59ba	GROUP	Docs/researches/groups/group_1323_nvme_cli_sources_virtualization_nvme_cli_libnvme_src_nvme_accessors_eb8da80b59ba_research.md	nvme-cli:17 files	17	258412	9670	ok
group_1324_nvme_cli_sources_virtualization_nvme_cli_libnvme_src_nvme_ioctl_win_871bb0991bd5	GROUP	Docs/researches/groups/group_1324_nvme_cli_sources_virtualization_nvme_cli_libnvme_src_nvme_ioctl_win_871bb0991bd5_research.md	nvme-cli:18 files	18	260800	9071	ok
group_1325_nvme_cli_sources_virtualization_nvme_cli_libnvme_src_nvme_nbft_c_so_911279a49311	GROUP	Docs/researches/groups/group_1325_nvme_cli_sources_virtualization_nvme_cli_libnvme_src_nvme_nbft_c_so_911279a49311_research.md	nvme-cli:14 files	14	248406	7967	ok
group_1326_nvme_cli_sources_virtualization_nvme_cli_libnvme_src_nvme_nvme_type_112510776f84	GROUP	Docs/researches/groups/group_1326_nvme_cli_sources_virtualization_nvme_cli_libnvme_src_nvme_nvme_type_112510776f84_research.md	nvme-cli:12 files	12	228856	7673	ok
group_1327_nvme_cli_sources_virtualization_nvme_cli_libnvme_src_nvme_tree_h_so_8f4e612801b6	GROUP	Docs/researches/groups/group_1327_nvme_cli_sources_virtualization_nvme_cli_libnvme_src_nvme_tree_h_so_8f4e612801b6_research.md	nvme-cli:25 files	25	260276	8565	ok
group_1328_nvme_cli_sources_virtualization_nvme_cli_libnvme_test_ioctl_misc_c__f53b2dd25759	GROUP	Docs/researches/groups/group_1328_nvme_cli_sources_virtualization_nvme_cli_libnvme_test_ioctl_misc_c__f53b2dd25759_research.md	nvme-cli:24 files	24	229133	8386	ok
group_1329_nvme_cli_sources_virtualization_nvme_cli_libnvme_test_tree_fabrics__e6e8074d1488	GROUP	Docs/researches/groups/group_1329_nvme_cli_sources_virtualization_nvme_cli_libnvme_test_tree_fabrics__e6e8074d1488_research.md	nvme-cli:19 files	19	241512	6927	ok
group_132_9front_sources_os_plan9_9front_sys_src_cmd_gs_src_gxhintn_c_sources__ebed4bc38474	GROUP	Docs/researches/groups/group_132_9front_sources_os_plan9_9front_sys_src_cmd_gs_src_gxhintn_c_sources__ebed4bc38474_research.md	9front:15 files	15	239621	7077	ok
group_1330_nvme_cli_sources_virtualization_nvme_cli_nvme_cmds_h_sources_virtua_695f5e804329	GROUP	Docs/researches/groups/group_1330_nvme_cli_sources_virtualization_nvme_cli_nvme_cmds_h_sources_virtua_695f5e804329_research.md	nvme-cli:5 files	5	82888	2629	ok
group_1331_nvme_cli_sources_virtualization_nvme_cli_nvme_print_json_c_sources__3140e45b8f62	GROUP	Docs/researches/groups/group_1331_nvme_cli_sources_virtualization_nvme_cli_nvme_print_json_c_sources__3140e45b8f62_research.md	nvme-cli:2 files	2	231789	7535	ok
group_1332_nvme_cli_sources_virtualization_nvme_cli_nvme_print_stdout_c_e9f884fda370	GROUP	Docs/researches/groups/group_1332_nvme_cli_sources_virtualization_nvme_cli_nvme_print_stdout_c_e9f884fda370_research.md	nvme-cli:1 files	1	234873	7128	ok
group_1333_nvme_cli_sources_virtualization_nvme_cli_nvme_print_c_sources_virtu_a464a6cacf40	GROUP	Docs/researches/groups/group_1333_nvme_cli_sources_virtualization_nvme_cli_nvme_print_c_sources_virtu_a464a6cacf40_research.md	nvme-cli:38 files	38	261526	8467	ok
group_1334_nvme_cli_sources_virtualization_nvme_cli_plugins_innogrit_innogrit__ea7185ccfd1b	GROUP	Docs/researches/groups/group_1334_nvme_cli_sources_virtualization_nvme_cli_plugins_innogrit_innogrit__ea7185ccfd1b_research.md	nvme-cli:22 files	22	193022	6309	ok
group_1335_nvme_cli_sources_virtualization_nvme_cli_plugins_micron_micron_nvme_85e43a8edbae	GROUP	Docs/researches/groups/group_1335_nvme_cli_sources_virtualization_nvme_cli_plugins_micron_micron_nvme_85e43a8edbae_research.md	nvme-cli:15 files	15	206400	6988	ok
group_1336_nvme_cli_sources_virtualization_nvme_cli_plugins_ocp_ocp_nvme_c_sou_005bfa9b2ac6	GROUP	Docs/researches/groups/group_1336_nvme_cli_sources_virtualization_nvme_cli_plugins_ocp_ocp_nvme_c_sou_005bfa9b2ac6_research.md	nvme-cli:9 files	9	215413	6226	ok
group_1337_nvme_cli_sources_virtualization_nvme_cli_plugins_ocp_ocp_telemetry__19e4803e7fb8	GROUP	Docs/researches/groups/group_1337_nvme_cli_sources_virtualization_nvme_cli_plugins_ocp_ocp_telemetry__19e4803e7fb8_research.md	nvme-cli:9 files	9	213131	6283	ok
group_1338_nvme_cli_sources_virtualization_nvme_cli_plugins_scaleflux_sfx_nvme_1b14d44b6c20	GROUP	Docs/researches/groups/group_1338_nvme_cli_sources_virtualization_nvme_cli_plugins_scaleflux_sfx_nvme_1b14d44b6c20_research.md	nvme-cli:23 files	23	258511	8099	ok
group_1339_nvme_cli_sources_virtualization_nvme_cli_plugins_solidigm_solidigm__1f74619ce38b	GROUP	Docs/researches/groups/group_1339_nvme_cli_sources_virtualization_nvme_cli_plugins_solidigm_solidigm__1f74619ce38b_research.md	nvme-cli:52 files	52	259383	8206	ok
group_133_9front_sources_os_plan9_9front_sys_src_cmd_gs_src_gximag3x_c_sources_4de58dea2992	GROUP	Docs/researches/groups/group_133_9front_sources_os_plan9_9front_sys_src_cmd_gs_src_gximag3x_c_sources_4de58dea2992_research.md	9front:28 files	28	256476	7875	ok
group_1340_nvme_cli_sources_virtualization_nvme_cli_plugins_wdc_wdc_utils_c_so_2d6b8c78cc86	GROUP	Docs/researches/groups/group_1340_nvme_cli_sources_virtualization_nvme_cli_plugins_wdc_wdc_utils_c_so_2d6b8c78cc86_research.md	nvme-cli:57 files	57	239485	7751	ok
group_1341_nvme_cli_sources_virtualization_nvme_cli_util_dashboard_c_sources_v_0d84cdd12ff1	GROUP	Docs/researches/groups/group_1341_nvme_cli_sources_virtualization_nvme_cli_util_dashboard_c_sources_v_0d84cdd12ff1_research.md	nvme-cli:16 files	16	73035	2998	ok
group_1342_ocfs2_tools_sources_local_fs_ocfs2_tools_github_workflows_package_y_e9c574432da7	GROUP	Docs/researches/groups/group_1342_ocfs2_tools_sources_local_fs_ocfs2_tools_github_workflows_package_y_e9c574432da7_research.md	ocfs2-tools:42 files	42	255813	10962	ok
group_1343_ocfs2_tools_sources_local_fs_ocfs2_tools_extras_check_metaecc_c_sou_e290469b6ddd	GROUP	Docs/researches/groups/group_1343_ocfs2_tools_sources_local_fs_ocfs2_tools_extras_check_metaecc_c_sou_e290469b6ddd_research.md	ocfs2-tools:41 files	41	229824	8312	ok
group_1344_ocfs2_tools_sources_local_fs_ocfs2_tools_fsck_ocfs2_pass0_c_sources_5d77d9914540	GROUP	Docs/researches/groups/group_1344_ocfs2_tools_sources_local_fs_ocfs2_tools_fsck_ocfs2_pass0_c_sources_5d77d9914540_research.md	ocfs2-tools:12 files	12	254695	9279	ok
group_1345_ocfs2_tools_sources_local_fs_ocfs2_tools_fsck_ocfs2_xattr_c_sources_4820b30fe090	GROUP	Docs/researches/groups/group_1345_ocfs2_tools_sources_local_fs_ocfs2_tools_fsck_ocfs2_xattr_c_sources_4820b30fe090_research.md	ocfs2-tools:44 files	44	214124	7741	ok
group_1346_ocfs2_tools_sources_local_fs_ocfs2_tools_include_ocfs2_kernel_ocfs2_5789cc570170	GROUP	Docs/researches/groups/group_1346_ocfs2_tools_sources_local_fs_ocfs2_tools_include_ocfs2_kernel_ocfs2_5789cc570170_research.md	ocfs2-tools:28 files	28	258290	9247	ok
group_1347_ocfs2_tools_sources_local_fs_ocfs2_tools_libo2dlm_o2dlm_c_sources_l_d5c7aa40a08f	GROUP	Docs/researches/groups/group_1347_ocfs2_tools_sources_local_fs_ocfs2_tools_libo2dlm_o2dlm_c_sources_l_d5c7aa40a08f_research.md	ocfs2-tools:21 files	21	249075	10484	ok
group_1348_ocfs2_tools_sources_local_fs_ocfs2_tools_libocfs2_dirblock_c_source_8b519620497d	GROUP	Docs/researches/groups/group_1348_ocfs2_tools_sources_local_fs_ocfs2_tools_libocfs2_dirblock_c_source_8b519620497d_research.md	ocfs2-tools:16 files	16	255479	10342	ok
group_1349_ocfs2_tools_sources_local_fs_ocfs2_tools_libocfs2_inode_c_sources_l_0d3670507b0a	GROUP	Docs/researches/groups/group_1349_ocfs2_tools_sources_local_fs_ocfs2_tools_libocfs2_inode_c_sources_l_0d3670507b0a_research.md	ocfs2-tools:15 files	15	251929	9217	ok
group_134_9front_sources_os_plan9_9front_sys_src_cmd_gs_src_gxpageq_h_sources__63b654aacefd	GROUP	Docs/researches/groups/group_134_9front_sources_os_plan9_9front_sys_src_cmd_gs_src_gxpageq_h_sources__63b654aacefd_research.md	9front:22 files	22	226964	7145	ok
group_1350_ocfs2_tools_sources_local_fs_ocfs2_tools_libocfs2_slot_map_c_source_fc3c1f38c4c8	GROUP	Docs/researches/groups/group_1350_ocfs2_tools_sources_local_fs_ocfs2_tools_libocfs2_slot_map_c_source_fc3c1f38c4c8_research.md	ocfs2-tools:23 files	23	261520	10783	ok
group_1351_ocfs2_tools_sources_local_fs_ocfs2_tools_mount_ocfs2_mntent_c_sourc_ace5e38aa38c	GROUP	Docs/researches/groups/group_1351_ocfs2_tools_sources_local_fs_ocfs2_tools_mount_ocfs2_mntent_c_sourc_ace5e38aa38c_research.md	ocfs2-tools:46 files	46	261802	10434	ok
group_1352_ocfs2_tools_sources_local_fs_ocfs2_tools_o2image_o2image_c_sources__fde360b50dee	GROUP	Docs/researches/groups/group_1352_ocfs2_tools_sources_local_fs_ocfs2_tools_o2image_o2image_c_sources__fde360b50dee_research.md	ocfs2-tools:33 files	33	256951	11482	ok
group_1353_ocfs2_tools_sources_local_fs_ocfs2_tools_ocfs2console_blkid_blkidP__09b5c19f1c43	GROUP	Docs/researches/groups/group_1353_ocfs2_tools_sources_local_fs_ocfs2_tools_ocfs2console_blkid_blkidP__09b5c19f1c43_research.md	ocfs2-tools:46 files	46	261131	10238	ok
group_1354_ocfs2_tools_sources_local_fs_ocfs2_tools_ocfs2console_ocfs2interfac_2637fb15a0f4	GROUP	Docs/researches/groups/group_1354_ocfs2_tools_sources_local_fs_ocfs2_tools_ocfs2console_ocfs2interfac_2637fb15a0f4_research.md	ocfs2-tools:25 files	25	245514	10122	ok
group_1355_ocfs2_tools_sources_local_fs_ocfs2_tools_tunefs_ocfs2_ocfs2ne_c_sou_bc4951cbaefb	GROUP	Docs/researches/groups/group_1355_ocfs2_tools_sources_local_fs_ocfs2_tools_tunefs_ocfs2_ocfs2ne_c_sou_bc4951cbaefb_research.md	ocfs2-tools:14 files	14	130513	5359	ok
group_1356_open_iscsi_sources_virtualization_open_iscsi_usr_Makefile_sources_v_e8e3995d4fa6	GROUP	Docs/researches/groups/group_1356_open_iscsi_sources_virtualization_open_iscsi_usr_Makefile_sources_v_e8e3995d4fa6_research.md	open-iscsi:26 files	26	250926	9385	ok
group_1357_open_iscsi_sources_virtualization_open_iscsi_usr_fwparam_ibft_prom__648ebec394c1	GROUP	Docs/researches/groups/group_1357_open_iscsi_sources_virtualization_open_iscsi_usr_fwparam_ibft_prom__648ebec394c1_research.md	open-iscsi:9 files	9	257187	8687	ok
group_1358_open_iscsi_sources_virtualization_open_iscsi_usr_idbm_h_sources_vir_643fcd950d26	GROUP	Docs/researches/groups/group_1358_open_iscsi_sources_virtualization_open_iscsi_usr_idbm_h_sources_vir_643fcd950d26_research.md	open-iscsi:13 files	13	236821	8470	ok
group_1359_open_iscsi_sources_virtualization_open_iscsi_usr_iscsi_sysfs_c_sour_2a09432daac5	GROUP	Docs/researches/groups/group_1359_open_iscsi_sources_virtualization_open_iscsi_usr_iscsi_sysfs_c_sour_2a09432daac5_research.md	open-iscsi:20 files	20	250601	9532	ok
group_135_9front_sources_os_plan9_9front_sys_src_cmd_gs_src_gxshade6_c_sources_100240cd748f	GROUP	Docs/researches/groups/group_135_9front_sources_os_plan9_9front_sys_src_cmd_gs_src_gxshade6_c_sources_100240cd748f_research.md	9front:14 files	14	261678	8100	ok
group_1360_open_iscsi_sources_virtualization_open_iscsi_usr_login_c_sources_vi_a098f115c193	GROUP	Docs/researches/groups/group_1360_open_iscsi_sources_virtualization_open_iscsi_usr_login_c_sources_vi_a098f115c193_research.md	open-iscsi:20 files	20	178686	6938	ok
group_1361_openbsd_src_sources_os_bsd_openbsd_src_sbin_Makefile_sources_os_bsd_809b2af7b467	GROUP	Docs/researches/groups/group_1361_openbsd_src_sources_os_bsd_openbsd_src_sbin_Makefile_sources_os_bsd_809b2af7b467_research.md	openbsd-src:27 files	27	258010	10352	ok
group_1362_openbsd_src_sources_os_bsd_openbsd_src_sbin_dhcpleased_bpf_c_source_0a09c800bbfc	GROUP	Docs/researches/groups/group_1362_openbsd_src_sources_os_bsd_openbsd_src_sbin_dhcpleased_bpf_c_source_0a09c800bbfc_research.md	openbsd-src:19 files	19	212764	8232	ok
group_1363_openbsd_src_sources_os_bsd_openbsd_src_sbin_disklabel_editor_c_sour_c6dcc9430bf8	GROUP	Docs/researches/groups/group_1363_openbsd_src_sources_os_bsd_openbsd_src_sbin_disklabel_editor_c_sour_c6dcc9430bf8_research.md	openbsd-src:28 files	28	253416	9955	ok
group_1364_openbsd_src_sources_os_bsd_openbsd_src_sbin_fdisk_part_c_sources_os_0d099b1e5432	GROUP	Docs/researches/groups/group_1364_openbsd_src_sources_os_bsd_openbsd_src_sbin_fdisk_part_c_sources_os_0d099b1e5432_research.md	openbsd-src:30 files	30	253379	8760	ok
group_1365_openbsd_src_sources_os_bsd_openbsd_src_sbin_fsck_ffs_main_c_sources_e65000eab0bd	GROUP	Docs/researches/groups/group_1365_openbsd_src_sources_os_bsd_openbsd_src_sbin_fsck_ffs_main_c_sources_e65000eab0bd_research.md	openbsd-src:26 files	26	260342	9716	ok
group_1366_openbsd_src_sources_os_bsd_openbsd_src_sbin_ifconfig_brconfig_c_sou_34eefcf0cc6c	GROUP	Docs/researches/groups/group_1366_openbsd_src_sources_os_bsd_openbsd_src_sbin_ifconfig_brconfig_c_sou_34eefcf0cc6c_research.md	openbsd-src:5 files	5	242575	9677	ok
group_1367_openbsd_src_sources_os_bsd_openbsd_src_sbin_iked_ca_c_sources_os_bs_9c794a378834	GROUP	Docs/researches/groups/group_1367_openbsd_src_sources_os_bsd_openbsd_src_sbin_iked_ca_c_sources_os_bs_9c794a378834_research.md	openbsd-src:15 files	15	250055	9427	ok
group_1368_openbsd_src_sources_os_bsd_openbsd_src_sbin_iked_ikev2_c_sources_os_e0f17a64b612	GROUP	Docs/researches/groups/group_1368_openbsd_src_sources_os_bsd_openbsd_src_sbin_iked_ikev2_c_sources_os_e0f17a64b612_research.md	openbsd-src:2 files	2	233532	8352	ok
group_1369_openbsd_src_sources_os_bsd_openbsd_src_sbin_iked_ikev2_msg_c_source_a71e7e58c874	GROUP	Docs/researches/groups/group_1369_openbsd_src_sources_os_bsd_openbsd_src_sbin_iked_ikev2_msg_c_source_a71e7e58c874_research.md	openbsd-src:7 files	7	256403	10059	ok
group_136_9front_sources_os_plan9_9front_sys_src_cmd_gs_src_gxwts_h_sources_os_561c45010476	GROUP	Docs/researches/groups/group_136_9front_sources_os_plan9_9front_sys_src_cmd_gs_src_gxwts_h_sources_os_561c45010476_research.md	9front:51 files	51	261080	8154	ok
group_1370_openbsd_src_sources_os_bsd_openbsd_src_sbin_iked_policy_c_sources_o_dfe264d58235	GROUP	Docs/researches/groups/group_1370_openbsd_src_sources_os_bsd_openbsd_src_sbin_iked_policy_c_sources_o_dfe264d58235_research.md	openbsd-src:19 files	19	257290	10576	ok
group_1371_openbsd_src_sources_os_bsd_openbsd_src_sbin_ipsecctl_parse_y_source_8792e9d193bf	GROUP	Docs/researches/groups/group_1371_openbsd_src_sources_os_bsd_openbsd_src_sbin_ipsecctl_parse_y_source_8792e9d193bf_research.md	openbsd-src:27 files	27	256401	9467	ok
group_1372_openbsd_src_sources_os_bsd_openbsd_src_sbin_isakmpd_dpd_c_sources_o_d3e98077ebc4	GROUP	Docs/researches/groups/group_1372_openbsd_src_sources_os_bsd_openbsd_src_sbin_isakmpd_dpd_c_sources_o_d3e98077ebc4_research.md	openbsd-src:24 files	24	259941	8877	ok
group_1373_openbsd_src_sources_os_bsd_openbsd_src_sbin_isakmpd_ipsec_c_sources_b41e56ede9ea	GROUP	Docs/researches/groups/group_1373_openbsd_src_sources_os_bsd_openbsd_src_sbin_isakmpd_ipsec_c_sources_b41e56ede9ea_research.md	openbsd-src:18 files	18	260541	9555	ok
group_1374_openbsd_src_sources_os_bsd_openbsd_src_sbin_isakmpd_monitor_fdpass__b7f3f82d5e9e	GROUP	Docs/researches/groups/group_1374_openbsd_src_sources_os_bsd_openbsd_src_sbin_isakmpd_monitor_fdpass__b7f3f82d5e9e_research.md	openbsd-src:16 files	16	252325	9258	ok
group_1375_openbsd_src_sources_os_bsd_openbsd_src_sbin_isakmpd_udp_c_sources_o_c2ad46ca1eff	GROUP	Docs/researches/groups/group_1375_openbsd_src_sources_os_bsd_openbsd_src_sbin_isakmpd_udp_c_sources_o_c2ad46ca1eff_research.md	openbsd-src:48 files	48	240127	9161	ok
group_1376_openbsd_src_sources_os_bsd_openbsd_src_sbin_mountd_mountd_c_sources_de923e0d8808	GROUP	Docs/researches/groups/group_1376_openbsd_src_sources_os_bsd_openbsd_src_sbin_mountd_mountd_c_sources_de923e0d8808_research.md	openbsd-src:25 files	25	260327	9769	ok
group_1377_openbsd_src_sources_os_bsd_openbsd_src_sbin_pdisk_partition_map_c_s_25849e24d037	GROUP	Docs/researches/groups/group_1377_openbsd_src_sources_os_bsd_openbsd_src_sbin_pdisk_partition_map_c_s_25849e24d037_research.md	openbsd-src:6 files	6	200105	8400	ok
group_1378_openbsd_src_sources_os_bsd_openbsd_src_sbin_pfctl_pfctl_c_sources_o_b038d0b179e5	GROUP	Docs/researches/groups/group_1378_openbsd_src_sources_os_bsd_openbsd_src_sbin_pfctl_pfctl_c_sources_o_b038d0b179e5_research.md	openbsd-src:8 files	8	252335	9804	ok
group_1379_openbsd_src_sources_os_bsd_openbsd_src_sbin_pfctl_pfctl_table_c_sou_18860d21673d	GROUP	Docs/researches/groups/group_1379_openbsd_src_sources_os_bsd_openbsd_src_sbin_pfctl_pfctl_table_c_sou_18860d21673d_research.md	openbsd-src:22 files	22	243129	9754	ok
group_137_9front_sources_os_plan9_9front_sys_src_cmd_gs_src_ierrors_h_sources__886158e4760f	GROUP	Docs/researches/groups/group_137_9front_sources_os_plan9_9front_sys_src_cmd_gs_src_ierrors_h_sources__886158e4760f_research.md	9front:36 files	36	257236	8528	ok
group_1380_openbsd_src_sources_os_bsd_openbsd_src_sbin_restore_tape_c_sources__b544c35321fc	GROUP	Docs/researches/groups/group_1380_openbsd_src_sources_os_bsd_openbsd_src_sbin_restore_tape_c_sources__b544c35321fc_research.md	openbsd-src:24 files	24	229929	9872	ok
group_1381_openbsd_src_sources_os_bsd_openbsd_src_sbin_slaacd_engine_c_sources_7480dd349982	GROUP	Docs/researches/groups/group_1381_openbsd_src_sources_os_bsd_openbsd_src_sbin_slaacd_engine_c_sources_7480dd349982_research.md	openbsd-src:23 files	23	260850	10423	ok
group_1382_openbsd_src_sources_os_bsd_openbsd_src_sbin_unwind_dns64_synth_c_so_f32190b0c850	GROUP	Docs/researches/groups/group_1382_openbsd_src_sources_os_bsd_openbsd_src_sbin_unwind_dns64_synth_c_so_f32190b0c850_research.md	openbsd-src:24 files	24	258210	8756	ok
group_1383_openbsd_src_sources_os_bsd_openbsd_src_sbin_unwind_libunbound_itera_2f5af6e82b67	GROUP	Docs/researches/groups/group_1383_openbsd_src_sources_os_bsd_openbsd_src_sbin_unwind_libunbound_itera_2f5af6e82b67_research.md	openbsd-src:10 files	10	171766	5268	ok
group_1384_openbsd_src_sources_os_bsd_openbsd_src_sbin_unwind_libunbound_itera_5f1ad7fa6768	GROUP	Docs/researches/groups/group_1384_openbsd_src_sources_os_bsd_openbsd_src_sbin_unwind_libunbound_itera_5f1ad7fa6768_research.md	openbsd-src:6 files	6	238811	7413	ok
group_1385_openbsd_src_sources_os_bsd_openbsd_src_sbin_unwind_libunbound_libun_b00061a90e38	GROUP	Docs/researches/groups/group_1385_openbsd_src_sources_os_bsd_openbsd_src_sbin_unwind_libunbound_libun_b00061a90e38_research.md	openbsd-src:13 files	13	224891	6684	ok
group_1386_openbsd_src_sources_os_bsd_openbsd_src_sbin_unwind_libunbound_servi_5ec2b7007dda	GROUP	Docs/researches/groups/group_1386_openbsd_src_sources_os_bsd_openbsd_src_sbin_unwind_libunbound_servi_5ec2b7007dda_research.md	openbsd-src:5 files	5	254506	8403	ok
group_1387_openbsd_src_sources_os_bsd_openbsd_src_sbin_unwind_libunbound_servi_972514a363e9	GROUP	Docs/researches/groups/group_1387_openbsd_src_sources_os_bsd_openbsd_src_sbin_unwind_libunbound_servi_972514a363e9_research.md	openbsd-src:9 files	9	255713	7939	ok
group_1388_openbsd_src_sources_os_bsd_openbsd_src_sbin_unwind_libunbound_servi_c0e230fc8abf	GROUP	Docs/researches/groups/group_1388_openbsd_src_sources_os_bsd_openbsd_src_sbin_unwind_libunbound_servi_c0e230fc8abf_research.md	openbsd-src:7 files	7	260635	8450	ok
group_1389_openbsd_src_sources_os_bsd_openbsd_src_sbin_unwind_libunbound_sldns_d664db794654	GROUP	Docs/researches/groups/group_1389_openbsd_src_sources_os_bsd_openbsd_src_sbin_unwind_libunbound_sldns_d664db794654_research.md	openbsd-src:13 files	13	253470	8507	ok
group_138_9front_sources_os_plan9_9front_sys_src_cmd_gs_src_inamedef_h_sources_3be017e09924	GROUP	Docs/researches/groups/group_138_9front_sources_os_plan9_9front_sys_src_cmd_gs_src_inamedef_h_sources_3be017e09924_research.md	9front:21 files	21	241620	6892	ok
group_1390_openbsd_src_sources_os_bsd_openbsd_src_sbin_unwind_libunbound_sldns_66713bb6c470	GROUP	Docs/researches/groups/group_1390_openbsd_src_sources_os_bsd_openbsd_src_sbin_unwind_libunbound_sldns_66713bb6c470_research.md	openbsd-src:8 files	8	245664	7809	ok
group_1391_openbsd_src_sources_os_bsd_openbsd_src_sbin_unwind_libunbound_util__622f7c4aa261	GROUP	Docs/researches/groups/group_1391_openbsd_src_sources_os_bsd_openbsd_src_sbin_unwind_libunbound_util__622f7c4aa261_research.md	openbsd-src:7 files	7	233304	7601	ok
group_1392_openbsd_src_sources_os_bsd_openbsd_src_sbin_unwind_libunbound_util__e400d455cdbb	GROUP	Docs/researches/groups/group_1392_openbsd_src_sources_os_bsd_openbsd_src_sbin_unwind_libunbound_util__e400d455cdbb_research.md	openbsd-src:11 files	11	251844	7815	ok
group_1393_openbsd_src_sources_os_bsd_openbsd_src_sbin_unwind_libunbound_util__c59461c22ffb	GROUP	Docs/researches/groups/group_1393_openbsd_src_sources_os_bsd_openbsd_src_sbin_unwind_libunbound_util__c59461c22ffb_research.md	openbsd-src:12 files	12	236682	12054	ok
group_1394_openbsd_src_sources_os_bsd_openbsd_src_sbin_unwind_libunbound_util__40dee80644e0	GROUP	Docs/researches/groups/group_1394_openbsd_src_sources_os_bsd_openbsd_src_sbin_unwind_libunbound_util__40dee80644e0_research.md	openbsd-src:4 files	4	255670	8659	ok
group_1395_openbsd_src_sources_os_bsd_openbsd_src_sbin_unwind_libunbound_util__b073be7a42e3	GROUP	Docs/researches/groups/group_1395_openbsd_src_sources_os_bsd_openbsd_src_sbin_unwind_libunbound_util__b073be7a42e3_research.md	openbsd-src:31 files	31	256606	8467	ok
group_1396_openbsd_src_sources_os_bsd_openbsd_src_sbin_unwind_libunbound_util__70a97a2e943f	GROUP	Docs/researches/groups/group_1396_openbsd_src_sources_os_bsd_openbsd_src_sbin_unwind_libunbound_util__70a97a2e943f_research.md	openbsd-src:14 files	14	258483	8736	ok
group_1397_openbsd_src_sources_os_bsd_openbsd_src_sbin_unwind_libunbound_valid_d077fb23a3c0	GROUP	Docs/researches/groups/group_1397_openbsd_src_sources_os_bsd_openbsd_src_sbin_unwind_libunbound_valid_d077fb23a3c0_research.md	openbsd-src:8 files	8	246696	7982	ok
group_1398_openbsd_src_sources_os_bsd_openbsd_src_sbin_unwind_libunbound_valid_ef548842357e	GROUP	Docs/researches/groups/group_1398_openbsd_src_sources_os_bsd_openbsd_src_sbin_unwind_libunbound_valid_ef548842357e_research.md	openbsd-src:9 files	9	249463	8302	ok
group_1399_openbsd_src_sources_os_bsd_openbsd_src_sbin_unwind_unwind_c_sources_9041afd34531	GROUP	Docs/researches/groups/group_1399_openbsd_src_sources_os_bsd_openbsd_src_sbin_unwind_unwind_c_sources_9041afd34531_research.md	openbsd-src:29 files	29	259404	9553	ok
group_139_9front_sources_os_plan9_9front_sys_src_cmd_gs_src_isave_c_sources_os_fe84974ce96c	GROUP	Docs/researches/groups/group_139_9front_sources_os_plan9_9front_sys_src_cmd_gs_src_isave_c_sources_os_fe84974ce96c_research.md	9front:26 files	26	244154	8206	ok
group_13_9front_sources_os_plan9_9front_sys_src_9_pc_etheri225_c_sources_os_pl_61553f867f24	GROUP	Docs/researches/groups/group_13_9front_sources_os_plan9_9front_sys_src_9_pc_etheri225_c_sources_os_pl_61553f867f24_research.md	9front:7 files	7	240489	11311	ok
group_1400_openbsd_src_sources_os_bsd_openbsd_src_sys_kern_kern_clock_c_source_16692f60ad94	GROUP	Docs/researches/groups/group_1400_openbsd_src_sources_os_bsd_openbsd_src_sys_kern_kern_clock_c_source_16692f60ad94_research.md	openbsd-src:13 files	13	257852	10584	ok
group_1401_openbsd_src_sources_os_bsd_openbsd_src_sys_kern_kern_pledge_c_sourc_7a2514be21a8	GROUP	Docs/researches/groups/group_1401_openbsd_src_sources_os_bsd_openbsd_src_sys_kern_kern_pledge_c_sourc_7a2514be21a8_research.md	openbsd-src:13 files	13	261165	11034	ok
group_1402_openbsd_src_sources_os_bsd_openbsd_src_sys_kern_kern_sysctl_c_sourc_d413ecd4684a	GROUP	Docs/researches/groups/group_1402_openbsd_src_sources_os_bsd_openbsd_src_sys_kern_kern_sysctl_c_sourc_d413ecd4684a_research.md	openbsd-src:13 files	13	245574	9926	ok
group_1403_openbsd_src_sources_os_bsd_openbsd_src_sys_kern_subr_autoconf_c_sou_12f657265a04	GROUP	Docs/researches/groups/group_1403_openbsd_src_sources_os_bsd_openbsd_src_sys_kern_subr_autoconf_c_sou_12f657265a04_research.md	openbsd-src:10 files	10	244115	9683	ok
group_1404_openbsd_src_sources_os_bsd_openbsd_src_sys_kern_subr_pool_c_sources_69a6eb758013	GROUP	Docs/researches/groups/group_1404_openbsd_src_sources_os_bsd_openbsd_src_sys_kern_subr_pool_c_sources_69a6eb758013_research.md	openbsd-src:10 files	10	258030	10743	ok
group_1405_openbsd_src_sources_os_bsd_openbsd_src_sys_kern_sys_pipe_c_sources__df36774d51e5	GROUP	Docs/researches/groups/group_1405_openbsd_src_sources_os_bsd_openbsd_src_sys_kern_sys_pipe_c_sources__df36774d51e5_research.md	openbsd-src:14 files	14	259148	10395	ok
group_1406_openbsd_src_sources_os_bsd_openbsd_src_sys_kern_tty_subr_c_sources__0ca275a14221	GROUP	Docs/researches/groups/group_1406_openbsd_src_sources_os_bsd_openbsd_src_sys_kern_tty_subr_c_sources__0ca275a14221_research.md	openbsd-src:10 files	10	242076	10297	ok
group_1407_openbsd_src_sources_os_bsd_openbsd_src_sys_kern_vfs_bio_c_sources_o_80edce3902fd	GROUP	Docs/researches/groups/group_1407_openbsd_src_sources_os_bsd_openbsd_src_sys_kern_vfs_bio_c_sources_o_80edce3902fd_research.md	openbsd-src:10 files	10	186848	7597	ok
group_1408_openbsd_src_sources_os_bsd_openbsd_src_sys_kern_vfs_syscalls_c_sour_2e417d186c88	GROUP	Docs/researches/groups/group_1408_openbsd_src_sources_os_bsd_openbsd_src_sys_kern_vfs_syscalls_c_sour_2e417d186c88_research.md	openbsd-src:27 files	27	256743	10633	ok
group_1409_openbsd_src_sources_os_bsd_openbsd_src_sys_sys_cdefs_h_sources_os_b_0a81da33d4d2	GROUP	Docs/researches/groups/group_1409_openbsd_src_sources_os_bsd_openbsd_src_sys_sys_cdefs_h_sources_os_b_0a81da33d4d2_research.md	openbsd-src:43 files	43	261536	7617	ok
group_140_9front_sources_os_plan9_9front_sys_src_cmd_gs_src_jconfig0_h_sources_6b72bc1cbbd9	GROUP	Docs/researches/groups/group_140_9front_sources_os_plan9_9front_sys_src_cmd_gs_src_jconfig0_h_sources_6b72bc1cbbd9_research.md	9front:10 files	10	193060	4835	ok
group_1410_openbsd_src_sources_os_bsd_openbsd_src_sys_sys_limits_h_sources_os__7ff7b1654b32	GROUP	Docs/researches/groups/group_1410_openbsd_src_sources_os_bsd_openbsd_src_sys_sys_limits_h_sources_os__7ff7b1654b32_research.md	openbsd-src:37 files	37	257257	7434	ok
group_1411_openbsd_src_sources_os_bsd_openbsd_src_sys_sys_sensors_h_sources_os_ee6a9d1c670d	GROUP	Docs/researches/groups/group_1411_openbsd_src_sources_os_bsd_openbsd_src_sys_sys_sensors_h_sources_os_ee6a9d1c670d_research.md	openbsd-src:26 files	26	261309	7961	ok
group_1412_openbsd_src_sources_os_bsd_openbsd_src_sys_sys_task_h_sources_os_bs_5211b553e60b	GROUP	Docs/researches/groups/group_1412_openbsd_src_sources_os_bsd_openbsd_src_sys_sys_task_h_sources_os_bs_5211b553e60b_research.md	openbsd-src:37 files	37	250814	7405	ok
group_1413_openbsd_src_sources_os_bsd_openbsd_src_sys_ufs_ext2fs_ext2fs_inode__1f4423bb9803	GROUP	Docs/researches/groups/group_1413_openbsd_src_sources_os_bsd_openbsd_src_sys_ufs_ext2fs_ext2fs_inode__1f4423bb9803_research.md	openbsd-src:13 files	13	261538	9634	ok
group_1414_openbsd_src_sources_os_bsd_openbsd_src_sys_ufs_ffs_ffs_vnops_c_sour_7e3cf2d362ff	GROUP	Docs/researches/groups/group_1414_openbsd_src_sources_os_bsd_openbsd_src_sys_ufs_ffs_ffs_vnops_c_sour_7e3cf2d362ff_research.md	openbsd-src:22 files	22	259911	8921	ok
group_1415_openzfs_sources_cow_pools_openzfs_cmd_zfs_Makefile_am_sources_cow_p_f5f44687d3cf	GROUP	Docs/researches/groups/group_1415_openzfs_sources_cow_pools_openzfs_cmd_zfs_Makefile_am_sources_cow_p_f5f44687d3cf_research.md	openzfs:5 files	5	262018	10509	ok
group_1416_openzfs_sources_cow_pools_openzfs_cmd_zfs_zfs_projectutil_h_sources_fba73b366781	GROUP	Docs/researches/groups/group_1416_openzfs_sources_cow_pools_openzfs_cmd_zfs_zfs_projectutil_h_sources_fba73b366781_research.md	openzfs:46 files	46	247607	8457	ok
group_1417_openzfs_sources_cow_pools_openzfs_cmd_zpool_zpool_iter_c_sources_co_bf19060b284c	GROUP	Docs/researches/groups/group_1417_openzfs_sources_cow_pools_openzfs_cmd_zpool_zpool_iter_c_sources_co_bf19060b284c_research.md	openzfs:9 files	9	163094	6246	ok
group_1418_openzfs_sources_cow_pools_openzfs_lib_libzfs_libzfs_dataset_c_sourc_432e30a894d7	GROUP	Docs/researches/groups/group_1418_openzfs_sources_cow_pools_openzfs_lib_libzfs_libzfs_dataset_c_sourc_432e30a894d7_research.md	openzfs:7 files	7	244128	9422	ok
group_1419_openzfs_sources_cow_pools_openzfs_lib_libzfs_libzfs_pool_c_bfc8ee4a9bb4	GROUP	Docs/researches/groups/group_1419_openzfs_sources_cow_pools_openzfs_lib_libzfs_libzfs_pool_c_bfc8ee4a9bb4_research.md	openzfs:1 files	1	158834	6012	ok
group_141_9front_sources_os_plan9_9front_sys_src_cmd_gs_src_lib_mak_sources_os_c70c9306a1ed	GROUP	Docs/researches/groups/group_141_9front_sources_os_plan9_9front_sys_src_cmd_gs_src_lib_mak_sources_os_c70c9306a1ed_research.md	9front:25 files	25	262134	7478	ok
group_1420_openzfs_sources_cow_pools_openzfs_lib_libzfs_libzfs_sendrecv_c_sour_0c46cdfa08c9	GROUP	Docs/researches/groups/group_1420_openzfs_sources_cow_pools_openzfs_lib_libzfs_libzfs_sendrecv_c_sour_0c46cdfa08c9_research.md	openzfs:6 files	6	258057	9374	ok
group_1421_openzfs_sources_cow_pools_openzfs_lib_libzfs_os_freebsd_libzfs_comp_32d2ab5c5499	GROUP	Docs/researches/groups/group_1421_openzfs_sources_cow_pools_openzfs_lib_libzfs_os_freebsd_libzfs_comp_32d2ab5c5499_research.md	openzfs:40 files	40	262044	10445	ok
group_1422_openzfs_sources_cow_pools_openzfs_module_os_freebsd_spl_spl_taskq_c_eaad1d964ae0	GROUP	Docs/researches/groups/group_1422_openzfs_sources_cow_pools_openzfs_module_os_freebsd_spl_spl_taskq_c_eaad1d964ae0_research.md	openzfs:19 files	19	261654	10155	ok
group_1423_openzfs_sources_cow_pools_openzfs_module_os_freebsd_zfs_zfs_debug_c_03b6297946ea	GROUP	Docs/researches/groups/group_1423_openzfs_sources_cow_pools_openzfs_module_os_freebsd_zfs_zfs_debug_c_03b6297946ea_research.md	openzfs:7 files	7	128744	4858	ok
group_1424_openzfs_sources_cow_pools_openzfs_module_os_freebsd_zfs_zfs_vnops_o_3f69272c391e	GROUP	Docs/researches/groups/group_1424_openzfs_sources_cow_pools_openzfs_module_os_freebsd_zfs_zfs_vnops_o_3f69272c391e_research.md	openzfs:2 files	2	224850	9015	ok
group_1425_openzfs_sources_cow_pools_openzfs_module_os_freebsd_zfs_zio_crypt_c_32ae8481f549	GROUP	Docs/researches/groups/group_1425_openzfs_sources_cow_pools_openzfs_module_os_freebsd_zfs_zio_crypt_c_32ae8481f549_research.md	openzfs:13 files	13	236910	8835	ok
group_1426_openzfs_sources_cow_pools_openzfs_module_os_linux_spl_spl_taskq_c_s_851cb67fb1df	GROUP	Docs/researches/groups/group_1426_openzfs_sources_cow_pools_openzfs_module_os_linux_spl_spl_taskq_c_s_851cb67fb1df_research.md	openzfs:18 files	18	229580	8289	ok
group_1427_openzfs_sources_cow_pools_openzfs_module_os_linux_zfs_vdev_disk_c_s_8196c6e529e3	GROUP	Docs/researches/groups/group_1427_openzfs_sources_cow_pools_openzfs_module_os_linux_zfs_vdev_disk_c_s_8196c6e529e3_research.md	openzfs:12 files	12	259522	9733	ok
group_1428_openzfs_sources_cow_pools_openzfs_module_os_linux_zfs_zfs_vfsops_c__f890a5375c78	GROUP	Docs/researches/groups/group_1428_openzfs_sources_cow_pools_openzfs_module_os_linux_zfs_zfs_vfsops_c__f890a5375c78_research.md	openzfs:3 files	3	221449	8486	ok
group_1429_openzfs_sources_cow_pools_openzfs_module_os_linux_zfs_zio_crypt_c_s_8f2822710877	GROUP	Docs/researches/groups/group_1429_openzfs_sources_cow_pools_openzfs_module_os_linux_zfs_zio_crypt_c_s_8f2822710877_research.md	openzfs:8 files	8	225220	8085	ok
group_142_9front_sources_os_plan9_9front_sys_src_cmd_gs_src_openvms_mak_source_7b90aee6b388	GROUP	Docs/researches/groups/group_142_9front_sources_os_plan9_9front_sys_src_cmd_gs_src_openvms_mak_source_7b90aee6b388_research.md	9front:41 files	41	255797	8794	ok
group_1430_openzfs_sources_cow_pools_openzfs_module_os_linux_zfs_zvol_os_c_sou_7e194e0bc113	GROUP	Docs/researches/groups/group_1430_openzfs_sources_cow_pools_openzfs_module_os_linux_zfs_zvol_os_c_sou_7e194e0bc113_research.md	openzfs:10 files	10	198543	6801	ok
group_1431_openzfs_sources_cow_pools_openzfs_module_zfs_btree_c_sources_cow_po_14a9e117dd56	GROUP	Docs/researches/groups/group_1431_openzfs_sources_cow_pools_openzfs_module_zfs_btree_c_sources_cow_po_14a9e117dd56_research.md	openzfs:4 files	4	249877	8284	ok
group_1432_openzfs_sources_cow_pools_openzfs_module_zfs_ddt_c_sources_cow_pool_7ad1191b49c6	GROUP	Docs/researches/groups/group_1432_openzfs_sources_cow_pools_openzfs_module_zfs_ddt_c_sources_cow_pool_7ad1191b49c6_research.md	openzfs:8 files	8	238983	8655	ok
group_1433_openzfs_sources_cow_pools_openzfs_module_zfs_dmu_objset_c_sources_c_6379cb0915ab	GROUP	Docs/researches/groups/group_1433_openzfs_sources_cow_pools_openzfs_module_zfs_dmu_objset_c_sources_c_6379cb0915ab_research.md	openzfs:3 files	3	238335	8216	ok
group_1434_openzfs_sources_cow_pools_openzfs_module_zfs_dmu_send_c_sources_cow_eaf89a8fdea8	GROUP	Docs/researches/groups/group_1434_openzfs_sources_cow_pools_openzfs_module_zfs_dmu_send_c_sources_cow_eaf89a8fdea8_research.md	openzfs:4 files	4	201063	6560	ok
group_1435_openzfs_sources_cow_pools_openzfs_module_zfs_dnode_c_sources_cow_po_dd42f9e0089a	GROUP	Docs/researches/groups/group_1435_openzfs_sources_cow_pools_openzfs_module_zfs_dnode_c_sources_cow_po_dd42f9e0089a_research.md	openzfs:4 files	4	243402	8350	ok
group_1436_openzfs_sources_cow_pools_openzfs_module_zfs_dsl_dataset_c_sources__3de5fc6c4ff6	GROUP	Docs/researches/groups/group_1436_openzfs_sources_cow_pools_openzfs_module_zfs_dsl_dataset_c_sources__3de5fc6c4ff6_research.md	openzfs:4 files	4	239650	8389	ok
group_1437_openzfs_sources_cow_pools_openzfs_module_zfs_dsl_dir_c_sources_cow__7ab5cf75c7f8	GROUP	Docs/researches/groups/group_1437_openzfs_sources_cow_pools_openzfs_module_zfs_dsl_dir_c_sources_cow__7ab5cf75c7f8_research.md	openzfs:3 files	3	153918	5421	ok
group_1438_openzfs_sources_cow_pools_openzfs_module_zfs_dsl_scan_c_sources_cow_241bc60da389	GROUP	Docs/researches/groups/group_1438_openzfs_sources_cow_pools_openzfs_module_zfs_dsl_scan_c_sources_cow_241bc60da389_research.md	openzfs:7 files	7	236852	8120	ok
group_1439_openzfs_sources_cow_pools_openzfs_module_zfs_lz4_c_sources_cow_pool_457f32b74dd5	GROUP	Docs/researches/groups/group_1439_openzfs_sources_cow_pools_openzfs_module_zfs_lz4_c_sources_cow_pool_457f32b74dd5_research.md	openzfs:3 files	3	67121	2018	ok
group_143_9front_sources_os_plan9_9front_sys_src_cmd_gs_src_sdeparam_c_sources_001c417f8225	GROUP	Docs/researches/groups/group_143_9front_sources_os_plan9_9front_sys_src_cmd_gs_src_sdeparam_c_sources_001c417f8225_research.md	9front:47 files	47	259423	8895	ok
group_1440_openzfs_sources_cow_pools_openzfs_module_zfs_metaslab_c_sources_cow_1fd086bfd6a0	GROUP	Docs/researches/groups/group_1440_openzfs_sources_cow_pools_openzfs_module_zfs_metaslab_c_sources_cow_1fd086bfd6a0_research.md	openzfs:5 files	5	253020	7966	ok
group_1441_openzfs_sources_cow_pools_openzfs_module_zfs_range_tree_c_sources_c_c83ca7af741d	GROUP	Docs/researches/groups/group_1441_openzfs_sources_cow_pools_openzfs_module_zfs_range_tree_c_sources_c_c83ca7af741d_research.md	openzfs:10 files	10	215312	7511	ok
group_1442_openzfs_sources_cow_pools_openzfs_module_zfs_spa_log_spacemap_c_sou_17f38954b72e	GROUP	Docs/researches/groups/group_1442_openzfs_sources_cow_pools_openzfs_module_zfs_spa_log_spacemap_c_sou_17f38954b72e_research.md	openzfs:6 files	6	232465	8100	ok
group_1443_openzfs_sources_cow_pools_openzfs_module_zfs_u8_textprep_c_sources__2603cefc49ef	GROUP	Docs/researches/groups/group_1443_openzfs_sources_cow_pools_openzfs_module_zfs_u8_textprep_c_sources__2603cefc49ef_research.md	openzfs:3 files	3	61780	2359	ok
group_1444_openzfs_sources_cow_pools_openzfs_module_zfs_vdev_c_9ed093a8db36	GROUP	Docs/researches/groups/group_1444_openzfs_sources_cow_pools_openzfs_module_zfs_vdev_c_9ed093a8db36_research.md	openzfs:1 files	1	201128	7120	ok
group_1445_openzfs_sources_cow_pools_openzfs_module_zfs_vdev_draid_c_sources_c_c7184082e01f	GROUP	Docs/researches/groups/group_1445_openzfs_sources_cow_pools_openzfs_module_zfs_vdev_draid_c_sources_c_c7184082e01f_research.md	openzfs:7 files	7	228720	7140	ok
group_1446_openzfs_sources_cow_pools_openzfs_module_zfs_vdev_label_c_sources_c_25e6fa11a630	GROUP	Docs/researches/groups/group_1446_openzfs_sources_cow_pools_openzfs_module_zfs_vdev_label_c_sources_c_25e6fa11a630_research.md	openzfs:4 files	4	138756	4580	ok
group_1447_openzfs_sources_cow_pools_openzfs_module_zfs_vdev_raidz_c_sources_c_cbc7b029f9fb	GROUP	Docs/researches/groups/group_1447_openzfs_sources_cow_pools_openzfs_module_zfs_vdev_raidz_c_sources_c_cbc7b029f9fb_research.md	openzfs:2 files	2	190185	6221	ok
group_1448_openzfs_sources_cow_pools_openzfs_module_zfs_vdev_raidz_math_aarch6_6cdb3d5df43f	GROUP	Docs/researches/groups/group_1448_openzfs_sources_cow_pools_openzfs_module_zfs_vdev_raidz_math_aarch6_6cdb3d5df43f_research.md	openzfs:7 files	7	221801	6055	ok
group_1449_openzfs_sources_cow_pools_openzfs_module_zfs_vdev_raidz_math_powerp_0de0890afb39	GROUP	Docs/researches/groups/group_1449_openzfs_sources_cow_pools_openzfs_module_zfs_vdev_raidz_math_powerp_0de0890afb39_research.md	openzfs:3 files	3	251822	5363	ok
group_144_9front_sources_os_plan9_9front_sys_src_cmd_gs_src_stat_h_sources_os__dfa6dd213909	GROUP	Docs/researches/groups/group_144_9front_sources_os_plan9_9front_sys_src_cmd_gs_src_stat_h_sources_os__dfa6dd213909_research.md	9front:29 files	29	210756	6754	ok
group_1450_openzfs_sources_cow_pools_openzfs_module_zfs_vdev_raidz_math_sse2_c_c5579128de71	GROUP	Docs/researches/groups/group_1450_openzfs_sources_cow_pools_openzfs_module_zfs_vdev_raidz_math_sse2_c_c5579128de71_research.md	openzfs:3 files	3	185020	4319	ok
group_1451_openzfs_sources_cow_pools_openzfs_module_zfs_vdev_removal_c_sources_cce2a766a893	GROUP	Docs/researches/groups/group_1451_openzfs_sources_cow_pools_openzfs_module_zfs_vdev_removal_c_sources_cce2a766a893_research.md	openzfs:7 files	7	249448	8768	ok
group_1452_openzfs_sources_cow_pools_openzfs_module_zfs_zap_micro_c_sources_co_3c92576ef241	GROUP	Docs/researches/groups/group_1452_openzfs_sources_cow_pools_openzfs_module_zfs_zap_micro_c_sources_co_3c92576ef241_research.md	openzfs:15 files	15	232002	8331	ok
group_1453_openzfs_sources_cow_pools_openzfs_module_zfs_zfs_ioctl_c_sources_co_5d3bae7be9f8	GROUP	Docs/researches/groups/group_1453_openzfs_sources_cow_pools_openzfs_module_zfs_zfs_ioctl_c_sources_co_5d3bae7be9f8_research.md	openzfs:3 files	3	257662	9721	ok
group_1454_openzfs_sources_cow_pools_openzfs_module_zfs_zfs_quota_c_sources_co_b8c1bda52d5f	GROUP	Docs/researches/groups/group_1454_openzfs_sources_cow_pools_openzfs_module_zfs_zfs_quota_c_sources_co_b8c1bda52d5f_research.md	openzfs:7 files	7	154848	5633	ok
group_1455_openzfs_sources_cow_pools_openzfs_module_zfs_zil_c_74d21a0525b9	GROUP	Docs/researches/groups/group_1455_openzfs_sources_cow_pools_openzfs_module_zfs_zil_c_74d21a0525b9_research.md	openzfs:1 files	1	151161	4907	ok
group_1456_openzfs_sources_cow_pools_openzfs_module_zfs_zio_c_sources_cow_pool_1a36c727cae7	GROUP	Docs/researches/groups/group_1456_openzfs_sources_cow_pools_openzfs_module_zfs_zio_c_sources_cow_pool_1a36c727cae7_research.md	openzfs:6 files	6	247942	8405	ok
group_1457_openzfs_sources_cow_pools_openzfs_module_zfs_zthr_c_sources_cow_poo_71aa9b684b88	GROUP	Docs/researches/groups/group_1457_openzfs_sources_cow_pools_openzfs_module_zfs_zthr_c_sources_cow_poo_71aa9b684b88_research.md	openzfs:2 files	2	77300	2870	ok
group_1458_os161_sources_teaching_os161_kern_fs_semfs_semfs_h_sources_teaching_3b42d5722b5a	GROUP	Docs/researches/groups/group_1458_os161_sources_teaching_os161_kern_fs_semfs_semfs_h_sources_teaching_3b42d5722b5a_research.md	os161:58 files	58	259759	8157	ok
group_1459_os161_sources_teaching_os161_kern_include_spinlock_h_sources_teachi_1bfc47294240	GROUP	Docs/researches/groups/group_1459_os161_sources_teaching_os161_kern_include_spinlock_h_sources_teachi_1bfc47294240_research.md	os161:25 files	25	135361	4693	ok
group_145_9front_sources_os_plan9_9front_sys_src_cmd_gs_src_ttinterp_c_sources_6c27f88aca14	GROUP	Docs/researches/groups/group_145_9front_sources_os_plan9_9front_sys_src_cmd_gs_src_ttinterp_c_sources_6c27f88aca14_research.md	9front:8 files	8	220882	7849	ok
group_1460_parted_sources_block_storage_parted_libparted_Makefile_am_sources_b_4b6fa4be41bd	GROUP	Docs/researches/groups/group_1460_parted_sources_block_storage_parted_libparted_Makefile_am_sources_b_4b6fa4be41bd_research.md	parted:12 files	12	212123	7375	ok
group_1461_parted_sources_block_storage_parted_libparted_disk_c_sources_block__16921d3dae05	GROUP	Docs/researches/groups/group_1461_parted_sources_block_storage_parted_libparted_disk_c_sources_block__16921d3dae05_research.md	parted:36 files	36	254087	9019	ok
group_1462_parted_sources_block_storage_parted_libparted_fs_r_fat_calc_c_sourc_f1b20d00ce55	GROUP	Docs/researches/groups/group_1462_parted_sources_block_storage_parted_libparted_fs_r_fat_calc_c_sourc_f1b20d00ce55_research.md	parted:34 files	34	255914	9027	ok
group_1463_parted_sources_block_storage_parted_libparted_fs_r_hfs_reloc_c_sour_efbce3ad5d11	GROUP	Docs/researches/groups/group_1463_parted_sources_block_storage_parted_libparted_fs_r_hfs_reloc_c_sour_efbce3ad5d11_research.md	parted:17 files	17	202491	7304	ok
group_1464_parted_sources_block_storage_parted_libparted_labels_dos_c_sources__87a00f7d8078	GROUP	Docs/researches/groups/group_1464_parted_sources_block_storage_parted_libparted_labels_dos_c_sources__87a00f7d8078_research.md	parted:9 files	9	250840	9142	ok
group_1465_parted_sources_block_storage_parted_libparted_labels_pc98_c_sources_c10739663271	GROUP	Docs/researches/groups/group_1465_parted_sources_block_storage_parted_libparted_labels_pc98_c_sources_c10739663271_research.md	parted:30 files	30	197704	7269	ok
group_1466_parted_sources_block_storage_parted_parted_parted_c_sources_block_s_df31e3806dba	GROUP	Docs/researches/groups/group_1466_parted_sources_block_storage_parted_parted_parted_c_sources_block_s_df31e3806dba_research.md	parted:7 files	7	161426	5444	ok
group_1467_pintos_sources_teaching_pintos_src_filesys_Makefile_sources_teachin_ce310988779a	GROUP	Docs/researches/groups/group_1467_pintos_sources_teaching_pintos_src_filesys_Makefile_sources_teachin_ce310988779a_research.md	pintos:14 files	14	35421	1305	ok
group_1468_plan9_sources_os_plan9_plan9_sys_src_9_bcm_arch_c_sources_os_plan9__8f591a1de086	GROUP	Docs/researches/groups/group_1468_plan9_sources_os_plan9_plan9_sys_src_9_bcm_arch_c_sources_os_plan9__8f591a1de086_research.md	plan9:59 files	59	256505	13038	ok
group_1469_plan9_sources_os_plan9_plan9_sys_src_9_ip_devip_c_sources_os_plan9__965d18024080	GROUP	Docs/researches/groups/group_1469_plan9_sources_os_plan9_plan9_sys_src_9_ip_devip_c_sources_os_plan9__965d18024080_research.md	plan9:23 files	23	252518	12910	ok
group_146_9front_sources_os_plan9_9front_sys_src_cmd_gs_src_tttype_h_sources_o_11184ccf6ae3	GROUP	Docs/researches/groups/group_146_9front_sources_os_plan9_9front_sys_src_cmd_gs_src_tttype_h_sources_o_11184ccf6ae3_research.md	9front:34 files	34	254929	7070	ok
group_1470_plan9_sources_os_plan9_plan9_sys_src_9_ip_rudp_c_sources_os_plan9_p_130388cc979c	GROUP	Docs/researches/groups/group_1470_plan9_sources_os_plan9_plan9_sys_src_9_ip_rudp_c_sources_os_plan9_p_130388cc979c_research.md	plan9:20 files	20	250297	12066	ok
group_1471_plan9_sources_os_plan9_plan9_sys_src_9_kw_flashkw_c_sources_os_plan_4351509dc55c	GROUP	Docs/researches/groups/group_1471_plan9_sources_os_plan9_plan9_sys_src_9_kw_flashkw_c_sources_os_plan_4351509dc55c_research.md	plan9:35 files	35	258328	12291	ok
group_1472_plan9_sources_os_plan9_plan9_sys_src_9_mtx_main_c_sources_os_plan9__77d1d0499171	GROUP	Docs/researches/groups/group_1472_plan9_sources_os_plan9_plan9_sys_src_9_mtx_main_c_sources_os_plan9__77d1d0499171_research.md	plan9:28 files	28	261169	13236	ok
group_1473_plan9_sources_os_plan9_plan9_sys_src_9_omap_kbd_c_sources_os_plan9__b0c4aa85bac4	GROUP	Docs/researches/groups/group_1473_plan9_sources_os_plan9_plan9_sys_src_9_omap_kbd_c_sources_os_plan9__b0c4aa85bac4_research.md	plan9:32 files	32	256583	12187	ok
group_1474_plan9_sources_os_plan9_plan9_sys_src_9_pc_devlm78_c_sources_os_plan_1bec06c51e4d	GROUP	Docs/researches/groups/group_1474_plan9_sources_os_plan9_plan9_sys_src_9_pc_devlm78_c_sources_os_plan_1bec06c51e4d_research.md	plan9:16 files	16	251276	12026	ok
group_1475_plan9_sources_os_plan9_plan9_sys_src_9_pc_ether8169_c_sources_os_pl_96b4e5273522	GROUP	Docs/researches/groups/group_1475_plan9_sources_os_plan9_plan9_sys_src_9_pc_ether8169_c_sources_os_pl_96b4e5273522_research.md	plan9:10 files	10	242605	10590	ok
group_1476_plan9_sources_os_plan9_plan9_sys_src_9_pc_etherelnk3_c_sources_os_p_9e7f0aac1d6e	GROUP	Docs/researches/groups/group_1476_plan9_sources_os_plan9_plan9_sys_src_9_pc_etherelnk3_c_sources_os_p_9e7f0aac1d6e_research.md	plan9:2 files	2	79538	3456	ok
group_1477_plan9_sources_os_plan9_plan9_sys_src_9_pc_etherga620fw_h_sources_os_a79f82c5c7bd	GROUP	Docs/researches/groups/group_1477_plan9_sources_os_plan9_plan9_sys_src_9_pc_etherga620fw_h_sources_os_a79f82c5c7bd_research.md	plan9:2 files	2	223141	4893	ok
group_1478_plan9_sources_os_plan9_plan9_sys_src_9_pc_etherigbe_c_sources_os_pl_f2e189b16993	GROUP	Docs/researches/groups/group_1478_plan9_sources_os_plan9_plan9_sys_src_9_pc_etherigbe_c_sources_os_pl_f2e189b16993_research.md	plan9:12 files	12	191128	8961	ok
group_1479_plan9_sources_os_plan9_plan9_sys_src_9_pc_hcwAMC_h_sources_os_plan9_8b293127f650	GROUP	Docs/researches/groups/group_1479_plan9_sources_os_plan9_plan9_sys_src_9_pc_hcwAMC_h_sources_os_plan9_8b293127f650_research.md	plan9:10 files	10	258319	6224	ok
group_147_9front_sources_os_plan9_9front_sys_src_cmd_gs_src_zarith_c_sources_o_ed3ba3f27093	GROUP	Docs/researches/groups/group_147_9front_sources_os_plan9_9front_sys_src_cmd_gs_src_zarith_c_sources_o_ed3ba3f27093_research.md	9front:21 files	21	235815	8115	ok
group_1480_plan9_sources_os_plan9_plan9_sys_src_9_pc_memory_c_sources_os_plan9_bd36f6d4ba17	GROUP	Docs/researches/groups/group_1480_plan9_sources_os_plan9_plan9_sys_src_9_pc_memory_c_sources_os_plan9_bd36f6d4ba17_research.md	plan9:21 files	21	225219	9815	ok
group_1481_plan9_sources_os_plan9_plan9_sys_src_9_pc_sdata_c_sources_os_plan9__bd7f829d9773	GROUP	Docs/researches/groups/group_1481_plan9_sources_os_plan9_plan9_sys_src_9_pc_sdata_c_sources_os_plan9__bd7f829d9773_research.md	plan9:13 files	13	245451	11924	ok
group_1482_plan9_sources_os_plan9_plan9_sys_src_9_pc_usbohci_c_sources_os_plan_ba3fdfd66bd4	GROUP	Docs/researches/groups/group_1482_plan9_sources_os_plan9_plan9_sys_src_9_pc_usbohci_c_sources_os_plan_ba3fdfd66bd4_research.md	plan9:22 files	22	259471	12332	ok
group_1483_plan9_sources_os_plan9_plan9_sys_src_9_pc_vgat2r4_c_sources_os_plan_04c97266495e	GROUP	Docs/researches/groups/group_1483_plan9_sources_os_plan9_plan9_sys_src_9_pc_vgat2r4_c_sources_os_plan_04c97266495e_research.md	plan9:36 files	36	247833	12321	ok
group_1484_plan9_sources_os_plan9_plan9_sys_src_9_pcboot_mmu_c_sources_os_plan_1a88d59e5b31	GROUP	Docs/researches/groups/group_1484_plan9_sources_os_plan9_plan9_sys_src_9_pcboot_mmu_c_sources_os_plan_1a88d59e5b31_research.md	plan9:26 files	26	257070	13805	ok
group_1485_plan9_sources_os_plan9_plan9_sys_src_9_port_devbridge_c_sources_os__c12faebd1c63	GROUP	Docs/researches/groups/group_1485_plan9_sources_os_plan9_plan9_sys_src_9_port_devbridge_c_sources_os__c12faebd1c63_research.md	plan9:18 files	18	254398	13774	ok
group_1486_plan9_sources_os_plan9_plan9_sys_src_9_port_devsd_c_sources_os_plan_91ea51d7fc4c	GROUP	Docs/researches/groups/group_1486_plan9_sources_os_plan9_plan9_sys_src_9_port_devsd_c_sources_os_plan_91ea51d7fc4c_research.md	plan9:34 files	34	249211	12918	ok
group_1487_plan9_sources_os_plan9_plan9_sys_src_9_port_netif_c_sources_os_plan_68038372f56e	GROUP	Docs/researches/groups/group_1487_plan9_sources_os_plan9_plan9_sys_src_9_port_netif_c_sources_os_plan_68038372f56e_research.md	plan9:28 files	28	260695	14140	ok
group_1488_plan9_sources_os_plan9_plan9_sys_src_9_port_thwack_h_sources_os_pla_6b74fd1b1125	GROUP	Docs/researches/groups/group_1488_plan9_sources_os_plan9_plan9_sys_src_9_port_thwack_h_sources_os_pla_6b74fd1b1125_research.md	plan9:26 files	26	251115	11677	ok
group_1489_plan9_sources_os_plan9_plan9_sys_src_9_ppc_l_s_sources_os_plan9_pla_b2eaa2e527be	GROUP	Docs/researches/groups/group_1489_plan9_sources_os_plan9_plan9_sys_src_9_ppc_l_s_sources_os_plan9_pla_b2eaa2e527be_research.md	plan9:33 files	33	258096	12282	ok
group_148_9front_sources_os_plan9_9front_sys_src_cmd_gs_src_zcontrol_c_sources_075b5ac9f90c	GROUP	Docs/researches/groups/group_148_9front_sources_os_plan9_9front_sys_src_cmd_gs_src_zcontrol_c_sources_075b5ac9f90c_research.md	9front:23 files	23	260047	8707	ok
group_1490_plan9_sources_os_plan9_plan9_sys_src_9_rb_main_c_sources_os_plan9_p_185eae6c95a7	GROUP	Docs/researches/groups/group_1490_plan9_sources_os_plan9_plan9_sys_src_9_rb_main_c_sources_os_plan9_p_185eae6c95a7_research.md	plan9:28 files	28	260433	12705	ok
group_1491_plan9_sources_os_plan9_plan9_sys_src_9_teg2_fpiarm_c_sources_os_pla_df25a75dbfe5	GROUP	Docs/researches/groups/group_1491_plan9_sources_os_plan9_plan9_sys_src_9_teg2_fpiarm_c_sources_os_pla_df25a75dbfe5_research.md	plan9:29 files	29	247424	12725	ok
group_1492_plan9_sources_os_plan9_plan9_sys_src_cmd_5c_peep_c_sources_os_plan9_5294c57f024c	GROUP	Docs/researches/groups/group_1492_plan9_sources_os_plan9_plan9_sys_src_cmd_5c_peep_c_sources_os_plan9_5294c57f024c_research.md	plan9:25 files	25	253261	14277	ok
group_1493_plan9_sources_os_plan9_plan9_sys_src_cmd_5l_span_c_sources_os_plan9_4b7e586e61b0	GROUP	Docs/researches/groups/group_1493_plan9_sources_os_plan9_plan9_sys_src_cmd_5l_span_c_sources_os_plan9_4b7e586e61b0_research.md	plan9:23 files	23	254007	15596	ok
group_1494_plan9_sources_os_plan9_plan9_sys_src_cmd_6l_optab_c_sources_os_plan_ebc32e853e46	GROUP	Docs/researches/groups/group_1494_plan9_sources_os_plan9_plan9_sys_src_cmd_6l_optab_c_sources_os_plan_ebc32e853e46_research.md	plan9:18 files	18	258284	14967	ok
group_1495_plan9_sources_os_plan9_plan9_sys_src_cmd_8c_sgen_c_sources_os_plan9_7a6ba4ed9ab7	GROUP	Docs/researches/groups/group_1495_plan9_sources_os_plan9_plan9_sys_src_cmd_8c_sgen_c_sources_os_plan9_7a6ba4ed9ab7_research.md	plan9:39 files	39	260282	14066	ok
group_1496_plan9_sources_os_plan9_plan9_sys_src_cmd_9nfs_rpc_h_sources_os_plan_c7ebe41495be	GROUP	Docs/researches/groups/group_1496_plan9_sources_os_plan9_plan9_sys_src_cmd_9nfs_rpc_h_sources_os_plan_c7ebe41495be_research.md	plan9:36 files	36	256982	14923	ok
group_1497_plan9_sources_os_plan9_plan9_sys_src_cmd_acid_print_c_sources_os_pl_c0a5a592c8ad	GROUP	Docs/researches/groups/group_1497_plan9_sources_os_plan9_plan9_sys_src_cmd_acid_print_c_sources_os_pl_c0a5a592c8ad_research.md	plan9:24 files	24	253990	13339	ok
group_1498_plan9_sources_os_plan9_plan9_sys_src_cmd_acme_wind_c_sources_os_pla_a5dc59001c2a	GROUP	Docs/researches/groups/group_1498_plan9_sources_os_plan9_plan9_sys_src_cmd_acme_wind_c_sources_os_pla_a5dc59001c2a_research.md	plan9:67 files	67	258812	11153	ok
group_1499_plan9_sources_os_plan9_plan9_sys_src_cmd_aquarela_smbstring_c_sourc_c11edfc081cd	GROUP	Docs/researches/groups/group_1499_plan9_sources_os_plan9_plan9_sys_src_cmd_aquarela_smbstring_c_sourc_c11edfc081cd_research.md	plan9:66 files	66	257252	12752	ok
group_149_9front_sources_os_plan9_9front_sys_src_cmd_gs_src_zfcid1_c_sources_o_e8f733f1effb	GROUP	Docs/researches/groups/group_149_9front_sources_os_plan9_9front_sys_src_cmd_gs_src_zfcid1_c_sources_o_e8f733f1effb_research.md	9front:26 files	26	259573	8972	ok
group_14_9front_sources_os_plan9_9front_sys_src_9_pc_ethervt6102_c_sources_os__6c887e558982	GROUP	Docs/researches/groups/group_14_9front_sources_os_plan9_9front_sys_src_9_pc_ethervt6102_c_sources_os__6c887e558982_research.md	9front:9 files	9	167747	8313	ok
group_1500_plan9_sources_os_plan9_plan9_sys_src_cmd_auth_factotum_fgui_c_sourc_8f7c20dc5181	GROUP	Docs/researches/groups/group_1500_plan9_sources_os_plan9_plan9_sys_src_cmd_auth_factotum_fgui_c_sourc_8f7c20dc5181_research.md	plan9:69 files	69	256232	13190	ok
group_1501_plan9_sources_os_plan9_plan9_sys_src_cmd_aux_acidleak_c_sources_os__77647c18dace	GROUP	Docs/researches/groups/group_1501_plan9_sources_os_plan9_plan9_sys_src_cmd_aux_acidleak_c_sources_os__77647c18dace_research.md	plan9:20 files	20	192807	7160	ok
group_1502_plan9_sources_os_plan9_plan9_sys_src_cmd_aux_antiword_fontinfo_h_so_56648e758583	GROUP	Docs/researches/groups/group_1502_plan9_sources_os_plan9_plan9_sys_src_cmd_aux_antiword_fontinfo_h_so_56648e758583_research.md	plan9:14 files	14	244390	6922	ok
group_1503_plan9_sources_os_plan9_plan9_sys_src_cmd_aux_antiword_misc_c_source_3e1e7c1adeac	GROUP	Docs/researches/groups/group_1503_plan9_sources_os_plan9_plan9_sys_src_cmd_aux_antiword_misc_c_source_3e1e7c1adeac_research.md	plan9:13 files	13	245886	9368	ok
group_1504_plan9_sources_os_plan9_plan9_sys_src_cmd_aux_antiword_prop8_c_sourc_48605dbfb09c	GROUP	Docs/researches/groups/group_1504_plan9_sources_os_plan9_plan9_sys_src_cmd_aux_antiword_prop8_c_sourc_48605dbfb09c_research.md	plan9:25 files	25	252409	9687	ok
group_1505_plan9_sources_os_plan9_plan9_sys_src_cmd_aux_antiword_xml_c_sources_2a689647e2d8	GROUP	Docs/researches/groups/group_1505_plan9_sources_os_plan9_plan9_sys_src_cmd_aux_antiword_xml_c_sources_2a689647e2d8_research.md	plan9:42 files	42	256605	14350	ok
group_1506_plan9_sources_os_plan9_plan9_sys_src_cmd_aux_na_na_y_sources_os_pla_dab246927b57	GROUP	Docs/researches/groups/group_1506_plan9_sources_os_plan9_plan9_sys_src_cmd_aux_na_na_y_sources_os_pla_dab246927b57_research.md	plan9:37 files	37	240095	12256	ok
group_1507_plan9_sources_os_plan9_plan9_sys_src_cmd_aux_vga_mach64xx_c_sources_ac90eda64056	GROUP	Docs/researches/groups/group_1507_plan9_sources_os_plan9_plan9_sys_src_cmd_aux_vga_mach64xx_c_sources_ac90eda64056_research.md	plan9:11 files	11	258263	9096	ok
group_1508_plan9_sources_os_plan9_plan9_sys_src_cmd_aux_vga_rgb524_c_sources_o_0e5d4416f743	GROUP	Docs/researches/groups/group_1508_plan9_sources_os_plan9_plan9_sys_src_cmd_aux_vga_rgb524_c_sources_o_0e5d4416f743_research.md	plan9:34 files	34	249503	10636	ok
group_1509_plan9_sources_os_plan9_plan9_sys_src_cmd_awk_awkgram_y_sources_os_p_163659b0d163	GROUP	Docs/researches/groups/group_1509_plan9_sources_os_plan9_plan9_sys_src_cmd_awk_awkgram_y_sources_os_p_163659b0d163_research.md	plan9:28 files	28	261533	10596	ok
group_150_9front_sources_os_plan9_9front_sys_src_cmd_gs_src_zfunc3_c_sources_o_11faa4d9eb22	GROUP	Docs/researches/groups/group_150_9front_sources_os_plan9_9front_sys_src_cmd_gs_src_zfunc3_c_sources_o_11faa4d9eb22_research.md	9front:35 files	35	258776	9477	ok
group_1510_plan9_sources_os_plan9_plan9_sys_src_cmd_bzip2_lib_bzlib_private_h__66f9e795d2b1	GROUP	Docs/researches/groups/group_1510_plan9_sources_os_plan9_plan9_sys_src_cmd_bzip2_lib_bzlib_private_h__66f9e795d2b1_research.md	plan9:31 files	31	236916	10979	ok
group_1511_plan9_sources_os_plan9_plan9_sys_src_cmd_cc_dcl_c_sources_os_plan9__efe3756e78e9	GROUP	Docs/researches/groups/group_1511_plan9_sources_os_plan9_plan9_sys_src_cmd_cc_dcl_c_sources_os_plan9__efe3756e78e9_research.md	plan9:34 files	34	261811	14731	ok
group_1512_plan9_sources_os_plan9_plan9_sys_src_cmd_cfs_stats_h_sources_os_pla_d7766341469c	GROUP	Docs/researches/groups/group_1512_plan9_sources_os_plan9_plan9_sys_src_cmd_cfs_stats_h_sources_os_pla_d7766341469c_research.md	plan9:29 files	29	260856	10371	ok
group_1513_plan9_sources_os_plan9_plan9_sys_src_cmd_comm_c_sources_os_plan9_pl_497c0481fd11	GROUP	Docs/researches/groups/group_1513_plan9_sources_os_plan9_plan9_sys_src_cmd_comm_c_sources_os_plan9_pl_497c0481fd11_research.md	plan9:34 files	34	250485	13048	ok
group_1514_plan9_sources_os_plan9_plan9_sys_src_cmd_cwfs_con_c_sources_os_plan_c31a37e51bdf	GROUP	Docs/researches/groups/group_1514_plan9_sources_os_plan9_plan9_sys_src_cmd_cwfs_con_c_sources_os_plan_c31a37e51bdf_research.md	plan9:39 files	39	261179	14097	ok
group_1515_plan9_sources_os_plan9_plan9_sys_src_cmd_db_output_c_sources_os_pla_13367f485b50	GROUP	Docs/researches/groups/group_1515_plan9_sources_os_plan9_plan9_sys_src_cmd_db_output_c_sources_os_pla_13367f485b50_research.md	plan9:29 files	29	246607	9700	ok
group_1516_plan9_sources_os_plan9_plan9_sys_src_cmd_dict_oed_c_sources_os_plan_aaaf19d46dbf	GROUP	Docs/researches/groups/group_1516_plan9_sources_os_plan9_plan9_sys_src_cmd_dict_oed_c_sources_os_plan_aaaf19d46dbf_research.md	plan9:37 files	37	242556	11210	ok
group_1517_plan9_sources_os_plan9_plan9_sys_src_cmd_disk_kfs_9p1_c_sources_os__dd64421b8ff5	GROUP	Docs/researches/groups/group_1517_plan9_sources_os_plan9_plan9_sys_src_cmd_disk_kfs_9p1_c_sources_os__dd64421b8ff5_research.md	plan9:38 files	38	256062	14442	ok
group_1518_plan9_sources_os_plan9_plan9_sys_src_cmd_disk_rd9660_c_sources_os_p_69e52cf19fc7	GROUP	Docs/researches/groups/group_1518_plan9_sources_os_plan9_plan9_sys_src_cmd_disk_rd9660_c_sources_os_p_69e52cf19fc7_research.md	plan9:51 files	51	252776	12994	ok
group_1519_plan9_sources_os_plan9_plan9_sys_src_cmd_exportfs_exportsrv_c_sourc_b64cad7683e1	GROUP	Docs/researches/groups/group_1519_plan9_sources_os_plan9_plan9_sys_src_cmd_exportfs_exportsrv_c_sourc_b64cad7683e1_research.md	plan9:41 files	41	253031	13516	ok
group_151_9front_sources_os_plan9_9front_sys_src_cmd_gs_src_zstack_c_sources_o_25d208426877	GROUP	Docs/researches/groups/group_151_9front_sources_os_plan9_9front_sys_src_cmd_gs_src_zstack_c_sources_o_25d208426877_research.md	9front:21 files	21	254347	8184	ok
group_1520_plan9_sources_os_plan9_plan9_sys_src_cmd_fossil_9proc_c_sources_os__bcbe29bc6382	GROUP	Docs/researches/groups/group_1520_plan9_sources_os_plan9_plan9_sys_src_cmd_fossil_9proc_c_sources_os__bcbe29bc6382_research.md	plan9:32 files	32	246029	12755	ok
group_1521_plan9_sources_os_plan9_plan9_sys_src_cmd_fossil_source_c_sources_os_6025d0221bf9	GROUP	Docs/researches/groups/group_1521_plan9_sources_os_plan9_plan9_sys_src_cmd_fossil_source_c_sources_os_6025d0221bf9_research.md	plan9:45 files	45	220413	10218	ok
group_1522_plan9_sources_os_plan9_plan9_sys_src_cmd_gs_icclib_icc9809_h_source_676328fa7112	GROUP	Docs/researches/groups/group_1522_plan9_sources_os_plan9_plan9_sys_src_cmd_gs_icclib_icc9809_h_source_676328fa7112_research.md	plan9:14 files	14	251136	7562	ok
group_1523_plan9_sources_os_plan9_plan9_sys_src_cmd_gs_jpeg_jccolor_c_sources__4de118820bf0	GROUP	Docs/researches/groups/group_1523_plan9_sources_os_plan9_plan9_sys_src_cmd_gs_jpeg_jccolor_c_sources__4de118820bf0_research.md	plan9:20 files	20	261216	8044	ok
group_1524_plan9_sources_os_plan9_plan9_sys_src_cmd_gs_jpeg_jdcolor_c_sources__256c38828980	GROUP	Docs/researches/groups/group_1524_plan9_sources_os_plan9_plan9_sys_src_cmd_gs_jpeg_jdcolor_c_sources__256c38828980_research.md	plan9:18 files	18	252464	7417	ok
group_1525_plan9_sources_os_plan9_plan9_sys_src_cmd_gs_jpeg_jfdctint_c_sources_822900c0564b	GROUP	Docs/researches/groups/group_1525_plan9_sources_os_plan9_plan9_sys_src_cmd_gs_jpeg_jfdctint_c_sources_822900c0564b_research.md	plan9:17 files	17	244136	6937	ok
group_1526_plan9_sources_os_plan9_plan9_sys_src_cmd_gs_jpeg_jquant1_c_sources__a24fdefadad6	GROUP	Docs/researches/groups/group_1526_plan9_sources_os_plan9_plan9_sys_src_cmd_gs_jpeg_jquant1_c_sources__a24fdefadad6_research.md	plan9:11 files	11	250941	7869	ok
group_1527_plan9_sources_os_plan9_plan9_sys_src_cmd_gs_jpeg_rdppm_c_sources_os_bab21b316781	GROUP	Docs/researches/groups/group_1527_plan9_sources_os_plan9_plan9_sys_src_cmd_gs_jpeg_rdppm_c_sources_os_bab21b316781_research.md	plan9:48 files	48	244770	7909	ok
group_1528_plan9_sources_os_plan9_plan9_sys_src_cmd_gs_libpng_png_h_sources_os_282fb11013e5	GROUP	Docs/researches/groups/group_1528_plan9_sources_os_plan9_plan9_sys_src_cmd_gs_libpng_png_h_sources_os_282fb11013e5_research.md	plan9:3 files	3	194561	5151	ok
group_1529_plan9_sources_os_plan9_plan9_sys_src_cmd_gs_libpng_pnggccrd_c_sourc_5f1c4c6c52d7	GROUP	Docs/researches/groups/group_1529_plan9_sources_os_plan9_plan9_sys_src_cmd_gs_libpng_pnggccrd_c_sourc_5f1c4c6c52d7_research.md	plan9:2 files	2	261095	6342	ok
group_152_9front_sources_os_plan9_9front_sys_src_cmd_gs_zlib_gzio_c_sources_os_90e1205909cc	GROUP	Docs/researches/groups/group_152_9front_sources_os_plan9_9front_sys_src_cmd_gs_zlib_gzio_c_sources_os_90e1205909cc_research.md	9front:15 files	15	220704	6193	ok
group_1530_plan9_sources_os_plan9_plan9_sys_src_cmd_gs_libpng_pngmem_c_sources_e6c4261fe326	GROUP	Docs/researches/groups/group_1530_plan9_sources_os_plan9_plan9_sys_src_cmd_gs_libpng_pngmem_c_sources_e6c4261fe326_research.md	plan9:5 files	5	257055	7962	ok
group_1531_plan9_sources_os_plan9_plan9_sys_src_cmd_gs_libpng_pngrutil_c_sourc_7c72910be464	GROUP	Docs/researches/groups/group_1531_plan9_sources_os_plan9_plan9_sys_src_cmd_gs_libpng_pngrutil_c_sourc_7c72910be464_research.md	plan9:4 files	4	196766	6547	ok
group_1532_plan9_sources_os_plan9_plan9_sys_src_cmd_gs_libpng_pngvcrd_c_source_1307361198b6	GROUP	Docs/researches/groups/group_1532_plan9_sources_os_plan9_plan9_sys_src_cmd_gs_libpng_pngvcrd_c_source_1307361198b6_research.md	plan9:4 files	4	215781	6158	ok
group_1533_plan9_sources_os_plan9_plan9_sys_src_cmd_gs_libpng_pngwutil_c_sourc_586a7dd7a198	GROUP	Docs/researches/groups/group_1533_plan9_sources_os_plan9_plan9_sys_src_cmd_gs_libpng_pngwutil_c_sourc_586a7dd7a198_research.md	plan9:16 files	16	237002	7397	ok
group_1534_plan9_sources_os_plan9_plan9_sys_src_cmd_gs_src_devs_mak_sources_os_2d59c5acbc77	GROUP	Docs/researches/groups/group_1534_plan9_sources_os_plan9_plan9_sys_src_cmd_gs_src_devs_mak_sources_os_2d59c5acbc77_research.md	plan9:6 files	6	247544	8310	ok
group_1535_plan9_sources_os_plan9_plan9_sys_src_cmd_gs_src_dscparse_h_sources__65064e9bc51d	GROUP	Docs/researches/groups/group_1535_plan9_sources_os_plan9_plan9_sys_src_cmd_gs_src_dscparse_h_sources__65064e9bc51d_research.md	plan9:25 files	25	259500	9570	ok
group_1536_plan9_sources_os_plan9_plan9_sys_src_cmd_gs_src_dxmain_c_sources_os_39f2c3a41818	GROUP	Docs/researches/groups/group_1536_plan9_sources_os_plan9_plan9_sys_src_cmd_gs_src_dxmain_c_sources_os_39f2c3a41818_research.md	plan9:29 files	29	240436	7974	ok
group_1537_plan9_sources_os_plan9_plan9_sys_src_cmd_gs_src_gdevbbox_c_sources__b0968b2fb64a	GROUP	Docs/researches/groups/group_1537_plan9_sources_os_plan9_plan9_sys_src_cmd_gs_src_gdevbbox_c_sources__b0968b2fb64a_research.md	plan9:13 files	13	240577	7509	ok
group_1538_plan9_sources_os_plan9_plan9_sys_src_cmd_gs_src_gdevcdj_c_sources_o_7155dd6ba600	GROUP	Docs/researches/groups/group_1538_plan9_sources_os_plan9_plan9_sys_src_cmd_gs_src_gdevcdj_c_sources_o_7155dd6ba600_research.md	plan9:16 files	16	262053	8779	ok
group_1539_plan9_sources_os_plan9_plan9_sys_src_cmd_gs_src_gdevddrw_c_sources__a31def03c11d	GROUP	Docs/researches/groups/group_1539_plan9_sources_os_plan9_plan9_sys_src_cmd_gs_src_gdevddrw_c_sources__a31def03c11d_research.md	plan9:14 files	14	225864	6916	ok
group_153_9front_sources_os_plan9_9front_sys_src_cmd_gs_zlib_zlib_h_sources_os_d8400c8fc0cb	GROUP	Docs/researches/groups/group_153_9front_sources_os_plan9_9front_sys_src_cmd_gs_zlib_zlib_h_sources_os_d8400c8fc0cb_research.md	9front:32 files	32	252314	11028	ok
group_1540_plan9_sources_os_plan9_plan9_sys_src_cmd_gs_src_gdevdsp_c_sources_o_7eaa214c7dc8	GROUP	Docs/researches/groups/group_1540_plan9_sources_os_plan9_plan9_sys_src_cmd_gs_src_gdevdsp_c_sources_o_7eaa214c7dc8_research.md	plan9:18 files	18	259555	8933	ok
group_1541_plan9_sources_os_plan9_plan9_sys_src_cmd_gs_src_gdevl256_c_sources__10a6ee57e279	GROUP	Docs/researches/groups/group_1541_plan9_sources_os_plan9_plan9_sys_src_cmd_gs_src_gdevl256_c_sources__10a6ee57e279_research.md	plan9:23 files	23	261612	8676	ok
group_1542_plan9_sources_os_plan9_plan9_sys_src_cmd_gs_src_gdevmeds_h_sources__02a963055baa	GROUP	Docs/researches/groups/group_1542_plan9_sources_os_plan9_plan9_sys_src_cmd_gs_src_gdevmeds_h_sources__02a963055baa_research.md	plan9:22 files	22	232499	7455	ok
group_1543_plan9_sources_os_plan9_plan9_sys_src_cmd_gs_src_gdevp14_c_sources_o_d7de5670f603	GROUP	Docs/researches/groups/group_1543_plan9_sources_os_plan9_plan9_sys_src_cmd_gs_src_gdevp14_c_sources_o_d7de5670f603_research.md	plan9:13 files	13	258260	8393	ok
group_1544_plan9_sources_os_plan9_plan9_sys_src_cmd_gs_src_gdevpdfb_h_sources__34f1b4d71a3d	GROUP	Docs/researches/groups/group_1544_plan9_sources_os_plan9_plan9_sys_src_cmd_gs_src_gdevpdfb_h_sources__34f1b4d71a3d_research.md	plan9:9 files	9	234191	7303	ok
group_1545_plan9_sources_os_plan9_plan9_sys_src_cmd_gs_src_gdevpdfm_c_sources__e8d8be53d60a	GROUP	Docs/researches/groups/group_1545_plan9_sources_os_plan9_plan9_sys_src_cmd_gs_src_gdevpdfm_c_sources__e8d8be53d60a_research.md	plan9:8 files	8	248230	8274	ok
group_1546_plan9_sources_os_plan9_plan9_sys_src_cmd_gs_src_gdevpdfx_h_sources__7e354b38cf4c	GROUP	Docs/researches/groups/group_1546_plan9_sources_os_plan9_plan9_sys_src_cmd_gs_src_gdevpdfx_h_sources__7e354b38cf4c_research.md	plan9:15 files	15	258728	7984	ok
group_1547_plan9_sources_os_plan9_plan9_sys_src_cmd_gs_src_gdevpdtt_c_sources__a6ca9933fc9a	GROUP	Docs/researches/groups/group_1547_plan9_sources_os_plan9_plan9_sys_src_cmd_gs_src_gdevpdtt_c_sources__a6ca9933fc9a_research.md	plan9:12 files	12	253696	13535	ok
group_1548_plan9_sources_os_plan9_plan9_sys_src_cmd_gs_src_gdevplan9_c_sources_ebe0c6d4b2e9	GROUP	Docs/researches/groups/group_1548_plan9_sources_os_plan9_plan9_sys_src_cmd_gs_src_gdevplan9_c_sources_ebe0c6d4b2e9_research.md	plan9:13 files	13	259685	8177	ok
group_1549_plan9_sources_os_plan9_plan9_sys_src_cmd_gs_src_gdevps_c_sources_os_c52981e460ab	GROUP	Docs/researches/groups/group_1549_plan9_sources_os_plan9_plan9_sys_src_cmd_gs_src_gdevps_c_sources_os_c52981e460ab_research.md	plan9:10 files	10	230690	7440	ok
group_154_9front_sources_os_plan9_9front_sys_src_cmd_hjfs_fs1_c_sources_os_pla_df6d72c05381	GROUP	Docs/researches/groups/group_154_9front_sources_os_plan9_9front_sys_src_cmd_hjfs_fs1_c_sources_os_pla_df6d72c05381_research.md	9front:64 files	64	261962	15075	ok
group_1550_plan9_sources_os_plan9_plan9_sys_src_cmd_gs_src_gdevpsf2_c_sources__3cd74dc5d847	GROUP	Docs/researches/groups/group_1550_plan9_sources_os_plan9_plan9_sys_src_cmd_gs_src_gdevpsf2_c_sources__3cd74dc5d847_research.md	plan9:14 files	14	233601	8044	ok
group_1551_plan9_sources_os_plan9_plan9_sys_src_cmd_gs_src_gdevrinkj_c_sources_05841b46da59	GROUP	Docs/researches/groups/group_1551_plan9_sources_os_plan9_plan9_sys_src_cmd_gs_src_gdevrinkj_c_sources_05841b46da59_research.md	plan9:16 files	16	259132	8255	ok
group_1552_plan9_sources_os_plan9_plan9_sys_src_cmd_gs_src_gdevsunr_c_sources__ba73d48229b0	GROUP	Docs/researches/groups/group_1552_plan9_sources_os_plan9_plan9_sys_src_cmd_gs_src_gdevsunr_c_sources__ba73d48229b0_research.md	plan9:16 files	16	233711	7621	ok
group_1553_plan9_sources_os_plan9_plan9_sys_src_cmd_gs_src_gdevwpr2_c_sources__aff8c5a1e104	GROUP	Docs/researches/groups/group_1553_plan9_sources_os_plan9_plan9_sys_src_cmd_gs_src_gdevwpr2_c_sources__aff8c5a1e104_research.md	plan9:10 files	10	250152	8229	ok
group_1554_plan9_sources_os_plan9_plan9_sys_src_cmd_gs_src_gdevxxf_c_sources_o_e603099b1b93	GROUP	Docs/researches/groups/group_1554_plan9_sources_os_plan9_plan9_sys_src_cmd_gs_src_gdevxxf_c_sources_o_e603099b1b93_research.md	plan9:39 files	39	260784	9491	ok
group_1555_plan9_sources_os_plan9_plan9_sys_src_cmd_gs_src_gp_unifs_c_sources__da51f376ee21	GROUP	Docs/researches/groups/group_1555_plan9_sources_os_plan9_plan9_sys_src_cmd_gs_src_gp_unifs_c_sources__da51f376ee21_research.md	plan9:27 files	27	250681	8334	ok
group_1556_plan9_sources_os_plan9_plan9_sys_src_cmd_gs_src_gsbitops_h_sources__5f11445e4c94	GROUP	Docs/researches/groups/group_1556_plan9_sources_os_plan9_plan9_sys_src_cmd_gs_src_gsbitops_h_sources__5f11445e4c94_research.md	plan9:17 files	17	260599	8892	ok
group_1557_plan9_sources_os_plan9_plan9_sys_src_cmd_gs_src_gscie_c_sources_os__89eba6e57d0d	GROUP	Docs/researches/groups/group_1557_plan9_sources_os_plan9_plan9_sys_src_cmd_gs_src_gscie_c_sources_os__89eba6e57d0d_research.md	plan9:30 files	30	261999	8270	ok
group_1558_plan9_sources_os_plan9_plan9_sys_src_cmd_gs_src_gscsepr_h_sources_o_c668812db769	GROUP	Docs/researches/groups/group_1558_plan9_sources_os_plan9_plan9_sys_src_cmd_gs_src_gscsepr_h_sources_o_c668812db769_research.md	plan9:33 files	33	256735	7917	ok
group_1559_plan9_sources_os_plan9_plan9_sys_src_cmd_gs_src_gsfemu_c_sources_os_82042271a5d2	GROUP	Docs/researches/groups/group_1559_plan9_sources_os_plan9_plan9_sys_src_cmd_gs_src_gsfemu_c_sources_os_82042271a5d2_research.md	plan9:24 files	24	218878	7467	ok
group_155_9front_sources_os_plan9_9front_sys_src_cmd_ip_cifsd_share_c_sources__72d405096f40	GROUP	Docs/researches/groups/group_155_9front_sources_os_plan9_9front_sys_src_cmd_ip_cifsd_share_c_sources__72d405096f40_research.md	9front:30 files	30	258616	13190	ok
group_1560_plan9_sources_os_plan9_plan9_sys_src_cmd_gs_src_gsht_c_sources_os_p_fda4b3737d4d	GROUP	Docs/researches/groups/group_1560_plan9_sources_os_plan9_plan9_sys_src_cmd_gs_src_gsht_c_sources_os_p_fda4b3737d4d_research.md	plan9:24 files	24	257718	7891	ok
group_1561_plan9_sources_os_plan9_plan9_sys_src_cmd_gs_src_gsistate_c_sources__12726afcbdf3	GROUP	Docs/researches/groups/group_1561_plan9_sources_os_plan9_plan9_sys_src_cmd_gs_src_gsistate_c_sources__12726afcbdf3_research.md	plan9:29 files	29	257703	8396	ok
group_1562_plan9_sources_os_plan9_plan9_sys_src_cmd_gs_src_gsovrc_h_sources_os_9b000a7f93bd	GROUP	Docs/researches/groups/group_1562_plan9_sources_os_plan9_plan9_sys_src_cmd_gs_src_gsovrc_h_sources_os_9b000a7f93bd_research.md	plan9:27 files	27	255452	8173	ok
group_1563_plan9_sources_os_plan9_plan9_sys_src_cmd_gs_src_gsropc_c_sources_os_9db4ebf5cb49	GROUP	Docs/researches/groups/group_1563_plan9_sources_os_plan9_plan9_sys_src_cmd_gs_src_gsropc_c_sources_os_9db4ebf5cb49_research.md	plan9:21 files	21	257571	7446	ok
group_1564_plan9_sources_os_plan9_plan9_sys_src_cmd_gs_src_gstype2_c_sources_o_e6c7a24de7cb	GROUP	Docs/researches/groups/group_1564_plan9_sources_os_plan9_plan9_sys_src_cmd_gs_src_gstype2_c_sources_o_e6c7a24de7cb_research.md	plan9:23 files	23	237326	7869	ok
group_1565_plan9_sources_os_plan9_plan9_sys_src_cmd_gs_src_gxccman_c_sources_o_b6f0508c7efb	GROUP	Docs/researches/groups/group_1565_plan9_sources_os_plan9_plan9_sys_src_cmd_gs_src_gxccman_c_sources_o_b6f0508c7efb_research.md	plan9:15 files	15	254835	7682	ok
group_1566_plan9_sources_os_plan9_plan9_sys_src_cmd_gs_src_gxclip_c_sources_os_23be620bec0c	GROUP	Docs/researches/groups/group_1566_plan9_sources_os_plan9_plan9_sys_src_cmd_gs_src_gxclip_c_sources_os_23be620bec0c_research.md	plan9:16 files	16	195302	5796	ok
group_1567_plan9_sources_os_plan9_plan9_sys_src_cmd_gs_src_gxclrast_c_sources__50df765c7a47	GROUP	Docs/researches/groups/group_1567_plan9_sources_os_plan9_plan9_sys_src_cmd_gs_src_gxclrast_c_sources__50df765c7a47_research.md	plan9:17 files	17	261236	8459	ok
group_1568_plan9_sources_os_plan9_plan9_sys_src_cmd_gs_src_gxdcconv_h_sources__6e7422dc71fa	GROUP	Docs/researches/groups/group_1568_plan9_sources_os_plan9_plan9_sys_src_cmd_gs_src_gxdcconv_h_sources__6e7422dc71fa_research.md	plan9:24 files	24	255850	6943	ok
group_1569_plan9_sources_os_plan9_plan9_sys_src_cmd_gs_src_gxfcopy_c_sources_o_67ce74e3363e	GROUP	Docs/researches/groups/group_1569_plan9_sources_os_plan9_plan9_sys_src_cmd_gs_src_gxfcopy_c_sources_o_67ce74e3363e_research.md	plan9:20 files	20	261420	7906	ok
group_156_9front_sources_os_plan9_9front_sys_src_cmd_ip_httpd_httpd_c_sources__ef7ce71c80dc	GROUP	Docs/researches/groups/group_156_9front_sources_os_plan9_9front_sys_src_cmd_ip_httpd_httpd_c_sources__ef7ce71c80dc_research.md	9front:31 files	31	222390	10889	ok
group_1570_plan9_sources_os_plan9_plan9_sys_src_cmd_gs_src_gxhintn_c_sources_o_3b2ed5d815f8	GROUP	Docs/researches/groups/group_1570_plan9_sources_os_plan9_plan9_sys_src_cmd_gs_src_gxhintn_c_sources_o_3b2ed5d815f8_research.md	plan9:15 files	15	239621	7077	ok
group_1571_plan9_sources_os_plan9_plan9_sys_src_cmd_gs_src_gximag3x_c_sources__32d22b3e3356	GROUP	Docs/researches/groups/group_1571_plan9_sources_os_plan9_plan9_sys_src_cmd_gs_src_gximag3x_c_sources__32d22b3e3356_research.md	plan9:28 files	28	256424	7874	ok
group_1572_plan9_sources_os_plan9_plan9_sys_src_cmd_gs_src_gxpageq_h_sources_o_af4ec57310f5	GROUP	Docs/researches/groups/group_1572_plan9_sources_os_plan9_plan9_sys_src_cmd_gs_src_gxpageq_h_sources_o_af4ec57310f5_research.md	plan9:22 files	22	226964	7145	ok
group_1573_plan9_sources_os_plan9_plan9_sys_src_cmd_gs_src_gxshade6_c_sources__d553d7daac06	GROUP	Docs/researches/groups/group_1573_plan9_sources_os_plan9_plan9_sys_src_cmd_gs_src_gxshade6_c_sources__d553d7daac06_research.md	plan9:14 files	14	261678	8100	ok
group_1574_plan9_sources_os_plan9_plan9_sys_src_cmd_gs_src_gxwts_h_sources_os__7e59309d738a	GROUP	Docs/researches/groups/group_1574_plan9_sources_os_plan9_plan9_sys_src_cmd_gs_src_gxwts_h_sources_os__7e59309d738a_research.md	plan9:51 files	51	261003	8151	ok
group_1575_plan9_sources_os_plan9_plan9_sys_src_cmd_gs_src_ierrors_h_sources_o_f95f356d2e68	GROUP	Docs/researches/groups/group_1575_plan9_sources_os_plan9_plan9_sys_src_cmd_gs_src_ierrors_h_sources_o_f95f356d2e68_research.md	plan9:36 files	36	257242	8528	ok
group_1576_plan9_sources_os_plan9_plan9_sys_src_cmd_gs_src_inamedef_h_sources__df02b4c27e10	GROUP	Docs/researches/groups/group_1576_plan9_sources_os_plan9_plan9_sys_src_cmd_gs_src_inamedef_h_sources__df02b4c27e10_research.md	plan9:21 files	21	241558	6887	ok
group_1577_plan9_sources_os_plan9_plan9_sys_src_cmd_gs_src_isave_c_sources_os__0afc4b1b5fde	GROUP	Docs/researches/groups/group_1577_plan9_sources_os_plan9_plan9_sys_src_cmd_gs_src_isave_c_sources_os__0afc4b1b5fde_research.md	plan9:26 files	26	244034	8202	ok
group_1578_plan9_sources_os_plan9_plan9_sys_src_cmd_gs_src_jconfig0_h_sources__e277c58dc696	GROUP	Docs/researches/groups/group_1578_plan9_sources_os_plan9_plan9_sys_src_cmd_gs_src_jconfig0_h_sources__e277c58dc696_research.md	plan9:10 files	10	193060	4835	ok
group_1579_plan9_sources_os_plan9_plan9_sys_src_cmd_gs_src_lib_mak_sources_os__2669c5a0136f	GROUP	Docs/researches/groups/group_1579_plan9_sources_os_plan9_plan9_sys_src_cmd_gs_src_lib_mak_sources_os__2669c5a0136f_research.md	plan9:25 files	25	261779	7467	ok
group_157_9front_sources_os_plan9_9front_sys_src_cmd_ip_ppp_ppp_c_sources_os_p_1f546d0de30c	GROUP	Docs/researches/groups/group_157_9front_sources_os_plan9_9front_sys_src_cmd_ip_ppp_ppp_c_sources_os_p_1f546d0de30c_research.md	9front:43 files	43	255708	13961	ok
group_1580_plan9_sources_os_plan9_plan9_sys_src_cmd_gs_src_openvms_mak_sources_51905e7b2802	GROUP	Docs/researches/groups/group_1580_plan9_sources_os_plan9_plan9_sys_src_cmd_gs_src_openvms_mak_sources_51905e7b2802_research.md	plan9:40 files	40	258472	8872	ok
group_1581_plan9_sources_os_plan9_plan9_sys_src_cmd_gs_src_seexec_c_sources_os_1aa6a03a8212	GROUP	Docs/researches/groups/group_1581_plan9_sources_os_plan9_plan9_sys_src_cmd_gs_src_seexec_c_sources_os_1aa6a03a8212_research.md	plan9:47 files	47	252465	8688	ok
group_1582_plan9_sources_os_plan9_plan9_sys_src_cmd_gs_src_std_h_sources_os_pl_d933e2c710f0	GROUP	Docs/researches/groups/group_1582_plan9_sources_os_plan9_plan9_sys_src_cmd_gs_src_std_h_sources_os_pl_d933e2c710f0_research.md	plan9:28 files	28	207842	6645	ok
group_1583_plan9_sources_os_plan9_plan9_sys_src_cmd_gs_src_ttinterp_c_sources__2c0659179374	GROUP	Docs/researches/groups/group_1583_plan9_sources_os_plan9_plan9_sys_src_cmd_gs_src_ttinterp_c_sources__2c0659179374_research.md	plan9:8 files	8	220888	7849	ok
group_1584_plan9_sources_os_plan9_plan9_sys_src_cmd_gs_src_tttype_h_sources_os_355fbcb9da00	GROUP	Docs/researches/groups/group_1584_plan9_sources_os_plan9_plan9_sys_src_cmd_gs_src_tttype_h_sources_os_355fbcb9da00_research.md	plan9:34 files	34	255252	7085	ok
group_1585_plan9_sources_os_plan9_plan9_sys_src_cmd_gs_src_zarith_c_sources_os_1d3b083f12f5	GROUP	Docs/researches/groups/group_1585_plan9_sources_os_plan9_plan9_sys_src_cmd_gs_src_zarith_c_sources_os_1d3b083f12f5_research.md	plan9:21 files	21	235786	8114	ok
group_1586_plan9_sources_os_plan9_plan9_sys_src_cmd_gs_src_zcontrol_c_sources__07b77ddcc521	GROUP	Docs/researches/groups/group_1586_plan9_sources_os_plan9_plan9_sys_src_cmd_gs_src_zcontrol_c_sources__07b77ddcc521_research.md	plan9:22 files	22	256401	8602	ok
group_1587_plan9_sources_os_plan9_plan9_sys_src_cmd_gs_src_zfcid1_c_sources_os_b0b2d544c094	GROUP	Docs/researches/groups/group_1587_plan9_sources_os_plan9_plan9_sys_src_cmd_gs_src_zfcid1_c_sources_os_b0b2d544c094_research.md	plan9:26 files	26	259292	8966	ok
group_1588_plan9_sources_os_plan9_plan9_sys_src_cmd_gs_src_zfunc3_c_sources_os_d8bb2ea57669	GROUP	Docs/researches/groups/group_1588_plan9_sources_os_plan9_plan9_sys_src_cmd_gs_src_zfunc3_c_sources_os_d8bb2ea57669_research.md	plan9:35 files	35	258465	9465	ok
group_1589_plan9_sources_os_plan9_plan9_sys_src_cmd_gs_src_zstack_c_sources_os_ccd85a29bc4a	GROUP	Docs/researches/groups/group_1589_plan9_sources_os_plan9_plan9_sys_src_cmd_gs_src_zstack_c_sources_os_ccd85a29bc4a_research.md	plan9:21 files	21	253105	8148	ok
group_158_9front_sources_os_plan9_9front_sys_src_cmd_ip_snoopy_main_c_sources__8114c61951a7	GROUP	Docs/researches/groups/group_158_9front_sources_os_plan9_9front_sys_src_cmd_ip_snoopy_main_c_sources__8114c61951a7_research.md	9front:44 files	44	254843	13767	ok
group_1590_plan9_sources_os_plan9_plan9_sys_src_cmd_gs_zlib_gzio_c_sources_os__6e33345656be	GROUP	Docs/researches/groups/group_1590_plan9_sources_os_plan9_plan9_sys_src_cmd_gs_zlib_gzio_c_sources_os__6e33345656be_research.md	plan9:15 files	15	220704	6193	ok
group_1591_plan9_sources_os_plan9_plan9_sys_src_cmd_gs_zlib_zlib_h_sources_os__51fcc0e21a95	GROUP	Docs/researches/groups/group_1591_plan9_sources_os_plan9_plan9_sys_src_cmd_gs_zlib_zlib_h_sources_os__51fcc0e21a95_research.md	plan9:29 files	29	258392	11352	ok
group_1592_plan9_sources_os_plan9_plan9_sys_src_cmd_htmlroff_roff_c_sources_os_146fbf9ccd13	GROUP	Docs/researches/groups/group_1592_plan9_sources_os_plan9_plan9_sys_src_cmd_htmlroff_roff_c_sources_os_146fbf9ccd13_research.md	plan9:46 files	46	242368	13723	ok
group_1593_plan9_sources_os_plan9_plan9_sys_src_cmd_ip_ftpfs_proto_c_sources_o_0503cc66b977	GROUP	Docs/researches/groups/group_1593_plan9_sources_os_plan9_plan9_sys_src_cmd_ip_ftpfs_proto_c_sources_o_0503cc66b977_research.md	plan9:36 files	36	255329	13091	ok
group_1594_plan9_sources_os_plan9_plan9_sys_src_cmd_ip_imap4d_list_c_sources_o_626c76a1eb72	GROUP	Docs/researches/groups/group_1594_plan9_sources_os_plan9_plan9_sys_src_cmd_ip_imap4d_list_c_sources_o_626c76a1eb72_research.md	plan9:24 files	24	260978	13481	ok
group_1595_plan9_sources_os_plan9_plan9_sys_src_cmd_ip_ppp_testppp_c_sources_o_5c05a919e66c	GROUP	Docs/researches/groups/group_1595_plan9_sources_os_plan9_plan9_sys_src_cmd_ip_ppp_testppp_c_sources_o_5c05a919e66c_research.md	plan9:59 files	59	248419	14424	ok
group_1596_plan9_sources_os_plan9_plan9_sys_src_cmd_ip_tftpd_c_sources_os_plan_e7b34c5c68e0	GROUP	Docs/researches/groups/group_1596_plan9_sources_os_plan9_plan9_sys_src_cmd_ip_tftpd_c_sources_os_plan_e7b34c5c68e0_research.md	plan9:40 files	40	253746	12342	ok
group_1597_plan9_sources_os_plan9_plan9_sys_src_cmd_jpg_ycbcr_h_sources_os_pla_f33d85c495dc	GROUP	Docs/researches/groups/group_1597_plan9_sources_os_plan9_plan9_sys_src_cmd_jpg_ycbcr_h_sources_os_pla_f33d85c495dc_research.md	plan9:30 files	30	249000	14475	ok
group_1598_plan9_sources_os_plan9_plan9_sys_src_cmd_kl_asm_c_sources_os_plan9__56687e12dc26	GROUP	Docs/researches/groups/group_1598_plan9_sources_os_plan9_plan9_sys_src_cmd_kl_asm_c_sources_os_plan9__56687e12dc26_research.md	plan9:53 files	53	261142	13617	ok
group_1599_plan9_sources_os_plan9_plan9_sys_src_cmd_map_libmap_homing_c_source_74c79d708b01	GROUP	Docs/researches/groups/group_1599_plan9_sources_os_plan9_plan9_sys_src_cmd_map_libmap_homing_c_source_74c79d708b01_research.md	plan9:59 files	59	232154	12707	ok
group_159_9front_sources_os_plan9_9front_sys_src_cmd_jpg_readbmp_c_sources_os__40b5e9feb3d1	GROUP	Docs/researches/groups/group_159_9front_sources_os_plan9_9front_sys_src_cmd_jpg_readbmp_c_sources_os__40b5e9feb3d1_research.md	9front:31 files	31	258922	13364	ok
group_15_9front_sources_os_plan9_9front_sys_src_9_pc_hcwAMC_h_sources_os_plan9_aee566cd0448	GROUP	Docs/researches/groups/group_15_9front_sources_os_plan9_9front_sys_src_9_pc_hcwAMC_h_sources_os_plan9_aee566cd0448_research.md	9front:11 files	11	243310	5604	ok
group_1600_plan9_sources_os_plan9_plan9_sys_src_cmd_ndb_cs_c_sources_os_plan9__5a2d9375aa57	GROUP	Docs/researches/groups/group_1600_plan9_sources_os_plan9_plan9_sys_src_cmd_ndb_cs_c_sources_os_plan9__5a2d9375aa57_research.md	plan9:22 files	22	235931	11955	ok
group_1601_plan9_sources_os_plan9_plan9_sys_src_cmd_nfs_c_sources_os_plan9_pla_8900a727e825	GROUP	Docs/researches/groups/group_1601_plan9_sources_os_plan9_plan9_sys_src_cmd_nfs_c_sources_os_plan9_pla_8900a727e825_research.md	plan9:39 files	39	260102	13138	ok
group_1602_plan9_sources_os_plan9_plan9_sys_src_cmd_pic_symtab_c_sources_os_pl_825ce902db83	GROUP	Docs/researches/groups/group_1602_plan9_sources_os_plan9_plan9_sys_src_cmd_pic_symtab_c_sources_os_pl_825ce902db83_research.md	plan9:78 files	78	250633	11126	ok
group_1603_plan9_sources_os_plan9_plan9_sys_src_cmd_postscript_postdaisy_Opost_16b96132b4ba	GROUP	Docs/researches/groups/group_1603_plan9_sources_os_plan9_plan9_sys_src_cmd_postscript_postdaisy_Opost_16b96132b4ba_research.md	plan9:21 files	21	260033	9702	ok
group_1604_plan9_sources_os_plan9_plan9_sys_src_cmd_postscript_posttek_posttek_ad8a9b301ec0	GROUP	Docs/researches/groups/group_1604_plan9_sources_os_plan9_plan9_sys_src_cmd_postscript_posttek_posttek_ad8a9b301ec0_research.md	plan9:36 files	36	262092	12749	ok
group_1605_plan9_sources_os_plan9_plan9_sys_src_cmd_qc_list_c_sources_os_plan9_e323a4f55333	GROUP	Docs/researches/groups/group_1605_plan9_sources_os_plan9_plan9_sys_src_cmd_qc_list_c_sources_os_plan9_e323a4f55333_research.md	plan9:27 files	27	262003	14503	ok
group_1606_plan9_sources_os_plan9_plan9_sys_src_cmd_ql_l_h_sources_os_plan9_pl_39e659489330	GROUP	Docs/researches/groups/group_1606_plan9_sources_os_plan9_plan9_sys_src_cmd_ql_l_h_sources_os_plan9_pl_39e659489330_research.md	plan9:37 files	37	258034	13928	ok
group_1607_plan9_sources_os_plan9_plan9_sys_src_cmd_rc_unix_c_sources_os_plan9_70127918ca1f	GROUP	Docs/researches/groups/group_1607_plan9_sources_os_plan9_plan9_sys_src_cmd_rc_unix_c_sources_os_plan9_70127918ca1f_research.md	plan9:39 files	39	257347	14123	ok
group_1608_plan9_sources_os_plan9_plan9_sys_src_cmd_sam_mesg_c_sources_os_plan_ec993ac38a54	GROUP	Docs/researches/groups/group_1608_plan9_sources_os_plan9_plan9_sys_src_cmd_sam_mesg_c_sources_os_plan_ec993ac38a54_research.md	plan9:43 files	43	259259	14092	ok
group_1609_plan9_sources_os_plan9_plan9_sys_src_cmd_screenlock_c_sources_os_pl_96f47a5e2deb	GROUP	Docs/researches/groups/group_1609_plan9_sources_os_plan9_plan9_sys_src_cmd_screenlock_c_sources_os_pl_96f47a5e2deb_research.md	plan9:29 files	29	254233	12982	ok
group_160_9front_sources_os_plan9_9front_sys_src_cmd_ka_lex_c_sources_os_plan9_4a8db937a0f2	GROUP	Docs/researches/groups/group_160_9front_sources_os_plan9_9front_sys_src_cmd_ka_lex_c_sources_os_plan9_4a8db937a0f2_research.md	9front:29 files	29	248268	14676	ok
group_1610_plan9_sources_os_plan9_plan9_sys_src_cmd_spin_mesg_c_sources_os_pla_3db3805c1bb8	GROUP	Docs/researches/groups/group_1610_plan9_sources_os_plan9_plan9_sys_src_cmd_spin_mesg_c_sources_os_pla_3db3805c1bb8_research.md	plan9:3 files	3	255362	9612	ok
group_1611_plan9_sources_os_plan9_plan9_sys_src_cmd_spin_pangen2_c_sources_os__2b7a04fdd9cf	GROUP	Docs/researches/groups/group_1611_plan9_sources_os_plan9_plan9_sys_src_cmd_spin_pangen2_c_sources_os__2b7a04fdd9cf_research.md	plan9:9 files	9	257634	10659	ok
group_1612_plan9_sources_os_plan9_plan9_sys_src_cmd_spin_pangen6_h_sources_os__c33406f83024	GROUP	Docs/researches/groups/group_1612_plan9_sources_os_plan9_plan9_sys_src_cmd_spin_pangen6_h_sources_os__c33406f83024_research.md	plan9:11 files	11	259754	10081	ok
group_1613_plan9_sources_os_plan9_plan9_sys_src_cmd_spin_sym_c_sources_os_plan_0e9f9a4a178a	GROUP	Docs/researches/groups/group_1613_plan9_sources_os_plan9_plan9_sys_src_cmd_spin_sym_c_sources_os_plan_0e9f9a4a178a_research.md	plan9:46 files	46	241846	12928	ok
group_1614_plan9_sources_os_plan9_plan9_sys_src_cmd_ssh2_dh_c_sources_os_plan9_340785052453	GROUP	Docs/researches/groups/group_1614_plan9_sources_os_plan9_plan9_sys_src_cmd_ssh2_dh_c_sources_os_plan9_340785052453_research.md	plan9:33 files	33	255918	12530	ok
group_1615_plan9_sources_os_plan9_plan9_sys_src_cmd_tar_c_sources_os_plan9_pla_d763c29e1eb5	GROUP	Docs/researches/groups/group_1615_plan9_sources_os_plan9_plan9_sys_src_cmd_tar_c_sources_os_plan9_pla_d763c29e1eb5_research.md	plan9:49 files	49	261850	8901	ok
group_1616_plan9_sources_os_plan9_plan9_sys_src_cmd_tcs_gb_c_sources_os_plan9__069295c0890b	GROUP	Docs/researches/groups/group_1616_plan9_sources_os_plan9_plan9_sys_src_cmd_tcs_gb_c_sources_os_plan9__069295c0890b_research.md	plan9:2 files	2	62890	1111	ok
group_1617_plan9_sources_os_plan9_plan9_sys_src_cmd_tcs_gbk_c_sources_os_plan9_dea00396f436	GROUP	Docs/researches/groups/group_1617_plan9_sources_os_plan9_plan9_sys_src_cmd_tcs_gbk_c_sources_os_plan9_dea00396f436_research.md	plan9:5 files	5	234949	4634	ok
group_1618_plan9_sources_os_plan9_plan9_sys_src_cmd_tcs_ksc_c_sources_os_plan9_fe660f6043b3	GROUP	Docs/researches/groups/group_1618_plan9_sources_os_plan9_plan9_sys_src_cmd_tcs_ksc_c_sources_os_plan9_fe660f6043b3_research.md	plan9:9 files	9	252173	4090	ok
group_1619_plan9_sources_os_plan9_plan9_sys_src_cmd_tcs_tcs_c_sources_os_plan9_b9650b8b6b5e	GROUP	Docs/researches/groups/group_1619_plan9_sources_os_plan9_plan9_sys_src_cmd_tcs_tcs_c_sources_os_plan9_b9650b8b6b5e_research.md	plan9:31 files	31	254105	13754	ok
group_161_9front_sources_os_plan9_9front_sys_src_cmd_kl_obj_c_sources_os_plan9_77571f0b98fe	GROUP	Docs/researches/groups/group_161_9front_sources_os_plan9_9front_sys_src_cmd_kl_obj_c_sources_os_plan9_77571f0b98fe_research.md	9front:68 files	68	257787	13393	ok
group_1620_plan9_sources_os_plan9_plan9_sys_src_cmd_troff_suftab_c_sources_os__296380eaf213	GROUP	Docs/researches/groups/group_1620_plan9_sources_os_plan9_plan9_sys_src_cmd_troff_suftab_c_sources_os__296380eaf213_research.md	plan9:30 files	30	258075	12135	ok
group_1621_plan9_sources_os_plan9_plan9_sys_src_cmd_unix_drawterm_gui_osx_keyc_1ef8fae701a9	GROUP	Docs/researches/groups/group_1621_plan9_sources_os_plan9_plan9_sys_src_cmd_unix_drawterm_gui_osx_keyc_1ef8fae701a9_research.md	plan9:42 files	42	262094	9608	ok
group_1622_plan9_sources_os_plan9_plan9_sys_src_cmd_unix_drawterm_kern_devaudi_3110505fd2fa	GROUP	Docs/researches/groups/group_1622_plan9_sources_os_plan9_plan9_sys_src_cmd_unix_drawterm_kern_devaudi_3110505fd2fa_research.md	plan9:25 files	25	261260	14200	ok
group_1623_plan9_sources_os_plan9_plan9_sys_src_cmd_unix_drawterm_kern_pgrp_c__801b18669a3f	GROUP	Docs/researches/groups/group_1623_plan9_sources_os_plan9_plan9_sys_src_cmd_unix_drawterm_kern_pgrp_c__801b18669a3f_research.md	plan9:146 files	146	261224	14986	ok
group_1624_plan9_sources_os_plan9_plan9_sys_src_cmd_unix_drawterm_libdraw_allo_3f8b7851d1d0	GROUP	Docs/researches/groups/group_1624_plan9_sources_os_plan9_plan9_sys_src_cmd_unix_drawterm_libdraw_allo_3f8b7851d1d0_research.md	plan9:75 files	75	261608	11155	ok
group_1625_plan9_sources_os_plan9_plan9_sys_src_cmd_unix_drawterm_libmp_mptobe_b54d0162d649	GROUP	Docs/researches/groups/group_1625_plan9_sources_os_plan9_plan9_sys_src_cmd_unix_drawterm_libmp_mptobe_b54d0162d649_research.md	plan9:68 files	68	247744	8458	ok
group_1626_plan9_sources_os_plan9_plan9_sys_src_cmd_unix_drawterm_libsec_tlsha_2f78aa0ceca4	GROUP	Docs/researches/groups/group_1626_plan9_sources_os_plan9_plan9_sys_src_cmd_unix_drawterm_libsec_tlsha_2f78aa0ceca4_research.md	plan9:54 files	54	260415	11527	ok
group_1627_plan9_sources_os_plan9_plan9_sys_src_cmd_unix_u9fs_des_c_sources_os_894ef362737b	GROUP	Docs/researches/groups/group_1627_plan9_sources_os_plan9_plan9_sys_src_cmd_unix_u9fs_des_c_sources_os_894ef362737b_research.md	plan9:59 files	59	239723	13300	ok
group_1628_plan9_sources_os_plan9_plan9_sys_src_cmd_upas_fs_mbox_c_sources_os__60d82c8012ea	GROUP	Docs/researches/groups/group_1628_plan9_sources_os_plan9_plan9_sys_src_cmd_upas_fs_mbox_c_sources_os__60d82c8012ea_research.md	plan9:41 files	41	260008	14096	ok
group_1629_plan9_sources_os_plan9_plan9_sys_src_cmd_upas_send_send_h_sources_o_bd9588fd6c6b	GROUP	Docs/researches/groups/group_1629_plan9_sources_os_plan9_plan9_sys_src_cmd_upas_send_send_h_sources_o_bd9588fd6c6b_research.md	plan9:30 files	30	247260	12112	ok
group_162_9front_sources_os_plan9_9front_sys_src_cmd_map_map_c_sources_os_plan_8af000ea1769	GROUP	Docs/researches/groups/group_162_9front_sources_os_plan9_9front_sys_src_cmd_map_map_c_sources_os_plan_8af000ea1769_research.md	9front:67 files	67	245354	11573	ok
group_1630_plan9_sources_os_plan9_plan9_sys_src_cmd_usb_ether_ether_c_sources__10d4b9bba0fa	GROUP	Docs/researches/groups/group_1630_plan9_sources_os_plan9_plan9_sys_src_cmd_usb_ether_ether_c_sources__10d4b9bba0fa_research.md	plan9:41 files	41	256313	13053	ok
group_1631_plan9_sources_os_plan9_plan9_sys_src_cmd_vac_file_c_sources_os_plan_757976ab6659	GROUP	Docs/researches/groups/group_1631_plan9_sources_os_plan9_plan9_sys_src_cmd_vac_file_c_sources_os_plan_757976ab6659_research.md	plan9:33 files	33	258695	14714	ok
group_1632_plan9_sources_os_plan9_plan9_sys_src_cmd_venti_srv_buildindex_c_sou_3d4e26e157da	GROUP	Docs/researches/groups/group_1632_plan9_sources_os_plan9_plan9_sys_src_cmd_venti_srv_buildindex_c_sou_3d4e26e157da_research.md	plan9:27 files	27	258714	12065	ok
group_1633_plan9_sources_os_plan9_plan9_sys_src_cmd_venti_srv_lump_c_sources_o_314f309ea2b2	GROUP	Docs/researches/groups/group_1633_plan9_sources_os_plan9_plan9_sys_src_cmd_venti_srv_lump_c_sources_o_314f309ea2b2_research.md	plan9:59 files	59	256060	13623	ok
group_1634_plan9_sources_os_plan9_plan9_sys_src_cmd_vl_noop_c_sources_os_plan9_0e79610f1115	GROUP	Docs/researches/groups/group_1634_plan9_sources_os_plan9_plan9_sys_src_cmd_vl_noop_c_sources_os_plan9_0e79610f1115_research.md	plan9:32 files	32	261126	14193	ok
group_1635_plan9_sources_os_plan9_plan9_sys_src_cmd_vnc_vnc_h_sources_os_plan9_0d69fbea73b9	GROUP	Docs/researches/groups/group_1635_plan9_sources_os_plan9_plan9_sys_src_cmd_vnc_vnc_h_sources_os_plan9_0d69fbea73b9_research.md	plan9:44 files	44	257619	14187	ok
group_1636_plan9_sources_os_plan9_plan9_sys_src_cmd_yacc_c_sources_os_plan9_pl_838cc63b477c	GROUP	Docs/researches/groups/group_1636_plan9_sources_os_plan9_plan9_sys_src_cmd_yacc_c_sources_os_plan9_pl_838cc63b477c_research.md	plan9:18 files	18	102041	5469	ok
group_1637_qemu_sources_virtualization_qemu_block_accounting_c_sources_virtual_2fadc37f64a7	GROUP	Docs/researches/groups/group_1637_qemu_sources_virtualization_qemu_block_accounting_c_sources_virtual_2fadc37f64a7_research.md	qemu:14 files	14	258729	8887	ok
group_1638_qemu_sources_virtualization_qemu_block_cloop_c_sources_virtualizati_3befcb40d5cd	GROUP	Docs/researches/groups/group_1638_qemu_sources_virtualization_qemu_block_cloop_c_sources_virtualizati_3befcb40d5cd_research.md	qemu:19 files	19	257875	8495	ok
group_1639_qemu_sources_virtualization_qemu_block_export_vduse_blk_c_sources_v_68fb39b593d7	GROUP	Docs/researches/groups/group_1639_qemu_sources_virtualization_qemu_block_export_vduse_blk_c_sources_v_68fb39b593d7_research.md	qemu:10 files	10	215118	7276	ok
group_163_9front_sources_os_plan9_9front_sys_src_cmd_mothra_mothra_c_sources_o_3d656058129b	GROUP	Docs/researches/groups/group_163_9front_sources_os_plan9_9front_sys_src_cmd_mothra_mothra_c_sources_o_3d656058129b_research.md	9front:16 files	16	233439	12744	ok
group_1640_qemu_sources_virtualization_qemu_block_io_c_sources_virtualization__4e1576042746	GROUP	Docs/researches/groups/group_1640_qemu_sources_virtualization_qemu_block_io_c_sources_virtualization__4e1576042746_research.md	qemu:6 files	6	230540	7401	ok
group_1641_qemu_sources_virtualization_qemu_block_mirror_c_sources_virtualizat_f4b81b17bda9	GROUP	Docs/researches/groups/group_1641_qemu_sources_virtualization_qemu_block_mirror_c_sources_virtualizat_f4b81b17bda9_research.md	qemu:7 files	7	223665	7069	ok
group_1642_qemu_sources_virtualization_qemu_block_nvme_c_sources_virtualizatio_e0de11432c0e	GROUP	Docs/researches/groups/group_1642_qemu_sources_virtualization_qemu_block_nvme_c_sources_virtualizatio_e0de11432c0e_research.md	qemu:9 files	9	222255	7160	ok
group_1643_qemu_sources_virtualization_qemu_block_qcow2_bitmap_c_sources_virtu_46f419d820a7	GROUP	Docs/researches/groups/group_1643_qemu_sources_virtualization_qemu_block_qcow2_bitmap_c_sources_virtu_46f419d820a7_research.md	qemu:3 files	3	155240	4875	ok
group_1644_qemu_sources_virtualization_qemu_block_qcow2_refcount_c_sources_vir_ee0c5c3939d4	GROUP	Docs/researches/groups/group_1644_qemu_sources_virtualization_qemu_block_qcow2_refcount_c_sources_vir_ee0c5c3939d4_research.md	qemu:3 files	3	181944	5370	ok
group_1645_qemu_sources_virtualization_qemu_block_qcow2_c_sources_virtualizati_d536b04a9862	GROUP	Docs/researches/groups/group_1645_qemu_sources_virtualization_qemu_block_qcow2_c_sources_virtualizati_d536b04a9862_research.md	qemu:2 files	2	255821	7458	ok
group_1646_qemu_sources_virtualization_qemu_block_qed_check_c_sources_virtuali_ba1e6390a8ac	GROUP	Docs/researches/groups/group_1646_qemu_sources_virtualization_qemu_block_qed_check_c_sources_virtuali_ba1e6390a8ac_research.md	qemu:13 files	13	252581	8438	ok
group_1647_qemu_sources_virtualization_qemu_block_ssh_c_sources_virtualization_24f895174266	GROUP	Docs/researches/groups/group_1647_qemu_sources_virtualization_qemu_block_ssh_c_sources_virtualization_24f895174266_research.md	qemu:10 files	10	261804	8219	ok
group_1648_qemu_sources_virtualization_qemu_block_vmdk_c_sources_virtualizatio_f3d626abf9a8	GROUP	Docs/researches/groups/group_1648_qemu_sources_virtualization_qemu_block_vmdk_c_sources_virtualizatio_f3d626abf9a8_research.md	qemu:7 files	7	260953	8493	ok
group_1649_qemu_sources_virtualization_qemu_hw_virtio_iothread_vq_mapping_c_so_8599f322515c	GROUP	Docs/researches/groups/group_1649_qemu_sources_virtualization_qemu_hw_virtio_iothread_vq_mapping_c_so_8599f322515c_research.md	qemu:38 files	38	256838	8406	ok
group_164_9front_sources_os_plan9_9front_sys_src_cmd_ndb_dn_c_sources_os_plan9_0daba19be96e	GROUP	Docs/researches/groups/group_164_9front_sources_os_plan9_9front_sys_src_cmd_ndb_dn_c_sources_os_plan9_0daba19be96e_research.md	9front:27 files	27	254241	13279	ok
group_1650_qemu_sources_virtualization_qemu_hw_virtio_vhost_vdpa_c_sources_vir_c4b7fc77f3bb	GROUP	Docs/researches/groups/group_1650_qemu_sources_virtualization_qemu_hw_virtio_vhost_vdpa_c_sources_vir_c4b7fc77f3bb_research.md	qemu:14 files	14	257228	8241	ok
group_1651_qemu_sources_virtualization_qemu_hw_virtio_virtio_hmp_cmds_c_source_cbbfa0154d8a	GROUP	Docs/researches/groups/group_1651_qemu_sources_virtualization_qemu_hw_virtio_virtio_hmp_cmds_c_source_cbbfa0154d8a_research.md	qemu:14 files	14	235642	7560	ok
group_1652_qemu_sources_virtualization_qemu_hw_virtio_virtio_pci_c_sources_vir_5639048e3d16	GROUP	Docs/researches/groups/group_1652_qemu_sources_virtualization_qemu_hw_virtio_virtio_pci_c_sources_vir_5639048e3d16_research.md	qemu:11 files	11	152294	4540	ok
group_1653_qemu_sources_virtualization_qemu_hw_virtio_virtio_c_sources_virtual_a74aa192f493	GROUP	Docs/researches/groups/group_1653_qemu_sources_virtualization_qemu_hw_virtio_virtio_c_sources_virtual_a74aa192f493_research.md	qemu:19 files	19	259939	8804	ok
group_1654_reactos_sources_windows_reactos_drivers_filesystems_CMakeLists_txt__33cddf7fb1f9	GROUP	Docs/researches/groups/group_1654_reactos_sources_windows_reactos_drivers_filesystems_CMakeLists_txt__33cddf7fb1f9_research.md	reactos:6 files	6	161449	4843	ok
group_1655_reactos_sources_windows_reactos_drivers_filesystems_btrfs_btrfs_c_s_a4bee4425544	GROUP	Docs/researches/groups/group_1655_reactos_sources_windows_reactos_drivers_filesystems_btrfs_btrfs_c_s_a4bee4425544_research.md	reactos:2 files	2	227713	7165	ok
group_1656_reactos_sources_windows_reactos_drivers_filesystems_btrfs_btrfs_drv_38a63bdd07fa	GROUP	Docs/researches/groups/group_1656_reactos_sources_windows_reactos_drivers_filesystems_btrfs_btrfs_drv_38a63bdd07fa_research.md	reactos:8 files	8	129380	4141	ok
group_1657_reactos_sources_windows_reactos_drivers_filesystems_btrfs_create_c__3f3e72f177eb	GROUP	Docs/researches/groups/group_1657_reactos_sources_windows_reactos_drivers_filesystems_btrfs_create_c__3f3e72f177eb_research.md	reactos:3 files	3	233741	6584	ok
group_1658_reactos_sources_windows_reactos_drivers_filesystems_btrfs_extent_tr_ed07b7d17eb2	GROUP	Docs/researches/groups/group_1658_reactos_sources_windows_reactos_drivers_filesystems_btrfs_extent_tr_ed07b7d17eb2_research.md	reactos:2 files	2	99183	2871	ok
group_1659_reactos_sources_windows_reactos_drivers_filesystems_btrfs_fileinfo__be2b7d69f192	GROUP	Docs/researches/groups/group_1659_reactos_sources_windows_reactos_drivers_filesystems_btrfs_fileinfo__be2b7d69f192_research.md	reactos:1 files	1	206912	6066	ok
group_165_9front_sources_os_plan9_9front_sys_src_cmd_nusb_cam_ctl_c_sources_os_985a12ca801d	GROUP	Docs/researches/groups/group_165_9front_sources_os_plan9_9front_sys_src_cmd_nusb_cam_ctl_c_sources_os_985a12ca801d_research.md	9front:31 files	31	246950	12255	ok
group_1660_reactos_sources_windows_reactos_drivers_filesystems_btrfs_free_spac_f32ff62e9c23	GROUP	Docs/researches/groups/group_1660_reactos_sources_windows_reactos_drivers_filesystems_btrfs_free_spac_f32ff62e9c23_research.md	reactos:1 files	1	72473	2241	ok
group_1661_reactos_sources_windows_reactos_drivers_filesystems_btrfs_fsctl_c_s_593d51a8fbd3	GROUP	Docs/researches/groups/group_1661_reactos_sources_windows_reactos_drivers_filesystems_btrfs_fsctl_c_s_593d51a8fbd3_research.md	reactos:5 files	5	221483	6766	ok
group_1662_reactos_sources_windows_reactos_drivers_filesystems_btrfs_read_c_so_01c352b1641c	GROUP	Docs/researches/groups/group_1662_reactos_sources_windows_reactos_drivers_filesystems_btrfs_read_c_so_01c352b1641c_research.md	reactos:4 files	4	206136	5367	ok
group_1663_reactos_sources_windows_reactos_drivers_filesystems_btrfs_scrub_c_s_022523d43e3b	GROUP	Docs/researches/groups/group_1663_reactos_sources_windows_reactos_drivers_filesystems_btrfs_scrub_c_s_022523d43e3b_research.md	reactos:3 files	3	210206	5592	ok
group_1664_reactos_sources_windows_reactos_drivers_filesystems_btrfs_send_c_so_f57319fca458	GROUP	Docs/researches/groups/group_1664_reactos_sources_windows_reactos_drivers_filesystems_btrfs_send_c_so_f57319fca458_research.md	reactos:3 files	3	229624	6491	ok
group_1665_reactos_sources_windows_reactos_drivers_filesystems_btrfs_volume_c__9ed53e51c27e	GROUP	Docs/researches/groups/group_1665_reactos_sources_windows_reactos_drivers_filesystems_btrfs_volume_c__9ed53e51c27e_research.md	reactos:5 files	5	254638	7515	ok
group_1666_reactos_sources_windows_reactos_drivers_filesystems_btrfs_xxhash_h__33a0d552c7d4	GROUP	Docs/researches/groups/group_1666_reactos_sources_windows_reactos_drivers_filesystems_btrfs_xxhash_h__33a0d552c7d4_research.md	reactos:17 files	17	256433	6385	ok
group_1667_reactos_sources_windows_reactos_drivers_filesystems_btrfs_zstd_zstd_563be0732ff0	GROUP	Docs/researches/groups/group_1667_reactos_sources_windows_reactos_drivers_filesystems_btrfs_zstd_zstd_563be0732ff0_research.md	reactos:2 files	2	124785	2164	ok
group_1668_reactos_sources_windows_reactos_drivers_filesystems_btrfs_zstd_zstd_7a61306a221e	GROUP	Docs/researches/groups/group_1668_reactos_sources_windows_reactos_drivers_filesystems_btrfs_zstd_zstd_7a61306a221e_research.md	reactos:6 files	6	257572	6063	ok
group_1669_reactos_sources_windows_reactos_drivers_filesystems_btrfs_zstd_zstd_8271b834a599	GROUP	Docs/researches/groups/group_1669_reactos_sources_windows_reactos_drivers_filesystems_btrfs_zstd_zstd_8271b834a599_research.md	reactos:12 files	12	253785	5908	ok
group_166_9front_sources_os_plan9_9front_sys_src_cmd_nusb_serial_ftdi_c_source_71dad81d7ac6	GROUP	Docs/researches/groups/group_166_9front_sources_os_plan9_9front_sys_src_cmd_nusb_serial_ftdi_c_source_71dad81d7ac6_research.md	9front:29 files	29	261531	13498	ok
group_1670_reactos_sources_windows_reactos_drivers_filesystems_btrfs_zstd_zstd_98c580e8958c	GROUP	Docs/researches/groups/group_1670_reactos_sources_windows_reactos_drivers_filesystems_btrfs_zstd_zstd_98c580e8958c_research.md	reactos:13 files	13	240025	6351	ok
group_1671_reactos_sources_windows_reactos_drivers_filesystems_cdfs_cddata_c_s_88575a68ca98	GROUP	Docs/researches/groups/group_1671_reactos_sources_windows_reactos_drivers_filesystems_cdfs_cddata_c_s_88575a68ca98_research.md	reactos:8 files	8	205444	7589	ok
group_1672_reactos_sources_windows_reactos_drivers_filesystems_cdfs_create_c_s_957bd08815f2	GROUP	Docs/researches/groups/group_1672_reactos_sources_windows_reactos_drivers_filesystems_cdfs_create_c_s_957bd08815f2_research.md	reactos:4 files	4	253686	8915	ok
group_1673_reactos_sources_windows_reactos_drivers_filesystems_cdfs_dirsup_c_s_eaf08761a6fd	GROUP	Docs/researches/groups/group_1673_reactos_sources_windows_reactos_drivers_filesystems_cdfs_dirsup_c_s_eaf08761a6fd_research.md	reactos:9 files	9	250485	9854	ok
group_1674_reactos_sources_windows_reactos_drivers_filesystems_cdfs_pathsup_c__0c8254813e12	GROUP	Docs/researches/groups/group_1674_reactos_sources_windows_reactos_drivers_filesystems_cdfs_pathsup_c__0c8254813e12_research.md	reactos:16 files	16	232375	9365	ok
group_1675_reactos_sources_windows_reactos_drivers_filesystems_ext2_inc_ext2fs_007b55df7113	GROUP	Docs/researches/groups/group_1675_reactos_sources_windows_reactos_drivers_filesystems_ext2_inc_ext2fs_007b55df7113_research.md	reactos:31 files	31	246441	8534	ok
group_1676_reactos_sources_windows_reactos_drivers_filesystems_ext2_inc_linux__72f9973db411	GROUP	Docs/researches/groups/group_1676_reactos_sources_windows_reactos_drivers_filesystems_ext2_inc_linux__72f9973db411_research.md	reactos:24 files	24	255100	8086	ok
group_1677_reactos_sources_windows_reactos_drivers_filesystems_ext2_src_devctl_78d52da8c2f4	GROUP	Docs/researches/groups/group_1677_reactos_sources_windows_reactos_drivers_filesystems_ext2_src_devctl_78d52da8c2f4_research.md	reactos:7 files	7	258027	8802	ok
group_1678_reactos_sources_windows_reactos_drivers_filesystems_ext2_src_ext3_i_00314d1d0a5e	GROUP	Docs/researches/groups/group_1678_reactos_sources_windows_reactos_drivers_filesystems_ext2_src_ext3_i_00314d1d0a5e_research.md	reactos:10 files	10	253811	9157	ok
group_1679_reactos_sources_windows_reactos_drivers_filesystems_ext2_src_fsctl__cb30ae7807f0	GROUP	Docs/researches/groups/group_1679_reactos_sources_windows_reactos_drivers_filesystems_ext2_src_fsctl__cb30ae7807f0_research.md	reactos:7 files	7	228513	7833	ok
group_167_9front_sources_os_plan9_9front_sys_src_cmd_pic_main_c_sources_os_pla_46ca8832b9ba	GROUP	Docs/researches/groups/group_167_9front_sources_os_plan9_9front_sys_src_cmd_pic_main_c_sources_os_pla_46ca8832b9ba_research.md	9front:83 files	83	254369	11540	ok
group_1680_reactos_sources_windows_reactos_drivers_filesystems_ext2_src_memory_5cb6449e503c	GROUP	Docs/researches/groups/group_1680_reactos_sources_windows_reactos_drivers_filesystems_ext2_src_memory_5cb6449e503c_research.md	reactos:12 files	12	249898	7411	ok
group_1681_reactos_sources_windows_reactos_drivers_filesystems_ext2_src_nls_nl_b29db67eae4f	GROUP	Docs/researches/groups/group_1681_reactos_sources_windows_reactos_drivers_filesystems_ext2_src_nls_nl_b29db67eae4f_research.md	reactos:16 files	16	259298	5678	ok
group_1682_reactos_sources_windows_reactos_drivers_filesystems_ext2_src_nls_nl_42f8588d3310	GROUP	Docs/researches/groups/group_1682_reactos_sources_windows_reactos_drivers_filesystems_ext2_src_nls_nl_42f8588d3310_research.md	reactos:19 files	19	251321	6952	ok
group_1683_reactos_sources_windows_reactos_drivers_filesystems_fastfat_acchksu_4061df743832	GROUP	Docs/researches/groups/group_1683_reactos_sources_windows_reactos_drivers_filesystems_fastfat_acchksu_4061df743832_research.md	reactos:3 files	3	225901	7733	ok
group_1684_reactos_sources_windows_reactos_drivers_filesystems_fastfat_cleanup_220d68b2ab7a	GROUP	Docs/researches/groups/group_1684_reactos_sources_windows_reactos_drivers_filesystems_fastfat_cleanup_220d68b2ab7a_research.md	reactos:2 files	2	72493	2478	ok
group_1685_reactos_sources_windows_reactos_drivers_filesystems_fastfat_create__e3f6b23de7d8	GROUP	Docs/researches/groups/group_1685_reactos_sources_windows_reactos_drivers_filesystems_fastfat_create__e3f6b23de7d8_research.md	reactos:2 files	2	221307	7376	ok
group_1686_reactos_sources_windows_reactos_drivers_filesystems_fastfat_deviosu_7dca510dd240	GROUP	Docs/researches/groups/group_1686_reactos_sources_windows_reactos_drivers_filesystems_fastfat_deviosu_7dca510dd240_research.md	reactos:3 files	3	261560	9247	ok
group_1687_reactos_sources_windows_reactos_drivers_filesystems_fastfat_dumpsup_8bb827f3eb43	GROUP	Docs/researches/groups/group_1687_reactos_sources_windows_reactos_drivers_filesystems_fastfat_dumpsup_8bb827f3eb43_research.md	reactos:6 files	6	245536	8963	ok
group_1688_reactos_sources_windows_reactos_drivers_filesystems_fastfat_fatinit_4b8e4543e58a	GROUP	Docs/researches/groups/group_1688_reactos_sources_windows_reactos_drivers_filesystems_fastfat_fatinit_4b8e4543e58a_research.md	reactos:4 files	4	145102	5653	ok
group_1689_reactos_sources_windows_reactos_drivers_filesystems_fastfat_fileinf_82b6869ed019	GROUP	Docs/researches/groups/group_1689_reactos_sources_windows_reactos_drivers_filesystems_fastfat_fileinf_82b6869ed019_research.md	reactos:3 files	3	191334	7148	ok
group_168_9front_sources_os_plan9_9front_sys_src_cmd_postscript_postbgi_postbg_4fc808949c76	GROUP	Docs/researches/groups/group_168_9front_sources_os_plan9_9front_sys_src_cmd_postscript_postbgi_postbg_4fc808949c76_research.md	9front:18 files	18	261556	9822	ok
group_1690_reactos_sources_windows_reactos_drivers_filesystems_fastfat_fsctrl__7231b147a3bb	GROUP	Docs/researches/groups/group_1690_reactos_sources_windows_reactos_drivers_filesystems_fastfat_fsctrl__7231b147a3bb_research.md	reactos:4 files	4	254016	9501	ok
group_1691_reactos_sources_windows_reactos_drivers_filesystems_fastfat_namesup_9270a65b42cb	GROUP	Docs/researches/groups/group_1691_reactos_sources_windows_reactos_drivers_filesystems_fastfat_namesup_9270a65b42cb_research.md	reactos:9 files	9	256083	10049	ok
group_1692_reactos_sources_windows_reactos_drivers_filesystems_fastfat_verfysu_9f01ffa4758f	GROUP	Docs/researches/groups/group_1692_reactos_sources_windows_reactos_drivers_filesystems_fastfat_verfysu_9f01ffa4758f_research.md	reactos:17 files	17	259259	8876	ok
group_1693_reactos_sources_windows_reactos_drivers_filesystems_fs_rec_fs_rec_h_b820b72b266b	GROUP	Docs/researches/groups/group_1693_reactos_sources_windows_reactos_drivers_filesystems_fs_rec_fs_rec_h_b820b72b266b_research.md	reactos:22 files	22	175211	5717	ok
group_1694_reactos_sources_windows_reactos_drivers_filesystems_nfs_nfs41_drive_45347d82c10f	GROUP	Docs/researches/groups/group_1694_reactos_sources_windows_reactos_drivers_filesystems_nfs_nfs41_drive_45347d82c10f_research.md	reactos:5 files	5	255470	7521	ok
group_1695_reactos_sources_windows_reactos_drivers_filesystems_npfs_create_c_s_e4e34d3f886b	GROUP	Docs/researches/groups/group_1695_reactos_sources_windows_reactos_drivers_filesystems_npfs_create_c_s_e4e34d3f886b_research.md	reactos:21 files	21	253506	8568	ok
group_1696_reactos_sources_windows_reactos_drivers_filesystems_ntfs_blockdev_c_96f15220edde	GROUP	Docs/researches/groups/group_1696_reactos_sources_windows_reactos_drivers_filesystems_ntfs_blockdev_c_96f15220edde_research.md	reactos:12 files	12	236289	7221	ok
group_1697_reactos_sources_windows_reactos_drivers_filesystems_ntfs_mft_c_sour_9e0b0c31b00f	GROUP	Docs/researches/groups/group_1697_reactos_sources_windows_reactos_drivers_filesystems_ntfs_mft_c_sour_9e0b0c31b00f_research.md	reactos:6 files	6	213687	6236	ok
group_1698_reactos_sources_windows_reactos_drivers_filesystems_udfs_CDRW_cdrw__c31e78c0dede	GROUP	Docs/researches/groups/group_1698_reactos_sources_windows_reactos_drivers_filesystems_udfs_CDRW_cdrw__c31e78c0dede_research.md	reactos:15 files	15	256932	8408	ok
group_1699_reactos_sources_windows_reactos_drivers_filesystems_udfs_Include_en_d917d68286e8	GROUP	Docs/researches/groups/group_1699_reactos_sources_windows_reactos_drivers_filesystems_udfs_Include_en_d917d68286e8_research.md	reactos:11 files	11	183316	6544	ok
group_169_9front_sources_os_plan9_9front_sys_src_cmd_postscript_postmd_postmd__1dd95d4ae7cd	GROUP	Docs/researches/groups/group_169_9front_sources_os_plan9_9front_sys_src_cmd_postscript_postmd_postmd__1dd95d4ae7cd_research.md	9front:39 files	39	261686	11613	ok
group_16_9front_sources_os_plan9_9front_sys_src_9_pc_mmu_c_sources_os_plan9_9f_808245493e62	GROUP	Docs/researches/groups/group_16_9front_sources_os_plan9_9front_sys_src_9_pc_mmu_c_sources_os_plan9_9f_808245493e62_research.md	9front:15 files	15	233926	10699	ok
group_1700_reactos_sources_windows_reactos_drivers_filesystems_udfs_Include_ph_517115795342	GROUP	Docs/researches/groups/group_1700_reactos_sources_windows_reactos_drivers_filesystems_udfs_Include_ph_517115795342_research.md	reactos:13 files	13	254090	6819	ok
group_1701_reactos_sources_windows_reactos_drivers_filesystems_udfs_Include_us_0f0743db97c9	GROUP	Docs/researches/groups/group_1701_reactos_sources_windows_reactos_drivers_filesystems_udfs_Include_us_0f0743db97c9_research.md	reactos:8 files	8	241578	7093	ok
group_1702_reactos_sources_windows_reactos_drivers_filesystems_udfs_create_cpp_0851b7ce57ba	GROUP	Docs/researches/groups/group_1702_reactos_sources_windows_reactos_drivers_filesystems_udfs_create_cpp_0851b7ce57ba_research.md	reactos:8 files	8	230644	6013	ok
group_1703_reactos_sources_windows_reactos_drivers_filesystems_udfs_fastio_cpp_1f2ec4d76684	GROUP	Docs/researches/groups/group_1703_reactos_sources_windows_reactos_drivers_filesystems_udfs_fastio_cpp_1f2ec4d76684_research.md	reactos:5 files	5	260198	7305	ok
group_1704_reactos_sources_windows_reactos_drivers_filesystems_udfs_lockctrl_c_f49871fa7c6e	GROUP	Docs/researches/groups/group_1704_reactos_sources_windows_reactos_drivers_filesystems_udfs_lockctrl_c_f49871fa7c6e_research.md	reactos:10 files	10	238354	7040	ok
group_1705_reactos_sources_windows_reactos_drivers_filesystems_udfs_secursup_c_e5aec281cd00	GROUP	Docs/researches/groups/group_1705_reactos_sources_windows_reactos_drivers_filesystems_udfs_secursup_c_e5aec281cd00_research.md	reactos:10 files	10	194142	6428	ok
group_1706_reactos_sources_windows_reactos_drivers_filesystems_udfs_udf_info_e_e9733a11f921	GROUP	Docs/researches/groups/group_1706_reactos_sources_windows_reactos_drivers_filesystems_udfs_udf_info_e_e9733a11f921_research.md	reactos:3 files	3	255291	6855	ok
group_1707_reactos_sources_windows_reactos_drivers_filesystems_udfs_udf_info_p_d75e1831f052	GROUP	Docs/researches/groups/group_1707_reactos_sources_windows_reactos_drivers_filesystems_udfs_udf_info_p_d75e1831f052_research.md	reactos:5 files	5	68262	1943	ok
group_1708_reactos_sources_windows_reactos_drivers_filesystems_udfs_udf_info_u_4afb5fed0d66	GROUP	Docs/researches/groups/group_1708_reactos_sources_windows_reactos_drivers_filesystems_udfs_udf_info_u_4afb5fed0d66_research.md	reactos:2 files	2	257026	6934	ok
group_1709_reactos_sources_windows_reactos_drivers_filesystems_udfs_udf_info_u_518535401b17	GROUP	Docs/researches/groups/group_1709_reactos_sources_windows_reactos_drivers_filesystems_udfs_udf_info_u_518535401b17_research.md	reactos:15 files	15	254548	7161	ok
group_170_9front_sources_os_plan9_9front_sys_src_cmd_qa_lex_c_sources_os_plan9_1e8fc9333456	GROUP	Docs/researches/groups/group_170_9front_sources_os_plan9_9front_sys_src_cmd_qa_lex_c_sources_os_plan9_1e8fc9333456_research.md	9front:25 files	25	259132	15058	ok
group_1710_reactos_sources_windows_reactos_drivers_filesystems_vfatfs_dir_c_so_4a18a12c7e05	GROUP	Docs/researches/groups/group_1710_reactos_sources_windows_reactos_drivers_filesystems_vfatfs_dir_c_so_4a18a12c7e05_research.md	reactos:9 files	9	233595	7612	ok
group_1711_reactos_sources_windows_reactos_drivers_filesystems_vfatfs_fsctl_c__c9398c9586a6	GROUP	Docs/researches/groups/group_1711_reactos_sources_windows_reactos_drivers_filesystems_vfatfs_fsctl_c__c9398c9586a6_research.md	reactos:15 files	15	237726	7784	ok
group_1712_reactos_sources_windows_reactos_ntoskrnl_io_iomgr_device_c_sources__ead7dee1edf5	GROUP	Docs/researches/groups/group_1712_reactos_sources_windows_reactos_ntoskrnl_io_iomgr_device_c_sources__ead7dee1edf5_research.md	reactos:4 files	4	222799	6908	ok
group_1713_reactos_sources_windows_reactos_ntoskrnl_io_iomgr_file_c_sources_wi_937ae1f4196d	GROUP	Docs/researches/groups/group_1713_reactos_sources_windows_reactos_ntoskrnl_io_iomgr_file_c_sources_wi_937ae1f4196d_research.md	reactos:3 files	3	166358	4886	ok
group_1714_reactos_sources_windows_reactos_ntoskrnl_io_iomgr_iofunc_c_sources__21bc8f593fb4	GROUP	Docs/researches/groups/group_1714_reactos_sources_windows_reactos_ntoskrnl_io_iomgr_iofunc_c_sources__21bc8f593fb4_research.md	reactos:6 files	6	242038	7157	ok
group_1715_reactos_sources_windows_reactos_ntoskrnl_io_iomgr_irp_c_sources_win_1a8710454a7f	GROUP	Docs/researches/groups/group_1715_reactos_sources_windows_reactos_ntoskrnl_io_iomgr_irp_c_sources_win_1a8710454a7f_research.md	reactos:14 files	14	195587	6639	ok
group_1716_reactos_sources_windows_reactos_ntoskrnl_io_pnpmgr_devaction_c_sour_246a5972eef5	GROUP	Docs/researches/groups/group_1716_reactos_sources_windows_reactos_ntoskrnl_io_pnpmgr_devaction_c_sour_246a5972eef5_research.md	reactos:7 files	7	207756	6517	ok
group_1717_reactos_sources_windows_reactos_ntoskrnl_io_pnpmgr_pnpmgr_c_sources_27505e425e0e	GROUP	Docs/researches/groups/group_1717_reactos_sources_windows_reactos_ntoskrnl_io_pnpmgr_pnpmgr_c_sources_27505e425e0e_research.md	reactos:10 files	10	237740	7277	ok
group_1718_reactos_sources_windows_reactos_ntoskrnl_mm_ARM3_expool_c_sources_w_f767cc948cf6	GROUP	Docs/researches/groups/group_1718_reactos_sources_windows_reactos_ntoskrnl_mm_ARM3_expool_c_sources_w_f767cc948cf6_research.md	reactos:7 files	7	198563	6882	ok
group_1719_reactos_sources_windows_reactos_ntoskrnl_mm_ARM3_miarm_h_sources_wi_79e420689f2f	GROUP	Docs/researches/groups/group_1719_reactos_sources_windows_reactos_ntoskrnl_mm_ARM3_miarm_h_sources_wi_79e420689f2f_research.md	reactos:6 files	6	178823	6064	ok
group_171_9front_sources_os_plan9_9front_sys_src_cmd_ql_asm_c_sources_os_plan9_46304f28b300	GROUP	Docs/researches/groups/group_171_9front_sources_os_plan9_9front_sys_src_cmd_ql_asm_c_sources_os_plan9_46304f28b300_research.md	9front:22 files	22	249617	12026	ok
group_1720_reactos_sources_windows_reactos_ntoskrnl_mm_ARM3_pagfault_c_sources_80758fda6cfd	GROUP	Docs/researches/groups/group_1720_reactos_sources_windows_reactos_ntoskrnl_mm_ARM3_pagfault_c_sources_80758fda6cfd_research.md	reactos:4 files	4	230141	7265	ok
group_1721_reactos_sources_windows_reactos_ntoskrnl_mm_ARM3_section_c_sources__aee891090850	GROUP	Docs/researches/groups/group_1721_reactos_sources_windows_reactos_ntoskrnl_mm_ARM3_section_c_sources__aee891090850_research.md	reactos:3 files	3	170481	5370	ok
group_1722_reactos_sources_windows_reactos_ntoskrnl_mm_ARM3_sysldr_c_sources_w_99da860ce79b	GROUP	Docs/researches/groups/group_1722_reactos_sources_windows_reactos_ntoskrnl_mm_ARM3_sysldr_c_sources_w_99da860ce79b_research.md	reactos:3 files	3	162664	5007	ok
group_1723_reactos_sources_windows_reactos_ntoskrnl_mm_ARM3_virtual_c_sources__f9c39afdb8d6	GROUP	Docs/researches/groups/group_1723_reactos_sources_windows_reactos_ntoskrnl_mm_ARM3_virtual_c_sources__f9c39afdb8d6_research.md	reactos:8 files	8	261657	8768	ok
group_1724_reactos_sources_windows_reactos_ntoskrnl_mm_freelist_c_sources_wind_91b2893186bb	GROUP	Docs/researches/groups/group_1724_reactos_sources_windows_reactos_ntoskrnl_mm_freelist_c_sources_wind_91b2893186bb_research.md	reactos:10 files	10	171372	6031	ok
group_1725_reactos_sources_windows_reactos_ntoskrnl_mm_section_c_sources_windo_be23510ad060	GROUP	Docs/researches/groups/group_1725_reactos_sources_windows_reactos_ntoskrnl_mm_section_c_sources_windo_be23510ad060_research.md	reactos:11 files	11	240469	7824	ok
group_1726_reactos_sources_windows_reactos_sdk_lib_fslib_ext2lib_Disk_c_source_1a76d1f3aedd	GROUP	Docs/researches/groups/group_1726_reactos_sources_windows_reactos_sdk_lib_fslib_ext2lib_Disk_c_source_1a76d1f3aedd_research.md	reactos:28 files	28	261071	8592	ok
group_1727_reactos_sources_windows_reactos_sdk_lib_fslib_vfatlib_check_file_h__a69e1b458bf6	GROUP	Docs/researches/groups/group_1727_reactos_sources_windows_reactos_sdk_lib_fslib_vfatlib_check_file_h__a69e1b458bf6_research.md	reactos:20 files	20	145102	4730	ok
group_1728_reiserfsprogs_sources_local_fs_reiserfsprogs_Makefile_am_sources_lo_c43f7c200270	GROUP	Docs/researches/groups/group_1728_reiserfsprogs_sources_local_fs_reiserfsprogs_Makefile_am_sources_lo_c43f7c200270_research.md	reiserfsprogs:18 files	18	254520	9740	ok
group_1729_reiserfsprogs_sources_local_fs_reiserfsprogs_fsck_pass0_c_sources_l_0c82aecdf24c	GROUP	Docs/researches/groups/group_1729_reiserfsprogs_sources_local_fs_reiserfsprogs_fsck_pass0_c_sources_l_0c82aecdf24c_research.md	reiserfsprogs:10 files	10	259381	8911	ok
group_172_9front_sources_os_plan9_9front_sys_src_cmd_rc_exec_c_sources_os_plan_b559240e451d	GROUP	Docs/researches/groups/group_172_9front_sources_os_plan9_9front_sys_src_cmd_rc_exec_c_sources_os_plan_b559240e451d_research.md	9front:47 files	47	254392	13990	ok
group_1730_reiserfsprogs_sources_local_fs_reiserfsprogs_fsck_uobjectid_c_sourc_06ea60e9e2ab	GROUP	Docs/researches/groups/group_1730_reiserfsprogs_sources_local_fs_reiserfsprogs_fsck_uobjectid_c_sourc_06ea60e9e2ab_research.md	reiserfsprogs:21 files	21	251306	8583	ok
group_1731_reiserfsprogs_sources_local_fs_reiserfsprogs_reiserfscore_fix_node__add9a1927ccd	GROUP	Docs/researches/groups/group_1731_reiserfsprogs_sources_local_fs_reiserfsprogs_reiserfscore_fix_node__add9a1927ccd_research.md	reiserfsprogs:9 files	9	231359	7980	ok
group_1732_reiserfsprogs_sources_local_fs_reiserfsprogs_reiserfscore_reiserfsl_dde1b33dc5a9	GROUP	Docs/researches/groups/group_1732_reiserfsprogs_sources_local_fs_reiserfsprogs_reiserfscore_reiserfsl_dde1b33dc5a9_research.md	reiserfsprogs:14 files	14	116727	4239	ok
group_1733_spdk_sources_virtualization_spdk_app_Makefile_sources_virtualizatio_cb2adf41f642	GROUP	Docs/researches/groups/group_1733_spdk_sources_virtualization_spdk_app_Makefile_sources_virtualizatio_cb2adf41f642_research.md	spdk:21 files	21	251413	8928	ok
group_1734_spdk_sources_virtualization_spdk_app_spdk_nvme_perf_perf_c_sources__820ddc52ed8a	GROUP	Docs/researches/groups/group_1734_spdk_sources_virtualization_spdk_app_spdk_nvme_perf_perf_c_sources__820ddc52ed8a_research.md	spdk:13 files	13	246558	8780	ok
group_1735_spdk_sources_virtualization_spdk_lib_accel_accel_c_sources_virtuali_2935464ba8a8	GROUP	Docs/researches/groups/group_1735_spdk_sources_virtualization_spdk_lib_accel_accel_c_sources_virtuali_2935464ba8a8_research.md	spdk:17 files	17	253354	8773	ok
group_1736_spdk_sources_virtualization_spdk_lib_blob_blobstore_h_sources_virtu_9ceabfdd4a86	GROUP	Docs/researches/groups/group_1736_spdk_sources_virtualization_spdk_lib_blob_blobstore_h_sources_virtu_9ceabfdd4a86_research.md	spdk:23 files	23	232857	9190	ok
group_1737_spdk_sources_virtualization_spdk_lib_env_dpdk_pci_c_sources_virtual_bd007c3d6f02	GROUP	Docs/researches/groups/group_1737_spdk_sources_virtualization_spdk_lib_env_dpdk_pci_c_sources_virtual_bd007c3d6f02_research.md	spdk:28 files	28	232524	9002	ok
group_1738_spdk_sources_virtualization_spdk_lib_fsdev_fsdev_c_sources_virtuali_c27ae7728468	GROUP	Docs/researches/groups/group_1738_spdk_sources_virtualization_spdk_lib_fsdev_fsdev_c_sources_virtuali_c27ae7728468_research.md	spdk:26 files	26	260878	10152	ok
group_1739_spdk_sources_virtualization_spdk_lib_ftl_ftl_layout_h_sources_virtu_1c0038683949	GROUP	Docs/researches/groups/group_1739_spdk_sources_virtualization_spdk_lib_ftl_ftl_layout_h_sources_virtu_1c0038683949_research.md	spdk:26 files	26	245272	9574	ok
group_173_9front_sources_os_plan9_9front_sys_src_cmd_rio_wind_c_sources_os_pla_81d764b61987	GROUP	Docs/researches/groups/group_173_9front_sources_os_plan9_9front_sys_src_cmd_rio_wind_c_sources_os_pla_81d764b61987_research.md	9front:38 files	38	259522	14432	ok
group_1740_spdk_sources_virtualization_spdk_lib_ftl_mngt_ftl_mngt_recovery_c_s_939a7de1c7c6	GROUP	Docs/researches/groups/group_1740_spdk_sources_virtualization_spdk_lib_ftl_mngt_ftl_mngt_recovery_c_s_939a7de1c7c6_research.md	spdk:42 files	42	243488	9256	ok
group_1741_spdk_sources_virtualization_spdk_lib_fuse_dispatcher_fuse_dispatche_ec6d590f4240	GROUP	Docs/researches/groups/group_1741_spdk_sources_virtualization_spdk_lib_fuse_dispatcher_fuse_dispatche_ec6d590f4240_research.md	spdk:16 files	16	225012	8676	ok
group_1742_spdk_sources_virtualization_spdk_lib_iscsi_conn_c_sources_virtualiz_e3b2a1afff45	GROUP	Docs/researches/groups/group_1742_spdk_sources_virtualization_spdk_lib_iscsi_conn_c_sources_virtualiz_e3b2a1afff45_research.md	spdk:6 files	6	214782	7935	ok
group_1743_spdk_sources_virtualization_spdk_lib_iscsi_iscsi_rpc_c_sources_virt_805281295c08	GROUP	Docs/researches/groups/group_1743_spdk_sources_virtualization_spdk_lib_iscsi_iscsi_rpc_c_sources_virt_805281295c08_research.md	spdk:18 files	18	251007	9775	ok
group_1744_spdk_sources_virtualization_spdk_lib_jsonrpc_jsonrpc_server_c_sourc_4335ef54636f	GROUP	Docs/researches/groups/group_1744_spdk_sources_virtualization_spdk_lib_jsonrpc_jsonrpc_server_c_sourc_4335ef54636f_research.md	spdk:15 files	15	147714	5830	ok
group_1745_spdk_sources_virtualization_spdk_lib_mlx5_mlx5_ifc_h_sources_virtua_bf1304236a79	GROUP	Docs/researches/groups/group_1745_spdk_sources_virtualization_spdk_lib_mlx5_mlx5_ifc_h_sources_virtua_bf1304236a79_research.md	spdk:12 files	12	242484	9793	ok
group_1746_spdk_sources_virtualization_spdk_lib_nvme_nvme_c_sources_virtualiza_2871a8fb2223	GROUP	Docs/researches/groups/group_1746_spdk_sources_virtualization_spdk_lib_nvme_nvme_c_sources_virtualiza_2871a8fb2223_research.md	spdk:3 files	3	243190	8831	ok
group_1747_spdk_sources_virtualization_spdk_lib_nvme_nvme_ctrlr_cmd_c_sources__580ddf7083ba	GROUP	Docs/researches/groups/group_1747_spdk_sources_virtualization_spdk_lib_nvme_nvme_ctrlr_cmd_c_sources__580ddf7083ba_research.md	spdk:13 files	13	251234	8806	ok
group_1748_spdk_sources_virtualization_spdk_lib_nvme_nvme_opal_c_sources_virtu_eaaeded60ab7	GROUP	Docs/researches/groups/group_1748_spdk_sources_virtualization_spdk_lib_nvme_nvme_opal_c_sources_virtu_eaaeded60ab7_research.md	spdk:8 files	8	237827	8540	ok
group_1749_spdk_sources_virtualization_spdk_lib_nvme_nvme_rdma_c_sources_virtu_1794c35e02c8	GROUP	Docs/researches/groups/group_1749_spdk_sources_virtualization_spdk_lib_nvme_nvme_rdma_c_sources_virtu_1794c35e02c8_research.md	spdk:5 files	5	254487	8588	ok
group_174_9front_sources_os_plan9_9front_sys_src_cmd_samterm_rasp_c_sources_os_721f112f2361	GROUP	Docs/researches/groups/group_174_9front_sources_os_plan9_9front_sys_src_cmd_samterm_rasp_c_sources_os_721f112f2361_research.md	9front:44 files	44	254587	13391	ok
group_1750_spdk_sources_virtualization_spdk_lib_nvme_nvme_vfio_user_c_sources__87199479f0f8	GROUP	Docs/researches/groups/group_1750_spdk_sources_virtualization_spdk_lib_nvme_nvme_vfio_user_c_sources__87199479f0f8_research.md	spdk:6 files	6	261601	8446	ok
group_1751_spdk_sources_virtualization_spdk_lib_nvmf_ctrlr_discovery_c_sources_8e60729ed46a	GROUP	Docs/researches/groups/group_1751_spdk_sources_virtualization_spdk_lib_nvmf_ctrlr_discovery_c_sources_8e60729ed46a_research.md	spdk:5 files	5	239021	8528	ok
group_1752_spdk_sources_virtualization_spdk_lib_nvmf_nvmf_fc_h_sources_virtual_ecd538b9597e	GROUP	Docs/researches/groups/group_1752_spdk_sources_virtualization_spdk_lib_nvmf_nvmf_fc_h_sources_virtual_ecd538b9597e_research.md	spdk:3 files	3	150512	4695	ok
group_1753_spdk_sources_virtualization_spdk_lib_nvmf_rdma_c_sources_virtualiza_2c467703da04	GROUP	Docs/researches/groups/group_1753_spdk_sources_virtualization_spdk_lib_nvmf_rdma_c_sources_virtualiza_2c467703da04_research.md	spdk:2 files	2	180397	5553	ok
group_1754_spdk_sources_virtualization_spdk_lib_nvmf_subsystem_c_062043f671f4	GROUP	Docs/researches/groups/group_1754_spdk_sources_virtualization_spdk_lib_nvmf_subsystem_c_062043f671f4_research.md	spdk:1 files	1	133515	4751	ok
group_1755_spdk_sources_virtualization_spdk_lib_nvmf_tcp_c_sources_virtualizat_9bd3d52896b1	GROUP	Docs/researches/groups/group_1755_spdk_sources_virtualization_spdk_lib_nvmf_tcp_c_sources_virtualizat_9bd3d52896b1_research.md	spdk:3 files	3	164628	5145	ok
group_1756_spdk_sources_virtualization_spdk_lib_nvmf_vfio_user_c_sources_virtu_a9a50a697db4	GROUP	Docs/researches/groups/group_1756_spdk_sources_virtualization_spdk_lib_nvmf_vfio_user_c_sources_virtu_a9a50a697db4_research.md	spdk:17 files	17	224758	8889	ok
group_1757_spdk_sources_virtualization_spdk_lib_scsi_scsi_bdev_c_sources_virtu_23954b8eff53	GROUP	Docs/researches/groups/group_1757_spdk_sources_virtualization_spdk_lib_scsi_scsi_bdev_c_sources_virtu_23954b8eff53_research.md	spdk:13 files	13	249448	9890	ok
group_1758_spdk_sources_virtualization_spdk_lib_trace_trace_c_sources_virtuali_6f8c230f23df	GROUP	Docs/researches/groups/group_1758_spdk_sources_virtualization_spdk_lib_trace_trace_c_sources_virtuali_6f8c230f23df_research.md	spdk:26 files	26	228626	7649	ok
group_1759_spdk_sources_virtualization_spdk_lib_util_dif_c_sources_virtualizat_f2e71dd7011e	GROUP	Docs/researches/groups/group_1759_spdk_sources_virtualization_spdk_lib_util_dif_c_sources_virtualizat_f2e71dd7011e_research.md	spdk:28 files	28	247824	10334	ok
group_175_9front_sources_os_plan9_9front_sys_src_cmd_sort_c_sources_os_plan9_9_bd5087d7757f	GROUP	Docs/researches/groups/group_175_9front_sources_os_plan9_9front_sys_src_cmd_sort_c_sources_os_plan9_9_bd5087d7757f_research.md	9front:11 files	11	212414	9789	ok
group_1760_spdk_sources_virtualization_spdk_lib_vhost_vhost_blk_c_sources_virt_8be8e42a563f	GROUP	Docs/researches/groups/group_1760_spdk_sources_virtualization_spdk_lib_vhost_vhost_blk_c_sources_virt_8be8e42a563f_research.md	spdk:11 files	11	224841	7947	ok
group_1761_spdk_sources_virtualization_spdk_lib_vmd_vmd_c_sources_virtualizati_5e8853371ed9	GROUP	Docs/researches/groups/group_1761_spdk_sources_virtualization_spdk_lib_vmd_vmd_c_sources_virtualizati_5e8853371ed9_research.md	spdk:41 files	41	229446	8351	ok
group_1762_spdk_sources_virtualization_spdk_module_accel_mlx5_accel_mlx5_c_sou_0602c635ddef	GROUP	Docs/researches/groups/group_1762_spdk_sources_virtualization_spdk_module_accel_mlx5_accel_mlx5_c_sou_0602c635ddef_research.md	spdk:21 files	21	259872	8853	ok
group_1763_spdk_sources_virtualization_spdk_module_bdev_error_vbdev_error_c_so_359ab1fc2725	GROUP	Docs/researches/groups/group_1763_spdk_sources_virtualization_spdk_module_bdev_error_vbdev_error_c_so_359ab1fc2725_research.md	spdk:24 files	24	259485	9387	ok
group_1764_spdk_sources_virtualization_spdk_module_bdev_null_bdev_null_c_sourc_f59e8cfeda21	GROUP	Docs/researches/groups/group_1764_spdk_sources_virtualization_spdk_module_bdev_null_bdev_null_c_sourc_f59e8cfeda21_research.md	spdk:23 files	23	253254	8667	ok
group_1765_spdk_sources_virtualization_spdk_module_bdev_ocf_vbdev_ocf_rpc_c_so_166b48209089	GROUP	Docs/researches/groups/group_1765_spdk_sources_virtualization_spdk_module_bdev_ocf_vbdev_ocf_rpc_c_so_166b48209089_research.md	spdk:15 files	15	259148	8979	ok
group_1766_spdk_sources_virtualization_spdk_module_bdev_raid_raid5f_c_sources__429f0ce3fa97	GROUP	Docs/researches/groups/group_1766_spdk_sources_virtualization_spdk_module_bdev_raid_raid5f_c_sources__429f0ce3fa97_research.md	spdk:23 files	23	236532	8873	ok
group_1767_spdk_sources_virtualization_spdk_module_bdev_zone_block_vbdev_zone__7c1e3de253a6	GROUP	Docs/researches/groups/group_1767_spdk_sources_virtualization_spdk_module_bdev_zone_block_vbdev_zone__7c1e3de253a6_research.md	spdk:72 files	72	239354	8914	ok
group_1768_spdk_sources_virtualization_spdk_module_sock_posix_posix_c_sources__57a74c47c6ac	GROUP	Docs/researches/groups/group_1768_spdk_sources_virtualization_spdk_module_sock_posix_posix_c_sources__57a74c47c6ac_research.md	spdk:10 files	10	248206	9248	ok
group_1769_squashfs_tools_sources_local_fs_squashfs_tools_squashfs_tools_Makef_26ed6aba25e3	GROUP	Docs/researches/groups/group_1769_squashfs_tools_sources_local_fs_squashfs_tools_squashfs_tools_Makef_26ed6aba25e3_research.md	squashfs-tools:35 files	35	260394	10315	ok
group_176_9front_sources_os_plan9_9front_sys_src_cmd_spin_pangen1_h_e49deb27e64c	GROUP	Docs/researches/groups/group_176_9front_sources_os_plan9_9front_sys_src_cmd_spin_pangen1_h_e49deb27e64c_research.md	9front:1 files	1	238474	8700	ok
group_1770_squashfs_tools_sources_local_fs_squashfs_tools_squashfs_tools_memor_6ff2159d4212	GROUP	Docs/researches/groups/group_1770_squashfs_tools_sources_local_fs_squashfs_tools_squashfs_tools_memor_6ff2159d4212_research.md	squashfs-tools:30 files	30	249372	8599	ok
group_1771_squashfs_tools_sources_local_fs_squashfs_tools_squashfs_tools_squas_1a238621393b	GROUP	Docs/researches/groups/group_1771_squashfs_tools_sources_local_fs_squashfs_tools_squashfs_tools_squas_1a238621393b_research.md	squashfs-tools:22 files	22	226307	8030	ok
group_1772_squashfs_tools_sources_local_fs_squashfs_tools_squashfs_tools_unsqu_ebfc34a6d1ca	GROUP	Docs/researches/groups/group_1772_squashfs_tools_sources_local_fs_squashfs_tools_squashfs_tools_unsqu_ebfc34a6d1ca_research.md	squashfs-tools:18 files	18	249457	9535	ok
group_1773_squashfs_tools_sources_local_fs_squashfs_tools_squashfs_tools_xz_wr_2e8b80af31b8	GROUP	Docs/researches/groups/group_1773_squashfs_tools_sources_local_fs_squashfs_tools_squashfs_tools_xz_wr_2e8b80af31b8_research.md	squashfs-tools:3 files	3	26462	1016	ok
group_1774_stratis_cli_sources_block_storage_stratis_cli_src_stratis_cli_init__64f491d15ddd	GROUP	Docs/researches/groups/group_1774_stratis_cli_sources_block_storage_stratis_cli_src_stratis_cli_init__64f491d15ddd_research.md	stratis-cli:33 files	33	245982	7450	ok
group_1775_stratis_cli_sources_block_storage_stratis_cli_src_stratis_cli_parse_3911999e3321	GROUP	Docs/researches/groups/group_1775_stratis_cli_sources_block_storage_stratis_cli_src_stratis_cli_parse_3911999e3321_research.md	stratis-cli:4 files	4	30741	969	ok
group_1776_stratisd_sources_block_storage_stratisd_src_bin_stratis_min_stratis_6190958a2dfb	GROUP	Docs/researches/groups/group_1776_stratisd_sources_block_storage_stratisd_src_bin_stratis_min_stratis_6190958a2dfb_research.md	stratisd:60 files	60	258817	8166	ok
group_1777_stratisd_sources_block_storage_stratisd_src_dbus_manager_manager_3__1a76f44f7b8d	GROUP	Docs/researches/groups/group_1777_stratisd_sources_block_storage_stratisd_src_dbus_manager_manager_3__1a76f44f7b8d_research.md	stratisd:43 files	43	261998	8372	ok
group_1778_stratisd_sources_block_storage_stratisd_src_dbus_pool_pool_3_8_prop_53f2b2d5cba8	GROUP	Docs/researches/groups/group_1778_stratisd_sources_block_storage_stratisd_src_dbus_pool_pool_3_8_prop_53f2b2d5cba8_research.md	stratisd:20 files	20	230674	7392	ok
group_1779_stratisd_sources_block_storage_stratisd_src_engine_strat_engine_bac_8328b7949cdd	GROUP	Docs/researches/groups/group_1779_stratisd_sources_block_storage_stratisd_src_engine_strat_engine_bac_8328b7949cdd_research.md	stratisd:8 files	8	233604	6770	ok
group_177_9front_sources_os_plan9_9front_sys_src_cmd_spin_pangen2_c_sources_os_e8b832d3fcbe	GROUP	Docs/researches/groups/group_177_9front_sources_os_plan9_9front_sys_src_cmd_spin_pangen2_c_sources_os_e8b832d3fcbe_research.md	9front:8 files	8	232055	9081	ok
group_1780_stratisd_sources_block_storage_stratisd_src_engine_strat_engine_bac_385f38914b39	GROUP	Docs/researches/groups/group_1780_stratisd_sources_block_storage_stratisd_src_engine_strat_engine_bac_385f38914b39_research.md	stratisd:11 files	11	229116	6520	ok
group_1781_stratisd_sources_block_storage_stratisd_src_engine_strat_engine_cry_a3c7098c85be	GROUP	Docs/researches/groups/group_1781_stratisd_sources_block_storage_stratisd_src_engine_strat_engine_cry_a3c7098c85be_research.md	stratisd:10 files	10	247621	6790	ok
group_1782_stratisd_sources_block_storage_stratisd_src_engine_strat_engine_lim_403b35ebdccf	GROUP	Docs/researches/groups/group_1782_stratisd_sources_block_storage_stratisd_src_engine_strat_engine_lim_403b35ebdccf_research.md	stratisd:13 files	13	221699	6385	ok
group_1783_stratisd_sources_block_storage_stratisd_src_engine_strat_engine_poo_5d26a98ce6da	GROUP	Docs/researches/groups/group_1783_stratisd_sources_block_storage_stratisd_src_engine_strat_engine_poo_5d26a98ce6da_research.md	stratisd:14 files	14	167407	4818	ok
group_1784_stratisd_sources_block_storage_stratisd_src_engine_strat_engine_thi_2aa4c90e2615	GROUP	Docs/researches/groups/group_1784_stratisd_sources_block_storage_stratisd_src_engine_strat_engine_thi_2aa4c90e2615_research.md	stratisd:6 files	6	239871	6932	ok
group_1785_stratisd_sources_block_storage_stratisd_src_engine_types_actions_rs_3552283aeda8	GROUP	Docs/researches/groups/group_1785_stratisd_sources_block_storage_stratisd_src_engine_types_actions_rs_3552283aeda8_research.md	stratisd:37 files	37	179977	5642	ok
group_1786_thin_provisioning_tools_sources_block_storage_thin_provisioning_too_0e2675da52b2	GROUP	Docs/researches/groups/group_1786_thin_provisioning_tools_sources_block_storage_thin_provisioning_too_0e2675da52b2_research.md	thin-provisioning-tools:55 files	55	260940	8360	ok
group_1787_thin_provisioning_tools_sources_block_storage_thin_provisioning_too_27f95b0eaf7b	GROUP	Docs/researches/groups/group_1787_thin_provisioning_tools_sources_block_storage_thin_provisioning_too_27f95b0eaf7b_research.md	thin-provisioning-tools:50 files	50	257926	8923	ok
group_1788_thin_provisioning_tools_sources_block_storage_thin_provisioning_too_8875e755aa7d	GROUP	Docs/researches/groups/group_1788_thin_provisioning_tools_sources_block_storage_thin_provisioning_too_8875e755aa7d_research.md	thin-provisioning-tools:33 files	33	260153	8904	ok
group_1789_thin_provisioning_tools_sources_block_storage_thin_provisioning_too_f90073bed794	GROUP	Docs/researches/groups/group_1789_thin_provisioning_tools_sources_block_storage_thin_provisioning_too_f90073bed794_research.md	thin-provisioning-tools:30 files	30	258879	8966	ok
group_178_9front_sources_os_plan9_9front_sys_src_cmd_spin_pangen6_c_sources_os_224e4f013702	GROUP	Docs/researches/groups/group_178_9front_sources_os_plan9_9front_sys_src_cmd_spin_pangen6_c_sources_os_224e4f013702_research.md	9front:7 files	7	256309	9791	ok
group_1790_thin_provisioning_tools_sources_block_storage_thin_provisioning_too_c7dd3b5d3d30	GROUP	Docs/researches/groups/group_1790_thin_provisioning_tools_sources_block_storage_thin_provisioning_too_c7dd3b5d3d30_research.md	thin-provisioning-tools:16 files	16	72349	2519	ok
group_1791_udftools_sources_local_fs_udftools_travis_yml_sources_local_fs_udft_45cb08bbbc76	GROUP	Docs/researches/groups/group_1791_udftools_sources_local_fs_udftools_travis_yml_sources_local_fs_udft_45cb08bbbc76_research.md	udftools:25 files	25	225265	8068	ok
group_1792_udftools_sources_local_fs_udftools_mkudffs_mkudffs_c_sources_local__f32e6ffd1e13	GROUP	Docs/researches/groups/group_1792_udftools_sources_local_fs_udftools_mkudffs_mkudffs_c_sources_local__f32e6ffd1e13_research.md	udftools:22 files	22	261964	8587	ok
group_1793_udftools_sources_local_fs_udftools_wrudf_ide_pc_h_sources_local_fs__0f20e0254f06	GROUP	Docs/researches/groups/group_1793_udftools_sources_local_fs_udftools_wrudf_ide_pc_h_sources_local_fs__0f20e0254f06_research.md	udftools:7 files	7	111152	4076	ok
group_1794_util_linux_sources_block_storage_util_linux_libblkid_Makemodule_am__56d774817577	GROUP	Docs/researches/groups/group_1794_util_linux_sources_block_storage_util_linux_libblkid_Makemodule_am__56d774817577_research.md	util-linux:37 files	37	231757	8936	ok
group_1795_util_linux_sources_block_storage_util_linux_libblkid_src_probe_c_so_2b491cdf7161	GROUP	Docs/researches/groups/group_1795_util_linux_sources_block_storage_util_linux_libblkid_src_probe_c_so_2b491cdf7161_research.md	util-linux:38 files	38	261016	9928	ok
group_1796_util_linux_sources_block_storage_util_linux_libblkid_src_superblock_ef770f82cd49	GROUP	Docs/researches/groups/group_1796_util_linux_sources_block_storage_util_linux_libblkid_src_superblock_ef770f82cd49_research.md	util-linux:45 files	45	247094	9082	ok
group_1797_util_linux_sources_block_storage_util_linux_libmount_python_fs_c_so_371e45641c13	GROUP	Docs/researches/groups/group_1797_util_linux_sources_block_storage_util_linux_libmount_python_fs_c_so_371e45641c13_research.md	util-linux:17 files	17	254751	9960	ok
group_1798_util_linux_sources_block_storage_util_linux_libmount_src_context_um_8f78307cda7b	GROUP	Docs/researches/groups/group_1798_util_linux_sources_block_storage_util_linux_libmount_src_context_um_8f78307cda7b_research.md	util-linux:18 files	18	252520	9881	ok
group_1799_util_linux_sources_block_storage_util_linux_libmount_src_monitor_c__41f69134c497	GROUP	Docs/researches/groups/group_1799_util_linux_sources_block_storage_util_linux_libmount_src_monitor_c__41f69134c497_research.md	util-linux:13 files	13	249438	10024	ok
group_179_9front_sources_os_plan9_9front_sys_src_cmd_spin_run_c_sources_os_pla_d67c44bf1e90	GROUP	Docs/researches/groups/group_179_9front_sources_os_plan9_9front_sys_src_cmd_spin_run_c_sources_os_pla_d67c44bf1e90_research.md	9front:27 files	27	262020	12438	ok
group_17_9front_sources_os_plan9_9front_sys_src_9_pc_sdide_c_sources_os_plan9__bea5132d9a58	GROUP	Docs/researches/groups/group_17_9front_sources_os_plan9_9front_sys_src_9_pc_sdide_c_sources_os_plan9__bea5132d9a58_research.md	9front:14 files	14	258622	12622	ok
group_1800_util_linux_sources_block_storage_util_linux_libmount_src_tab_update_0a9d395c1aad	GROUP	Docs/researches/groups/group_1800_util_linux_sources_block_storage_util_linux_libmount_src_tab_update_0a9d395c1aad_research.md	util-linux:15 files	15	254697	10137	ok
group_1801_util_linux_sources_block_storage_util_linux_sys_utils_flock_c_sourc_e97fcd4c4c01	GROUP	Docs/researches/groups/group_1801_util_linux_sources_block_storage_util_linux_sys_utils_flock_c_sourc_e97fcd4c4c01_research.md	util-linux:18 files	18	251894	9618	ok
group_1802_util_linux_sources_block_storage_util_linux_sys_utils_ldattach_c_so_43d7986ce8d6	GROUP	Docs/researches/groups/group_1802_util_linux_sources_block_storage_util_linux_sys_utils_ldattach_c_so_43d7986ce8d6_research.md	util-linux:14 files	14	256739	9791	ok
group_1803_util_linux_sources_block_storage_util_linux_sys_utils_lsns_c_source_a5c05e4a988b	GROUP	Docs/researches/groups/group_1803_util_linux_sources_block_storage_util_linux_sys_utils_lsns_c_source_a5c05e4a988b_research.md	util-linux:18 files	18	259997	10184	ok
group_1804_util_linux_sources_block_storage_util_linux_sys_utils_swapon_common_3ef264fb693e	GROUP	Docs/researches/groups/group_1804_util_linux_sources_block_storage_util_linux_sys_utils_swapon_common_3ef264fb693e_research.md	util-linux:9 files	9	149733	5764	ok
group_1805_vdo_sources_block_storage_vdo_utils_vdo_Makefile_sources_block_stor_65d79fcd2bdb	GROUP	Docs/researches/groups/group_1805_vdo_sources_block_storage_vdo_utils_vdo_Makefile_sources_block_stor_65d79fcd2bdb_research.md	vdo:27 files	27	236507	7799	ok
group_1806_vdo_sources_block_storage_vdo_utils_vdo_vdoStatsWriter_c_sources_bl_c7ef1ae17a39	GROUP	Docs/researches/groups/group_1806_vdo_sources_block_storage_vdo_utils_vdo_vdoStatsWriter_c_sources_bl_c7ef1ae17a39_research.md	vdo:15 files	15	184735	6271	ok
group_1807_virtiofsd_sources_virtualization_virtiofsd_gitlab_ci_yml_sources_vi_56a26ebb7e2f	GROUP	Docs/researches/groups/group_1807_virtiofsd_sources_virtualization_virtiofsd_gitlab_ci_yml_sources_vi_56a26ebb7e2f_research.md	virtiofsd:20 files	20	253747	7074	ok
group_1808_virtiofsd_sources_virtualization_virtiofsd_src_passthrough_device_s_676a0400dcc7	GROUP	Docs/researches/groups/group_1808_virtiofsd_sources_virtualization_virtiofsd_src_passthrough_device_s_676a0400dcc7_research.md	virtiofsd:13 files	13	258961	6933	ok
group_1809_virtiofsd_sources_virtualization_virtiofsd_src_read_dir_rs_sources__9d48c782f68b	GROUP	Docs/researches/groups/group_1809_virtiofsd_sources_virtualization_virtiofsd_src_read_dir_rs_sources__9d48c782f68b_research.md	virtiofsd:9 files	9	161535	4634	ok
group_180_9front_sources_os_plan9_9front_sys_src_cmd_spred_win_c_sources_os_pl_3ed94fabb972	GROUP	Docs/researches/groups/group_180_9front_sources_os_plan9_9front_sys_src_cmd_spred_win_c_sources_os_pl_3ed94fabb972_research.md	9front:36 files	36	257383	13368	ok
group_1810_winbtrfs_sources_windows_winbtrfs_src_balance_c_sources_windows_win_f2f39bcd917a	GROUP	Docs/researches/groups/group_1810_winbtrfs_sources_windows_winbtrfs_src_balance_c_sources_windows_win_f2f39bcd917a_research.md	winbtrfs:4 files	4	159156	4741	ok
group_1811_winbtrfs_sources_windows_winbtrfs_src_btrfs_c_sources_windows_winbt_55c4ca6259ae	GROUP	Docs/researches/groups/group_1811_winbtrfs_sources_windows_winbtrfs_src_btrfs_c_sources_windows_winbt_55c4ca6259ae_research.md	winbtrfs:3 files	3	230570	7273	ok
group_1812_winbtrfs_sources_windows_winbtrfs_src_btrfs_drv_h_sources_windows_w_bc2a71e351ce	GROUP	Docs/researches/groups/group_1812_winbtrfs_sources_windows_winbtrfs_src_btrfs_drv_h_sources_windows_w_bc2a71e351ce_research.md	winbtrfs:10 files	10	131864	4347	ok
group_1813_winbtrfs_sources_windows_winbtrfs_src_create_c_sources_windows_winb_c91a0fced405	GROUP	Docs/researches/groups/group_1813_winbtrfs_sources_windows_winbtrfs_src_create_c_sources_windows_winb_c91a0fced405_research.md	winbtrfs:3 files	3	233283	6572	ok
group_1814_winbtrfs_sources_windows_winbtrfs_src_extent_tree_c_sources_windows_b0be0cfc8e36	GROUP	Docs/researches/groups/group_1814_winbtrfs_sources_windows_winbtrfs_src_extent_tree_c_sources_windows_b0be0cfc8e36_research.md	winbtrfs:2 files	2	99017	2865	ok
group_1815_winbtrfs_sources_windows_winbtrfs_src_fileinfo_c_f59039012616	GROUP	Docs/researches/groups/group_1815_winbtrfs_sources_windows_winbtrfs_src_fileinfo_c_f59039012616_research.md	winbtrfs:1 files	1	209796	6155	ok
group_1816_winbtrfs_sources_windows_winbtrfs_src_free_space_c_8e34c4582156	GROUP	Docs/researches/groups/group_1816_winbtrfs_sources_windows_winbtrfs_src_free_space_c_8e34c4582156_research.md	winbtrfs:1 files	1	72474	2241	ok
group_1817_winbtrfs_sources_windows_winbtrfs_src_fsctl_c_sources_windows_winbt_30674ceba519	GROUP	Docs/researches/groups/group_1817_winbtrfs_sources_windows_winbtrfs_src_fsctl_c_sources_windows_winbt_30674ceba519_research.md	winbtrfs:7 files	7	240558	7267	ok
group_1818_winbtrfs_sources_windows_winbtrfs_src_read_c_sources_windows_winbtr_38ca28147463	GROUP	Docs/researches/groups/group_1818_winbtrfs_sources_windows_winbtrfs_src_read_c_sources_windows_winbtr_38ca28147463_research.md	winbtrfs:4 files	4	206002	5368	ok
group_1819_winbtrfs_sources_windows_winbtrfs_src_scrub_c_sources_windows_winbt_ff499e12d42e	GROUP	Docs/researches/groups/group_1819_winbtrfs_sources_windows_winbtrfs_src_scrub_c_sources_windows_winbt_ff499e12d42e_research.md	winbtrfs:3 files	3	210106	5590	ok
group_181_9front_sources_os_plan9_9front_sys_src_cmd_tbl_t8_c_sources_os_plan9_ef21801fc189	GROUP	Docs/researches/groups/group_181_9front_sources_os_plan9_9front_sys_src_cmd_tbl_t8_c_sources_os_plan9_ef21801fc189_research.md	9front:27 files	27	261506	10663	ok
group_1820_winbtrfs_sources_windows_winbtrfs_src_send_c_sources_windows_winbtr_4d4c175c861c	GROUP	Docs/researches/groups/group_1820_winbtrfs_sources_windows_winbtrfs_src_send_c_sources_windows_winbtr_4d4c175c861c_research.md	winbtrfs:4 files	4	202159	5352	ok
group_1821_winbtrfs_sources_windows_winbtrfs_src_shellext_contextmenu_cpp_sour_94b0080b784b	GROUP	Docs/researches/groups/group_1821_winbtrfs_sources_windows_winbtrfs_src_shellext_contextmenu_cpp_sour_94b0080b784b_research.md	winbtrfs:14 files	14	200344	6066	ok
group_1822_winbtrfs_sources_windows_winbtrfs_src_shellext_recv_cpp_sources_win_6f6d80136f47	GROUP	Docs/researches/groups/group_1822_winbtrfs_sources_windows_winbtrfs_src_shellext_recv_cpp_sources_win_6f6d80136f47_research.md	winbtrfs:11 files	11	232885	6466	ok
group_1823_winbtrfs_sources_windows_winbtrfs_src_tests_create_cpp_sources_wind_b510542faaa6	GROUP	Docs/researches/groups/group_1823_winbtrfs_sources_windows_winbtrfs_src_tests_create_cpp_sources_wind_b510542faaa6_research.md	winbtrfs:6 files	6	246975	6614	ok
group_1824_winbtrfs_sources_windows_winbtrfs_src_tests_links_cpp_sources_windo_46604c725450	GROUP	Docs/researches/groups/group_1824_winbtrfs_sources_windows_winbtrfs_src_tests_links_cpp_sources_windo_46604c725450_research.md	winbtrfs:3 files	3	70265	2071	ok
group_1825_winbtrfs_sources_windows_winbtrfs_src_tests_oplock_cpp_sources_wind_767e1f92e434	GROUP	Docs/researches/groups/group_1825_winbtrfs_sources_windows_winbtrfs_src_tests_oplock_cpp_sources_wind_767e1f92e434_research.md	winbtrfs:2 files	2	198444	5932	ok
group_1826_winbtrfs_sources_windows_winbtrfs_src_tests_rename_cpp_sources_wind_65f14564da94	GROUP	Docs/researches/groups/group_1826_winbtrfs_sources_windows_winbtrfs_src_tests_rename_cpp_sources_wind_65f14564da94_research.md	winbtrfs:6 files	6	246995	6750	ok
group_1827_winbtrfs_sources_windows_winbtrfs_src_tests_test_h_sources_windows__15a154aa9bba	GROUP	Docs/researches/groups/group_1827_winbtrfs_sources_windows_winbtrfs_src_tests_test_h_sources_windows__15a154aa9bba_research.md	winbtrfs:2 files	2	203261	4493	ok
group_1828_winbtrfs_sources_windows_winbtrfs_src_treefuncs_c_sources_windows_w_14a60d20c8e5	GROUP	Docs/researches/groups/group_1828_winbtrfs_sources_windows_winbtrfs_src_treefuncs_c_sources_windows_w_14a60d20c8e5_research.md	winbtrfs:6 files	6	174566	5520	ok
group_1829_winbtrfs_sources_windows_winbtrfs_src_write_c_sources_windows_winbt_2cb890e56dd0	GROUP	Docs/researches/groups/group_1829_winbtrfs_sources_windows_winbtrfs_src_write_c_sources_windows_winbt_2cb890e56dd0_research.md	winbtrfs:4 files	4	183678	5489	ok
group_182_9front_sources_os_plan9_9front_sys_src_cmd_tcs_charsets_xml_sources__5af905bf6953	GROUP	Docs/researches/groups/group_182_9front_sources_os_plan9_9front_sys_src_cmd_tcs_charsets_xml_sources__5af905bf6953_research.md	9front:21 files	21	217795	6037	ok
group_1830_windows_driver_samples_sources_windows_windows_driver_samples_files_38148a531b8e	GROUP	Docs/researches/groups/group_1830_windows_driver_samples_sources_windows_windows_driver_samples_files_38148a531b8e_research.md	windows-driver-samples:10 files	10	242180	8575	ok
group_1831_windows_driver_samples_sources_windows_windows_driver_samples_files_0eaf01af8e95	GROUP	Docs/researches/groups/group_1831_windows_driver_samples_sources_windows_windows_driver_samples_files_0eaf01af8e95_research.md	windows-driver-samples:4 files	4	240972	8353	ok
group_1832_windows_driver_samples_sources_windows_windows_driver_samples_files_2ec59ea431db	GROUP	Docs/researches/groups/group_1832_windows_driver_samples_sources_windows_windows_driver_samples_files_2ec59ea431db_research.md	windows-driver-samples:7 files	7	257224	9396	ok
group_1833_windows_driver_samples_sources_windows_windows_driver_samples_files_6d0baed59b74	GROUP	Docs/researches/groups/group_1833_windows_driver_samples_sources_windows_windows_driver_samples_files_6d0baed59b74_research.md	windows-driver-samples:12 files	12	255292	10008	ok
group_1834_windows_driver_samples_sources_windows_windows_driver_samples_files_ce2d22de869b	GROUP	Docs/researches/groups/group_1834_windows_driver_samples_sources_windows_windows_driver_samples_files_ce2d22de869b_research.md	windows-driver-samples:5 files	5	252807	8495	ok
group_1835_windows_driver_samples_sources_windows_windows_driver_samples_files_2f1de53db798	GROUP	Docs/researches/groups/group_1835_windows_driver_samples_sources_windows_windows_driver_samples_files_2f1de53db798_research.md	windows-driver-samples:2 files	2	75551	2460	ok
group_1836_windows_driver_samples_sources_windows_windows_driver_samples_files_244aa839ce3a	GROUP	Docs/researches/groups/group_1836_windows_driver_samples_sources_windows_windows_driver_samples_files_244aa839ce3a_research.md	windows-driver-samples:2 files	2	227216	7325	ok
group_1837_windows_driver_samples_sources_windows_windows_driver_samples_files_d7fea11706a8	GROUP	Docs/researches/groups/group_1837_windows_driver_samples_sources_windows_windows_driver_samples_files_d7fea11706a8_research.md	windows-driver-samples:2 files	2	159920	5409	ok
group_1838_windows_driver_samples_sources_windows_windows_driver_samples_files_d0abe8083575	GROUP	Docs/researches/groups/group_1838_windows_driver_samples_sources_windows_windows_driver_samples_files_d0abe8083575_research.md	windows-driver-samples:3 files	3	177936	6206	ok
group_1839_windows_driver_samples_sources_windows_windows_driver_samples_files_6fa44745eef7	GROUP	Docs/researches/groups/group_1839_windows_driver_samples_sources_windows_windows_driver_samples_files_6fa44745eef7_research.md	windows-driver-samples:5 files	5	207463	7215	ok
group_183_9front_sources_os_plan9_9front_sys_src_cmd_tcs_gbk_c_sources_os_plan_6e1951daf7a7	GROUP	Docs/researches/groups/group_183_9front_sources_os_plan9_9front_sys_src_cmd_tcs_gbk_c_sources_os_plan_6e1951daf7a7_research.md	9front:3 files	3	224300	4052	ok
group_1840_windows_driver_samples_sources_windows_windows_driver_samples_files_332e52a185df	GROUP	Docs/researches/groups/group_1840_windows_driver_samples_sources_windows_windows_driver_samples_files_332e52a185df_research.md	windows-driver-samples:3 files	3	126827	4829	ok
group_1841_windows_driver_samples_sources_windows_windows_driver_samples_files_f92d4d9e6378	GROUP	Docs/researches/groups/group_1841_windows_driver_samples_sources_windows_windows_driver_samples_files_f92d4d9e6378_research.md	windows-driver-samples:3 files	3	197827	7105	ok
group_1842_windows_driver_samples_sources_windows_windows_driver_samples_files_0db61c92f258	GROUP	Docs/researches/groups/group_1842_windows_driver_samples_sources_windows_windows_driver_samples_files_0db61c92f258_research.md	windows-driver-samples:3 files	3	243927	8665	ok
group_1843_windows_driver_samples_sources_windows_windows_driver_samples_files_c75c9f39abed	GROUP	Docs/researches/groups/group_1843_windows_driver_samples_sources_windows_windows_driver_samples_files_c75c9f39abed_research.md	windows-driver-samples:8 files	8	170672	6444	ok
group_1844_windows_driver_samples_sources_windows_windows_driver_samples_files_06863b4b962a	GROUP	Docs/researches/groups/group_1844_windows_driver_samples_sources_windows_windows_driver_samples_files_06863b4b962a_research.md	windows-driver-samples:5 files	5	208064	8009	ok
group_1845_windows_driver_samples_sources_windows_windows_driver_samples_files_260de7109947	GROUP	Docs/researches/groups/group_1845_windows_driver_samples_sources_windows_windows_driver_samples_files_260de7109947_research.md	windows-driver-samples:8 files	8	226157	7261	ok
group_1846_windows_driver_samples_sources_windows_windows_driver_samples_files_597d0f196cc9	GROUP	Docs/researches/groups/group_1846_windows_driver_samples_sources_windows_windows_driver_samples_files_597d0f196cc9_research.md	windows-driver-samples:6 files	6	161816	5704	ok
group_1847_windows_driver_samples_sources_windows_windows_driver_samples_files_3439b9fe184b	GROUP	Docs/researches/groups/group_1847_windows_driver_samples_sources_windows_windows_driver_samples_files_3439b9fe184b_research.md	windows-driver-samples:2 files	2	180640	5514	ok
group_1848_windows_driver_samples_sources_windows_windows_driver_samples_files_1c2cffd761b9	GROUP	Docs/researches/groups/group_1848_windows_driver_samples_sources_windows_windows_driver_samples_files_1c2cffd761b9_research.md	windows-driver-samples:7 files	7	227471	7327	ok
group_1849_windows_driver_samples_sources_windows_windows_driver_samples_files_fade0a1bdd9d	GROUP	Docs/researches/groups/group_1849_windows_driver_samples_sources_windows_windows_driver_samples_files_fade0a1bdd9d_research.md	windows-driver-samples:13 files	13	251296	8950	ok
group_184_9front_sources_os_plan9_9front_sys_src_cmd_tcs_html_c_sources_os_pla_90d9170d0a7f	GROUP	Docs/researches/groups/group_184_9front_sources_os_plan9_9front_sys_src_cmd_tcs_html_c_sources_os_pla_90d9170d0a7f_research.md	9front:9 files	9	253831	5683	ok
group_1850_windows_driver_samples_sources_windows_windows_driver_samples_files_c8ee6e1e2de2	GROUP	Docs/researches/groups/group_1850_windows_driver_samples_sources_windows_windows_driver_samples_files_c8ee6e1e2de2_research.md	windows-driver-samples:15 files	15	248582	9159	ok
group_1851_windows_driver_samples_sources_windows_windows_driver_samples_files_3ff2f7aa531e	GROUP	Docs/researches/groups/group_1851_windows_driver_samples_sources_windows_windows_driver_samples_files_3ff2f7aa531e_research.md	windows-driver-samples:11 files	11	255435	9021	ok
group_1852_windows_driver_samples_sources_windows_windows_driver_samples_files_25297b6d6247	GROUP	Docs/researches/groups/group_1852_windows_driver_samples_sources_windows_windows_driver_samples_files_25297b6d6247_research.md	windows-driver-samples:12 files	12	229058	8050	ok
group_1853_windows_driver_samples_sources_windows_windows_driver_samples_files_5895a84907c0	GROUP	Docs/researches/groups/group_1853_windows_driver_samples_sources_windows_windows_driver_samples_files_5895a84907c0_research.md	windows-driver-samples:2 files	2	166184	5502	ok
group_1854_winfsp_sources_windows_winfsp_src_dll_debug_c_sources_windows_winfs_17d324c1e3c0	GROUP	Docs/researches/groups/group_1854_winfsp_sources_windows_winfsp_src_dll_debug_c_sources_windows_winfs_17d324c1e3c0_research.md	winfsp:11 files	11	222702	6277	ok
group_1855_winfsp_sources_windows_winfsp_src_dll_fuse_fuse_intf_c_sources_wind_058371bcdaea	GROUP	Docs/researches/groups/group_1855_winfsp_sources_windows_winfsp_src_dll_fuse_fuse_intf_c_sources_wind_058371bcdaea_research.md	winfsp:17 files	17	260543	8210	ok
group_1856_winfsp_sources_windows_winfsp_src_dll_path_c_sources_windows_winfsp_76f2dcef57ff	GROUP	Docs/researches/groups/group_1856_winfsp_sources_windows_winfsp_src_dll_path_c_sources_windows_winfsp_76f2dcef57ff_research.md	winfsp:14 files	14	228275	6587	ok
group_1857_winfsp_sources_windows_winfsp_src_sys_dirctl_c_sources_windows_winf_f8a5a694437a	GROUP	Docs/researches/groups/group_1857_winfsp_sources_windows_winfsp_src_sys_dirctl_c_sources_windows_winf_f8a5a694437a_research.md	winfsp:5 files	5	169138	4422	ok
group_1858_winfsp_sources_windows_winfsp_src_sys_file_c_sources_windows_winfsp_ea62ccb7f1d3	GROUP	Docs/researches/groups/group_1858_winfsp_sources_windows_winfsp_src_sys_file_c_sources_windows_winfsp_ea62ccb7f1d3_research.md	winfsp:6 files	6	254247	7010	ok
group_1859_winfsp_sources_windows_winfsp_src_sys_ioq_c_sources_windows_winfsp__8494a493201d	GROUP	Docs/researches/groups/group_1859_winfsp_sources_windows_winfsp_src_sys_ioq_c_sources_windows_winfsp__8494a493201d_research.md	winfsp:16 files	16	204517	6323	ok
group_185_9front_sources_os_plan9_9front_sys_src_cmd_tcs_ms_h_sources_os_plan9_31ae912ec893	GROUP	Docs/researches/groups/group_185_9front_sources_os_plan9_9front_sys_src_cmd_tcs_ms_h_sources_os_plan9_31ae912ec893_research.md	9front:24 files	24	249603	11725	ok
group_1860_winfsp_sources_windows_winfsp_src_sys_volume_c_sources_windows_winf_191613a4e587	GROUP	Docs/researches/groups/group_1860_winfsp_sources_windows_winfsp_src_sys_volume_c_sources_windows_winf_191613a4e587_research.md	winfsp:3 files	3	93735	2602	ok
group_1861_xfsdump_sources_local_fs_xfsdump_Makefile_sources_local_fs_xfsdump__68decde50615	GROUP	Docs/researches/groups/group_1861_xfsdump_sources_local_fs_xfsdump_Makefile_sources_local_fs_xfsdump__68decde50615_research.md	xfsdump:17 files	17	210179	8015	ok
group_1862_xfsdump_sources_local_fs_xfsdump_common_drive_scsitape_c_sources_lo_6c651da61335	GROUP	Docs/researches/groups/group_1862_xfsdump_sources_local_fs_xfsdump_common_drive_scsitape_c_sources_lo_6c651da61335_research.md	xfsdump:11 files	11	245723	9335	ok
group_1863_xfsdump_sources_local_fs_xfsdump_common_inventory_c_sources_local_f_10d37dcca1d5	GROUP	Docs/researches/groups/group_1863_xfsdump_sources_local_fs_xfsdump_common_inventory_c_sources_local_f_10d37dcca1d5_research.md	xfsdump:31 files	31	232484	8813	ok
group_1864_xfsdump_sources_local_fs_xfsdump_dump_content_c_sources_local_fs_xf_58cee687cb08	GROUP	Docs/researches/groups/group_1864_xfsdump_sources_local_fs_xfsdump_dump_content_c_sources_local_fs_xf_58cee687cb08_research.md	xfsdump:14 files	14	245029	9665	ok
group_1865_xfsdump_sources_local_fs_xfsdump_inventory_inv_api_c_sources_local__32d8e3b0838c	GROUP	Docs/researches/groups/group_1865_xfsdump_sources_local_fs_xfsdump_inventory_inv_api_c_sources_local__32d8e3b0838c_research.md	xfsdump:20 files	20	238930	9356	ok
group_1866_xfsdump_sources_local_fs_xfsdump_invutil_invutil_c_sources_local_fs_83045e5a744c	GROUP	Docs/researches/groups/group_1866_xfsdump_sources_local_fs_xfsdump_invutil_invutil_c_sources_local_fs_83045e5a744c_research.md	xfsdump:34 files	34	124451	4997	ok
group_1867_xfsdump_sources_local_fs_xfsdump_restore_content_c_sources_local_fs_5e834515941c	GROUP	Docs/researches/groups/group_1867_xfsdump_sources_local_fs_xfsdump_restore_content_c_sources_local_fs_5e834515941c_research.md	xfsdump:3 files	3	261120	10826	ok
group_1868_xfsdump_sources_local_fs_xfsdump_restore_getopt_h_sources_local_fs__8b53e49c5165	GROUP	Docs/researches/groups/group_1868_xfsdump_sources_local_fs_xfsdump_restore_getopt_h_sources_local_fs__8b53e49c5165_research.md	xfsdump:14 files	14	185209	7939	ok
group_1869_xfsprogs_sources_local_fs_xfsprogs_db_Makefile_sources_local_fs_xfs_33351949535f	GROUP	Docs/researches/groups/group_1869_xfsprogs_sources_local_fs_xfsprogs_db_Makefile_sources_local_fs_xfs_33351949535f_research.md	xfsprogs:28 files	28	172693	6785	ok
group_186_9front_sources_os_plan9_9front_sys_src_cmd_tl_span_c_sources_os_plan_82039648c76e	GROUP	Docs/researches/groups/group_186_9front_sources_os_plan9_9front_sys_src_cmd_tl_span_c_sources_os_plan_82039648c76e_research.md	9front:29 files	29	254364	13484	ok
group_1870_xfsprogs_sources_local_fs_xfsprogs_db_check_c_sources_local_fs_xfsp_92c17729e27a	GROUP	Docs/researches/groups/group_1870_xfsprogs_sources_local_fs_xfsprogs_db_check_c_sources_local_fs_xfsp_92c17729e27a_research.md	xfsprogs:27 files	27	257892	10245	ok
group_1871_xfsprogs_sources_local_fs_xfsprogs_db_freesp_c_sources_local_fs_xfs_aff08e596792	GROUP	Docs/researches/groups/group_1871_xfsprogs_sources_local_fs_xfsprogs_db_freesp_c_sources_local_fs_xfs_aff08e596792_research.md	xfsprogs:36 files	36	253939	11100	ok
group_1872_xfsprogs_sources_local_fs_xfsprogs_db_rdump_c_sources_local_fs_xfsp_7854f796540e	GROUP	Docs/researches/groups/group_1872_xfsprogs_sources_local_fs_xfsprogs_db_rdump_c_sources_local_fs_xfsp_7854f796540e_research.md	xfsprogs:41 files	41	244278	9721	ok
group_1873_xfsprogs_sources_local_fs_xfsprogs_libxfs_rdwr_c_sources_local_fs_x_3d4d0546de7f	GROUP	Docs/researches/groups/group_1873_xfsprogs_sources_local_fs_xfsprogs_libxfs_rdwr_c_sources_local_fs_x_3d4d0546de7f_research.md	xfsprogs:13 files	13	154074	6181	ok
group_1874_xfsprogs_sources_local_fs_xfsprogs_libxfs_xfs_alloc_c_sources_local_8f08dc3e2434	GROUP	Docs/researches/groups/group_1874_xfsprogs_sources_local_fs_xfsprogs_libxfs_xfs_alloc_c_sources_local_8f08dc3e2434_research.md	xfsprogs:6 files	6	209160	7481	ok
group_1875_xfsprogs_sources_local_fs_xfsprogs_libxfs_xfs_attr_leaf_c_sources_l_9ae255906e83	GROUP	Docs/researches/groups/group_1875_xfsprogs_sources_local_fs_xfsprogs_libxfs_xfs_attr_leaf_c_sources_l_9ae255906e83_research.md	xfsprogs:7 files	7	118539	4261	ok
group_1876_xfsprogs_sources_local_fs_xfsprogs_libxfs_xfs_bmap_c_sources_local__2e4db75d4c51	GROUP	Docs/researches/groups/group_1876_xfsprogs_sources_local_fs_xfsprogs_libxfs_xfs_bmap_c_sources_local__2e4db75d4c51_research.md	xfsprogs:4 files	4	209124	7626	ok
group_1877_xfsprogs_sources_local_fs_xfsprogs_libxfs_xfs_btree_c_sources_local_39869eac2193	GROUP	Docs/researches/groups/group_1877_xfsprogs_sources_local_fs_xfsprogs_libxfs_xfs_btree_c_sources_local_39869eac2193_research.md	xfsprogs:7 files	7	214304	7816	ok
group_1878_xfsprogs_sources_local_fs_xfsprogs_libxfs_xfs_da_btree_c_sources_lo_f5bad9bdff71	GROUP	Docs/researches/groups/group_1878_xfsprogs_sources_local_fs_xfsprogs_libxfs_xfs_da_btree_c_sources_lo_f5bad9bdff71_research.md	xfsprogs:8 files	8	240592	8512	ok
group_1879_xfsprogs_sources_local_fs_xfsprogs_libxfs_xfs_dir2_data_c_sources_l_d129b8cae8df	GROUP	Docs/researches/groups/group_1879_xfsprogs_sources_local_fs_xfsprogs_libxfs_xfs_dir2_data_c_sources_l_d129b8cae8df_research.md	xfsprogs:9 files	9	253027	8972	ok
group_187_9front_sources_os_plan9_9front_sys_src_cmd_troff_suftab_c_sources_os_8b394d000c39	GROUP	Docs/researches/groups/group_187_9front_sources_os_plan9_9front_sys_src_cmd_troff_suftab_c_sources_os_8b394d000c39_research.md	9front:36 files	36	252673	13342	ok
group_1880_xfsprogs_sources_local_fs_xfsprogs_libxfs_xfs_format_h_sources_loca_f3c0631aff10	GROUP	Docs/researches/groups/group_1880_xfsprogs_sources_local_fs_xfsprogs_libxfs_xfs_format_h_sources_loca_f3c0631aff10_research.md	xfsprogs:9 files	9	250983	8269	ok
group_1881_xfsprogs_sources_local_fs_xfsprogs_libxfs_xfs_iext_tree_c_sources_l_2797853067a0	GROUP	Docs/researches/groups/group_1881_xfsprogs_sources_local_fs_xfsprogs_libxfs_xfs_iext_tree_c_sources_l_2797853067a0_research.md	xfsprogs:19 files	19	230295	7950	ok
group_1882_xfsprogs_sources_local_fs_xfsprogs_libxfs_xfs_refcount_c_sources_lo_cbeda8aa22c5	GROUP	Docs/researches/groups/group_1882_xfsprogs_sources_local_fs_xfsprogs_libxfs_xfs_refcount_c_sources_lo_cbeda8aa22c5_research.md	xfsprogs:10 files	10	246093	9315	ok
group_1883_xfsprogs_sources_local_fs_xfsprogs_libxfs_xfs_rtgroup_c_sources_loc_2442074f4407	GROUP	Docs/researches/groups/group_1883_xfsprogs_sources_local_fs_xfsprogs_libxfs_xfs_rtgroup_c_sources_loc_2442074f4407_research.md	xfsprogs:30 files	30	249315	8828	ok
group_1884_xfsprogs_sources_local_fs_xfsprogs_mkfs_proto_c_sources_local_fs_xf_ee22ab3f6ff1	GROUP	Docs/researches/groups/group_1884_xfsprogs_sources_local_fs_xfsprogs_mkfs_proto_c_sources_local_fs_xf_ee22ab3f6ff1_research.md	xfsprogs:9 files	9	262032	10263	ok
group_1885_xfsprogs_sources_local_fs_xfsprogs_repair_attr_repair_c_sources_loc_71976d516cba	GROUP	Docs/researches/groups/group_1885_xfsprogs_sources_local_fs_xfsprogs_repair_attr_repair_c_sources_loc_71976d516cba_research.md	xfsprogs:15 files	15	206722	8405	ok
group_1886_xfsprogs_sources_local_fs_xfsprogs_repair_dinode_c_sources_local_fs_0913eac2383d	GROUP	Docs/researches/groups/group_1886_xfsprogs_sources_local_fs_xfsprogs_repair_dinode_c_sources_local_fs_0913eac2383d_research.md	xfsprogs:17 files	17	261388	10425	ok
group_1887_xfsprogs_sources_local_fs_xfsprogs_repair_phase5_c_sources_local_fs_5a4d31540290	GROUP	Docs/researches/groups/group_1887_xfsprogs_sources_local_fs_xfsprogs_repair_phase5_c_sources_local_fs_5a4d31540290_research.md	xfsprogs:16 files	16	245027	9653	ok
group_1888_xfsprogs_sources_local_fs_xfsprogs_repair_rmap_c_sources_local_fs_x_6bd1a54bf0a9	GROUP	Docs/researches/groups/group_1888_xfsprogs_sources_local_fs_xfsprogs_repair_rmap_c_sources_local_fs_x_6bd1a54bf0a9_research.md	xfsprogs:20 files	20	261686	10574	ok
group_1889_xnu_sources_os_darwin_xnu_bsd_vfs_Makefile_sources_os_darwin_xnu_bs_04153e602f61	GROUP	Docs/researches/groups/group_1889_xnu_sources_os_darwin_xnu_bsd_vfs_Makefile_sources_os_darwin_xnu_bs_04153e602f61_research.md	xnu:3 files	3	154569	6743	ok
group_188_9front_sources_os_plan9_9front_sys_src_cmd_upas_bayes_regcomp_c_sour_fe5aa4945d62	GROUP	Docs/researches/groups/group_188_9front_sources_os_plan9_9front_sys_src_cmd_upas_bayes_regcomp_c_sour_fe5aa4945d62_research.md	9front:55 files	55	241947	13630	ok
group_1890_xnu_sources_os_darwin_xnu_bsd_vfs_vfs_attrlist_c_02af736cc11e	GROUP	Docs/researches/groups/group_1890_xnu_sources_os_darwin_xnu_bsd_vfs_vfs_attrlist_c_02af736cc11e_research.md	xnu:1 files	1	160046	5000	ok
group_1891_xnu_sources_os_darwin_xnu_bsd_vfs_vfs_bio_c_sources_os_darwin_xnu_b_6db63de0257f	GROUP	Docs/researches/groups/group_1891_xnu_sources_os_darwin_xnu_bsd_vfs_vfs_bio_c_sources_os_darwin_xnu_b_6db63de0257f_research.md	xnu:2 files	2	209622	8836	ok
group_1892_xnu_sources_os_darwin_xnu_bsd_vfs_vfs_cluster_c_sources_os_darwin_x_7f2a72b999f0	GROUP	Docs/researches/groups/group_1892_xnu_sources_os_darwin_xnu_bsd_vfs_vfs_cluster_c_sources_os_darwin_x_7f2a72b999f0_research.md	xnu:2 files	2	260725	8730	ok
group_1893_xnu_sources_os_darwin_xnu_bsd_vfs_vfs_cprotect_c_sources_os_darwin__0137d051ae0d	GROUP	Docs/researches/groups/group_1893_xnu_sources_os_darwin_xnu_bsd_vfs_vfs_cprotect_c_sources_os_darwin__0137d051ae0d_research.md	xnu:11 files	11	195587	7463	ok
group_1894_xnu_sources_os_darwin_xnu_bsd_vfs_vfs_lookup_c_sources_os_darwin_xn_a8184d08a02c	GROUP	Docs/researches/groups/group_1894_xnu_sources_os_darwin_xnu_bsd_vfs_vfs_lookup_c_sources_os_darwin_xn_a8184d08a02c_research.md	xnu:5 files	5	167573	5878	ok
group_1895_xnu_sources_os_darwin_xnu_bsd_vfs_vfs_unicode_data_h_sources_os_dar_f44d1f8b9bfa	GROUP	Docs/researches/groups/group_1895_xnu_sources_os_darwin_xnu_bsd_vfs_vfs_unicode_data_h_sources_os_dar_f44d1f8b9bfa_research.md	xnu:2 files	2	186597	2538	ok
group_1896_xnu_sources_os_darwin_xnu_bsd_vfs_vfs_utfconvdata_h_sources_os_darw_28f1e240d8c0	GROUP	Docs/researches/groups/group_1896_xnu_sources_os_darwin_xnu_bsd_vfs_vfs_utfconvdata_h_sources_os_darw_28f1e240d8c0_research.md	xnu:4 files	4	252342	7906	ok
group_1897_xnu_sources_os_darwin_xnu_bsd_vfs_vnode_if_sh_1f7d7301f884	GROUP	Docs/researches/groups/group_1897_xnu_sources_os_darwin_xnu_bsd_vfs_vnode_if_sh_1f7d7301f884_research.md	xnu:1 files	1	9846	385	ok
group_1898_xv6_public_sources_teaching_xv6_public_Makefile_sources_teaching_xv_e82533f3a7e2	GROUP	Docs/researches/groups/group_1898_xv6_public_sources_teaching_xv6_public_Makefile_sources_teaching_xv_e82533f3a7e2_research.md	xv6-public:85 files	85	230329	10601	ok
group_1899_xv6_riscv_sources_teaching_xv6_riscv_kernel_bio_c_sources_teaching__da6a1b659abb	GROUP	Docs/researches/groups/group_1899_xv6_riscv_sources_teaching_xv6_riscv_kernel_bio_c_sources_teaching__da6a1b659abb_research.md	xv6-riscv:45 files	45	153964	6755	ok
group_189_9front_sources_os_plan9_9front_sys_src_cmd_upas_imap4d_imap4d_c_sour_dcf443a81ded	GROUP	Docs/researches/groups/group_189_9front_sources_os_plan9_9front_sys_src_cmd_upas_imap4d_imap4d_c_sour_dcf443a81ded_research.md	9front:26 files	26	259358	14446	ok
group_18_9front_sources_os_plan9_9front_sys_src_9_pc_usbohci_c_sources_os_plan_36a44b0f3ca8	GROUP	Docs/researches/groups/group_18_9front_sources_os_plan9_9front_sys_src_9_pc_usbohci_c_sources_os_plan_36a44b0f3ca8_research.md	9front:25 files	25	257925	12385	ok
group_190_9front_sources_os_plan9_9front_sys_src_cmd_upas_scanmail_scanmail_c__430aa4daa1cf	GROUP	Docs/researches/groups/group_190_9front_sources_os_plan9_9front_sys_src_cmd_upas_scanmail_scanmail_c__430aa4daa1cf_research.md	9front:43 files	43	236785	12778	ok
group_191_9front_sources_os_plan9_9front_sys_src_cmd_vac_file_c_sources_os_pla_d309b7d5faea	GROUP	Docs/researches/groups/group_191_9front_sources_os_plan9_9front_sys_src_cmd_vac_file_c_sources_os_pla_d309b7d5faea_research.md	9front:31 files	31	260692	14824	ok
group_192_9front_sources_os_plan9_9front_sys_src_cmd_venti_srv_arenas_c_source_0e78d0034272	GROUP	Docs/researches/groups/group_192_9front_sources_os_plan9_9front_sys_src_cmd_venti_srv_arenas_c_source_0e78d0034272_research.md	9front:29 files	29	255931	11997	ok
group_193_9front_sources_os_plan9_9front_sys_src_cmd_venti_srv_index_c_sources_1bb46d543602	GROUP	Docs/researches/groups/group_193_9front_sources_os_plan9_9front_sys_src_cmd_venti_srv_index_c_sources_1bb46d543602_research.md	9front:56 files	56	235134	12411	ok
group_194_9front_sources_os_plan9_9front_sys_src_cmd_vl_asm_c_sources_os_plan9_297090c2f30f	GROUP	Docs/researches/groups/group_194_9front_sources_os_plan9_9front_sys_src_cmd_vl_asm_c_sources_os_plan9_297090c2f30f_research.md	9front:22 files	22	259100	12404	ok
group_195_9front_sources_os_plan9_9front_sys_src_cmd_vmx_vmx_c_sources_os_plan_79f02e322172	GROUP	Docs/researches/groups/group_195_9front_sources_os_plan9_9front_sys_src_cmd_vmx_vmx_c_sources_os_plan_79f02e322172_research.md	9front:35 files	35	261288	13587	ok
group_196_9front_sources_os_plan9_9front_sys_src_cmd_vt_fs_c_sources_os_plan9__17b048f8c674	GROUP	Docs/researches/groups/group_196_9front_sources_os_plan9_9front_sys_src_cmd_vt_fs_c_sources_os_plan9__17b048f8c674_research.md	9front:29 files	29	215647	11720	ok
group_197_9front_sources_os_plan9_9front_sys_src_cmd_yacc_c_sources_os_plan9_9_f7f4d6982c42	GROUP	Docs/researches/groups/group_197_9front_sources_os_plan9_9front_sys_src_cmd_yacc_c_sources_os_plan9_9_f7f4d6982c42_research.md	9front:26 files	26	106500	5758	ok
group_198_apfs_fuse_sources_local_fs_apfs_fuse_ApfsDump_Apfs_cpp_sources_local_98813f98cd70	GROUP	Docs/researches/groups/group_198_apfs_fuse_sources_local_fs_apfs_fuse_ApfsDump_Apfs_cpp_sources_local_98813f98cd70_research.md	apfs-fuse:43 files	43	247033	9690	ok
group_199_apfs_fuse_sources_local_fs_apfs_fuse_ApfsLib_DiskStruct_h_sources_lo_58922fa14399	GROUP	Docs/researches/groups/group_199_apfs_fuse_sources_local_fs_apfs_fuse_ApfsLib_DiskStruct_h_sources_lo_58922fa14399_research.md	apfs-fuse:16 files	16	231374	5987	ok
group_19_9front_sources_os_plan9_9front_sys_src_9_pc_vgat2r4_c_sources_os_plan_563011ed5298	GROUP	Docs/researches/groups/group_19_9front_sources_os_plan9_9front_sys_src_9_pc_vgat2r4_c_sources_os_plan_563011ed5298_research.md	9front:31 files	31	246764	12669	ok
group_1_9front_sources_os_plan9_9front_sys_src_9_arm64_bootargs_c_sources_os_p_f1228a27a0f7	GROUP	Docs/researches/groups/group_1_9front_sources_os_plan9_9front_sys_src_9_arm64_bootargs_c_sources_os_p_f1228a27a0f7_research.md	9front:42 files	42	260932	13120	ok
group_200_apfs_fuse_sources_local_fs_apfs_fuse_Crypto_Aes_cpp_sources_local_fs_df8bbc391448	GROUP	Docs/researches/groups/group_200_apfs_fuse_sources_local_fs_apfs_fuse_Crypto_Aes_cpp_sources_local_fs_df8bbc391448_research.md	apfs-fuse:17 files	17	104843	3331	ok
group_201_bcache_tools_sources_block_storage_bcache_tools_69_bcache_rules_sour_10a2c46240d4	GROUP	Docs/researches/groups/group_201_bcache_tools_sources_block_storage_bcache_tools_69_bcache_rules_sour_10a2c46240d4_research.md	bcache-tools:30 files	30	128317	5052	ok
group_202_bcachefs_sources_cow_pools_bcachefs_fs_bcachefs_Kconfig_sources_cow__5b0a86f086f0	GROUP	Docs/researches/groups/group_202_bcachefs_sources_cow_pools_bcachefs_fs_bcachefs_Kconfig_sources_cow__5b0a86f086f0_research.md	bcachefs:15 files	15	261866	8824	ok
group_203_bcachefs_sources_cow_pools_bcachefs_fs_bcachefs_alloc_discard_c_sour_f713d8b1933d	GROUP	Docs/researches/groups/group_203_bcachefs_sources_cow_pools_bcachefs_fs_bcachefs_alloc_discard_c_sour_f713d8b1933d_research.md	bcachefs:19 files	19	253419	9029	ok
group_204_bcachefs_sources_cow_pools_bcachefs_fs_bcachefs_bcachefs_ioctl_h_sou_3ad9f4ef35e1	GROUP	Docs/researches/groups/group_204_bcachefs_sources_cow_pools_bcachefs_fs_bcachefs_bcachefs_ioctl_h_sou_3ad9f4ef35e1_research.md	bcachefs:15 files	15	260229	9449	ok
group_205_bcachefs_sources_cow_pools_bcachefs_fs_bcachefs_btree_check_h_source_d6e68046fd31	GROUP	Docs/researches/groups/group_205_bcachefs_sources_cow_pools_bcachefs_fs_bcachefs_btree_check_h_source_d6e68046fd31_research.md	bcachefs:8 files	8	185266	6066	ok
group_206_bcachefs_sources_cow_pools_bcachefs_fs_bcachefs_btree_iter_c_sources_b86a3ff674ee	GROUP	Docs/researches/groups/group_206_bcachefs_sources_cow_pools_bcachefs_fs_bcachefs_btree_iter_c_sources_b86a3ff674ee_research.md	bcachefs:9 files	9	252462	8839	ok
group_207_bcachefs_sources_cow_pools_bcachefs_fs_bcachefs_btree_locking_h_sour_9c8cd141c578	GROUP	Docs/researches/groups/group_207_bcachefs_sources_cow_pools_bcachefs_fs_bcachefs_btree_locking_h_sour_9c8cd141c578_research.md	bcachefs:18 files	18	246648	8659	ok
group_208_bcachefs_sources_cow_pools_bcachefs_fs_bcachefs_data_checksum_c_sour_196031f63445	GROUP	Docs/researches/groups/group_208_bcachefs_sources_cow_pools_bcachefs_fs_bcachefs_data_checksum_c_sour_196031f63445_research.md	bcachefs:21 files	21	248010	8976	ok
group_209_bcachefs_sources_cow_pools_bcachefs_fs_bcachefs_data_extents_h_sourc_78d82e0e6321	GROUP	Docs/researches/groups/group_209_bcachefs_sources_cow_pools_bcachefs_fs_bcachefs_data_extents_h_sourc_78d82e0e6321_research.md	bcachefs:27 files	27	232687	8158	ok
group_20_9front_sources_os_plan9_9front_sys_src_9_port_devaoe_c_sources_os_pla_47fc7daa971c	GROUP	Docs/researches/groups/group_20_9front_sources_os_plan9_9front_sys_src_9_port_devaoe_c_sources_os_pla_47fc7daa971c_research.md	9front:16 files	16	257369	13946	ok
group_210_bcachefs_sources_cow_pools_bcachefs_fs_bcachefs_data_reconcile_work__6da3d66bc57a	GROUP	Docs/researches/groups/group_210_bcachefs_sources_cow_pools_bcachefs_fs_bcachefs_data_reconcile_work__6da3d66bc57a_research.md	bcachefs:15 files	15	258721	8624	ok
group_211_bcachefs_sources_cow_pools_bcachefs_fs_bcachefs_debug_sysfs_c_source_a1f7b18b13df	GROUP	Docs/researches/groups/group_211_bcachefs_sources_cow_pools_bcachefs_fs_bcachefs_debug_sysfs_c_source_a1f7b18b13df_research.md	bcachefs:21 files	21	260076	9288	ok
group_212_bcachefs_sources_cow_pools_bcachefs_fs_bcachefs_fs_logged_ops_c_sour_8aeca7221d48	GROUP	Docs/researches/groups/group_212_bcachefs_sources_cow_pools_bcachefs_fs_bcachefs_fs_logged_ops_c_sour_8aeca7221d48_research.md	bcachefs:24 files	24	252396	9186	ok
group_213_bcachefs_sources_cow_pools_bcachefs_fs_bcachefs_init_passes_c_source_5ad466f0651f	GROUP	Docs/researches/groups/group_213_bcachefs_sources_cow_pools_bcachefs_fs_bcachefs_init_passes_c_source_5ad466f0651f_research.md	bcachefs:22 files	22	245126	8399	ok
group_214_bcachefs_sources_cow_pools_bcachefs_fs_bcachefs_journal_validate_c_s_d3547af388a7	GROUP	Docs/researches/groups/group_214_bcachefs_sources_cow_pools_bcachefs_fs_bcachefs_journal_validate_c_s_d3547af388a7_research.md	bcachefs:23 files	23	258207	8481	ok
group_215_bcachefs_sources_cow_pools_bcachefs_fs_bcachefs_sb_members_h_sources_09b961b77e49	GROUP	Docs/researches/groups/group_215_bcachefs_sources_cow_pools_bcachefs_fs_bcachefs_sb_members_h_sources_09b961b77e49_research.md	bcachefs:34 files	34	246452	8869	ok
group_216_bcachefs_sources_cow_pools_bcachefs_fs_bcachefs_util_six_c_sources_c_3f5a5295dcbb	GROUP	Docs/researches/groups/group_216_bcachefs_sources_cow_pools_bcachefs_fs_bcachefs_util_six_c_sources_c_3f5a5295dcbb_research.md	bcachefs:20 files	20	198023	7514	ok
group_217_bcachefs_sources_cow_pools_bcachefs_fs_bcachefs_vfs_fs_c_sources_cow_18b0cab5e496	GROUP	Docs/researches/groups/group_217_bcachefs_sources_cow_pools_bcachefs_fs_bcachefs_vfs_fs_c_sources_cow_18b0cab5e496_research.md	bcachefs:9 files	9	168622	6355	ok
group_218_bcachefs_tools_sources_cow_pools_bcachefs_tools_github_dependabot_ym_5757e8a143a8	GROUP	Docs/researches/groups/group_218_bcachefs_tools_sources_cow_pools_bcachefs_tools_github_dependabot_ym_5757e8a143a8_research.md	bcachefs-tools:56 files	56	248808	8045	ok
group_219_bcachefs_tools_sources_cow_pools_bcachefs_tools_fs_alloc_accounting__a9ce6ea9d2d3	GROUP	Docs/researches/groups/group_219_bcachefs_tools_sources_cow_pools_bcachefs_tools_fs_alloc_accounting__a9ce6ea9d2d3_research.md	bcachefs-tools:13 files	13	260900	8697	ok
group_21_9front_sources_os_plan9_9front_sys_src_9_port_devmnt_c_sources_os_pla_408433d66805	GROUP	Docs/researches/groups/group_21_9front_sources_os_plan9_9front_sys_src_9_port_devmnt_c_sources_os_pla_408433d66805_research.md	9front:13 files	13	230609	12659	ok
group_220_bcachefs_tools_sources_cow_pools_bcachefs_tools_fs_alloc_discard_c_s_63139069a3de	GROUP	Docs/researches/groups/group_220_bcachefs_tools_sources_cow_pools_bcachefs_tools_fs_alloc_discard_c_s_63139069a3de_research.md	bcachefs-tools:19 files	19	256017	9082	ok
group_221_bcachefs_tools_sources_cow_pools_bcachefs_tools_fs_bcachefs_ioctl_h__995a81c676e7	GROUP	Docs/researches/groups/group_221_bcachefs_tools_sources_cow_pools_bcachefs_tools_fs_bcachefs_ioctl_h__995a81c676e7_research.md	bcachefs-tools:14 files	14	238508	8527	ok
group_222_bcachefs_tools_sources_cow_pools_bcachefs_tools_fs_btree_check_c_sou_f5a420d19551	GROUP	Docs/researches/groups/group_222_bcachefs_tools_sources_cow_pools_bcachefs_tools_fs_btree_check_c_sou_f5a420d19551_research.md	bcachefs-tools:9 files	9	224477	7504	ok
group_223_bcachefs_tools_sources_cow_pools_bcachefs_tools_fs_btree_iter_c_sour_cff3bd9856c8	GROUP	Docs/researches/groups/group_223_bcachefs_tools_sources_cow_pools_bcachefs_tools_fs_btree_iter_c_sour_cff3bd9856c8_research.md	bcachefs-tools:9 files	9	258526	8988	ok
group_224_bcachefs_tools_sources_cow_pools_bcachefs_tools_fs_btree_locking_h_s_e1f24bccbf2a	GROUP	Docs/researches/groups/group_224_bcachefs_tools_sources_cow_pools_bcachefs_tools_fs_btree_locking_h_s_e1f24bccbf2a_research.md	bcachefs-tools:18 files	18	251390	8785	ok
group_225_bcachefs_tools_sources_cow_pools_bcachefs_tools_fs_data_checksum_c_s_2090f8deb8f6	GROUP	Docs/researches/groups/group_225_bcachefs_tools_sources_cow_pools_bcachefs_tools_fs_data_checksum_c_s_2090f8deb8f6_research.md	bcachefs-tools:21 files	21	254897	9141	ok
group_226_bcachefs_tools_sources_cow_pools_bcachefs_tools_fs_data_extents_h_so_20f202a05f4f	GROUP	Docs/researches/groups/group_226_bcachefs_tools_sources_cow_pools_bcachefs_tools_fs_data_extents_h_so_20f202a05f4f_research.md	bcachefs-tools:27 files	27	235362	8235	ok
group_227_bcachefs_tools_sources_cow_pools_bcachefs_tools_fs_data_reconcile_wo_6cdec0b6a422	GROUP	Docs/researches/groups/group_227_bcachefs_tools_sources_cow_pools_bcachefs_tools_fs_data_reconcile_wo_6cdec0b6a422_research.md	bcachefs-tools:15 files	15	260775	8667	ok
group_228_bcachefs_tools_sources_cow_pools_bcachefs_tools_fs_debug_sysfs_c_sou_22fa592b5184	GROUP	Docs/researches/groups/group_228_bcachefs_tools_sources_cow_pools_bcachefs_tools_fs_debug_sysfs_c_sou_22fa592b5184_research.md	bcachefs-tools:19 files	19	261414	9227	ok
group_229_bcachefs_tools_sources_cow_pools_bcachefs_tools_fs_fs_inode_h_source_fecaf565a81d	GROUP	Docs/researches/groups/group_229_bcachefs_tools_sources_cow_pools_bcachefs_tools_fs_fs_inode_h_source_fecaf565a81d_research.md	bcachefs-tools:24 files	24	223943	8069	ok
group_22_9front_sources_os_plan9_9front_sys_src_9_port_devtls_c_sources_os_pla_42f5c6359d30	GROUP	Docs/researches/groups/group_22_9front_sources_os_plan9_9front_sys_src_9_port_devtls_c_sources_os_pla_42f5c6359d30_research.md	9front:17 files	17	258149	12716	ok
group_230_bcachefs_tools_sources_cow_pools_bcachefs_tools_fs_init_fs_c_sources_c65415e2a075	GROUP	Docs/researches/groups/group_230_bcachefs_tools_sources_cow_pools_bcachefs_tools_fs_init_fs_c_sources_c65415e2a075_research.md	bcachefs-tools:16 files	16	242524	8194	ok
group_231_bcachefs_tools_sources_cow_pools_bcachefs_tools_fs_journal_reclaim_c_525d4c8906f3	GROUP	Docs/researches/groups/group_231_bcachefs_tools_sources_cow_pools_bcachefs_tools_fs_journal_reclaim_c_525d4c8906f3_research.md	bcachefs-tools:27 files	27	248460	8331	ok
group_232_bcachefs_tools_sources_cow_pools_bcachefs_tools_fs_sb_io_c_sources_c_2025af4c5b5a	GROUP	Docs/researches/groups/group_232_bcachefs_tools_sources_cow_pools_bcachefs_tools_fs_sb_io_c_sources_c_2025af4c5b5a_research.md	bcachefs-tools:28 files	28	261636	9046	ok
group_233_bcachefs_tools_sources_cow_pools_bcachefs_tools_fs_util_fifo_h_sourc_26f152706080	GROUP	Docs/researches/groups/group_233_bcachefs_tools_sources_cow_pools_bcachefs_tools_fs_util_fifo_h_sourc_26f152706080_research.md	bcachefs-tools:30 files	30	260695	9847	ok
group_234_bcachefs_tools_sources_cow_pools_bcachefs_tools_fs_vfs_fiemap_c_sour_455f623be014	GROUP	Docs/researches/groups/group_234_bcachefs_tools_sources_cow_pools_bcachefs_tools_fs_vfs_fiemap_c_sour_455f623be014_research.md	bcachefs-tools:31 files	31	255006	9517	ok
group_235_bcachefs_tools_sources_cow_pools_bcachefs_tools_include_linux_cleanu_e6651db99873	GROUP	Docs/researches/groups/group_235_bcachefs_tools_sources_cow_pools_bcachefs_tools_include_linux_cleanu_e6651db99873_research.md	bcachefs-tools:71 files	71	236072	7975	ok
group_236_bcachefs_tools_sources_cow_pools_bcachefs_tools_include_linux_rhasht_586315bd9e93	GROUP	Docs/researches/groups/group_236_bcachefs_tools_sources_cow_pools_bcachefs_tools_include_linux_rhasht_586315bd9e93_research.md	bcachefs-tools:84 files	84	259126	9357	ok
group_237_bcachefs_tools_sources_cow_pools_bcachefs_tools_linux_rhashtable_c_s_db1d12646062	GROUP	Docs/researches/groups/group_237_bcachefs_tools_sources_cow_pools_bcachefs_tools_linux_rhashtable_c_s_db1d12646062_research.md	bcachefs-tools:44 files	44	256334	9937	ok
group_238_bcachefs_tools_sources_cow_pools_bcachefs_tools_raid_raid_c_sources__9a099c4746e2	GROUP	Docs/researches/groups/group_238_bcachefs_tools_sources_cow_pools_bcachefs_tools_raid_raid_c_sources__9a099c4746e2_research.md	bcachefs-tools:19 files	19	257332	8045	ok
group_239_bcachefs_tools_sources_cow_pools_bcachefs_tools_src_commands_fsck_rs_df69d76b89e0	GROUP	Docs/researches/groups/group_239_bcachefs_tools_sources_cow_pools_bcachefs_tools_src_commands_fsck_rs_df69d76b89e0_research.md	bcachefs-tools:20 files	20	243921	7724	ok
group_23_9front_sources_os_plan9_9front_sys_src_9_port_fault_c_sources_os_plan_9cd2821e1083	GROUP	Docs/researches/groups/group_23_9front_sources_os_plan9_9front_sys_src_9_port_fault_c_sources_os_plan_9cd2821e1083_research.md	9front:43 files	43	253913	13384	ok
group_240_bcachefs_tools_sources_cow_pools_bcachefs_tools_src_commands_timesta_a52771b86e54	GROUP	Docs/researches/groups/group_240_bcachefs_tools_sources_cow_pools_bcachefs_tools_src_commands_timesta_a52771b86e54_research.md	bcachefs-tools:23 files	23	201083	6025	ok
group_241_bcachefs_tools_sources_cow_pools_bcachefs_tools_verus_proofs_bpos_ve_dfe85e141905	GROUP	Docs/researches/groups/group_241_bcachefs_tools_sources_cow_pools_bcachefs_tools_verus_proofs_bpos_ve_dfe85e141905_research.md	bcachefs-tools:3 files	3	215617	6071	ok
group_242_btrfs_linux_sources_local_fs_btrfs_linux_fs_btrfs_Kconfig_sources_lo_ac3a6b9fdd52	GROUP	Docs/researches/groups/group_242_btrfs_linux_sources_local_fs_btrfs_linux_fs_btrfs_Kconfig_sources_lo_ac3a6b9fdd52_research.md	btrfs-linux:12 files	12	222435	7300	ok
group_243_btrfs_linux_sources_local_fs_btrfs_linux_fs_btrfs_block_group_c_sour_3b7dd98056c7	GROUP	Docs/researches/groups/group_243_btrfs_linux_sources_local_fs_btrfs_linux_fs_btrfs_block_group_c_sour_3b7dd98056c7_research.md	btrfs-linux:5 files	5	216334	6845	ok
group_244_btrfs_linux_sources_local_fs_btrfs_linux_fs_btrfs_compression_c_sour_5e40d840cf0f	GROUP	Docs/researches/groups/group_244_btrfs_linux_sources_local_fs_btrfs_linux_fs_btrfs_compression_c_sour_5e40d840cf0f_research.md	btrfs-linux:6 files	6	255560	9254	ok
group_245_btrfs_linux_sources_local_fs_btrfs_linux_fs_btrfs_delalloc_space_c_s_f448cf3b9018	GROUP	Docs/researches/groups/group_245_btrfs_linux_sources_local_fs_btrfs_linux_fs_btrfs_delalloc_space_c_s_f448cf3b9018_research.md	btrfs-linux:12 files	12	239210	7877	ok
group_246_btrfs_linux_sources_local_fs_btrfs_linux_fs_btrfs_discard_c_sources__088fd5cf15c7	GROUP	Docs/researches/groups/group_246_btrfs_linux_sources_local_fs_btrfs_linux_fs_btrfs_discard_c_sources__088fd5cf15c7_research.md	btrfs-linux:8 files	8	249996	8585	ok
group_247_btrfs_linux_sources_local_fs_btrfs_linux_fs_btrfs_extent_tree_c_sour_83128535894c	GROUP	Docs/researches/groups/group_247_btrfs_linux_sources_local_fs_btrfs_linux_fs_btrfs_extent_tree_c_sour_83128535894c_research.md	btrfs-linux:2 files	2	202894	7090	ok
group_248_btrfs_linux_sources_local_fs_btrfs_linux_fs_btrfs_extent_io_c_source_249d1d59ea8a	GROUP	Docs/researches/groups/group_248_btrfs_linux_sources_local_fs_btrfs_linux_fs_btrfs_extent_io_c_source_249d1d59ea8a_research.md	btrfs-linux:6 files	6	226576	7637	ok
group_249_btrfs_linux_sources_local_fs_btrfs_linux_fs_btrfs_file_item_c_source_df964e47e89c	GROUP	Docs/researches/groups/group_249_btrfs_linux_sources_local_fs_btrfs_linux_fs_btrfs_file_item_c_source_df964e47e89c_research.md	btrfs-linux:4 files	4	159942	5446	ok
group_24_9front_sources_os_plan9_9front_sys_src_9_port_sdnvme_c_sources_os_pla_db4b94858fb3	GROUP	Docs/researches/groups/group_24_9front_sources_os_plan9_9front_sys_src_9_port_sdnvme_c_sources_os_pla_db4b94858fb3_research.md	9front:17 files	17	233548	11798	ok
group_250_btrfs_linux_sources_local_fs_btrfs_linux_fs_btrfs_free_space_cache_c_cd05b8675a7f	GROUP	Docs/researches/groups/group_250_btrfs_linux_sources_local_fs_btrfs_linux_fs_btrfs_free_space_cache_c_cd05b8675a7f_research.md	btrfs-linux:8 files	8	246948	8890	ok
group_251_btrfs_linux_sources_local_fs_btrfs_linux_fs_btrfs_ioctl_c_sources_lo_8dc1ee1bf97b	GROUP	Docs/researches/groups/group_251_btrfs_linux_sources_local_fs_btrfs_linux_fs_btrfs_ioctl_c_sources_lo_8dc1ee1bf97b_research.md	btrfs-linux:14 files	14	248462	9191	ok
group_252_btrfs_linux_sources_local_fs_btrfs_linux_fs_btrfs_print_tree_c_sourc_6e23adc4768f	GROUP	Docs/researches/groups/group_252_btrfs_linux_sources_local_fs_btrfs_linux_fs_btrfs_print_tree_c_sourc_6e23adc4768f_research.md	btrfs-linux:8 files	8	201330	7144	ok
group_253_btrfs_linux_sources_local_fs_btrfs_linux_fs_btrfs_raid56_c_sources_l_7de90a7ff52e	GROUP	Docs/researches/groups/group_253_btrfs_linux_sources_local_fs_btrfs_linux_fs_btrfs_raid56_c_sources_l_7de90a7ff52e_research.md	btrfs-linux:6 files	6	152741	5407	ok
group_254_btrfs_linux_sources_local_fs_btrfs_linux_fs_btrfs_relocation_c_sourc_2db951ba223d	GROUP	Docs/researches/groups/group_254_btrfs_linux_sources_local_fs_btrfs_linux_fs_btrfs_relocation_c_sourc_2db951ba223d_research.md	btrfs-linux:4 files	4	175540	6744	ok
group_255_btrfs_linux_sources_local_fs_btrfs_linux_fs_btrfs_scrub_c_sources_lo_3f8bfcc2c703	GROUP	Docs/researches/groups/group_255_btrfs_linux_sources_local_fs_btrfs_linux_fs_btrfs_scrub_c_sources_lo_3f8bfcc2c703_research.md	btrfs-linux:2 files	2	100824	3352	ok
group_256_btrfs_linux_sources_local_fs_btrfs_linux_fs_btrfs_send_c_sources_loc_1bfc7acb6d50	GROUP	Docs/researches/groups/group_256_btrfs_linux_sources_local_fs_btrfs_linux_fs_btrfs_send_c_sources_loc_1bfc7acb6d50_research.md	btrfs-linux:2 files	2	226521	8513	ok
group_257_btrfs_linux_sources_local_fs_btrfs_linux_fs_btrfs_space_info_c_sourc_9ddf0f41d408	GROUP	Docs/researches/groups/group_257_btrfs_linux_sources_local_fs_btrfs_linux_fs_btrfs_space_info_c_sourc_9ddf0f41d408_research.md	btrfs-linux:6 files	6	200417	6391	ok
group_258_btrfs_linux_sources_local_fs_btrfs_linux_fs_btrfs_sysfs_c_sources_lo_2f3b96e9b549	GROUP	Docs/researches/groups/group_258_btrfs_linux_sources_local_fs_btrfs_linux_fs_btrfs_sysfs_c_sources_lo_2f3b96e9b549_research.md	btrfs-linux:12 files	12	256392	9646	ok
group_259_btrfs_linux_sources_local_fs_btrfs_linux_fs_btrfs_tests_qgroup_tests_ea12e901b3bd	GROUP	Docs/researches/groups/group_259_btrfs_linux_sources_local_fs_btrfs_linux_fs_btrfs_tests_qgroup_tests_ea12e901b3bd_research.md	btrfs-linux:7 files	7	239041	8136	ok
group_25_9front_sources_os_plan9_9front_sys_src_9_port_usbxhci_c_sources_os_pl_1ff6d9983726	GROUP	Docs/researches/groups/group_25_9front_sources_os_plan9_9front_sys_src_9_port_usbxhci_c_sources_os_pl_1ff6d9983726_research.md	9front:33 files	33	256297	12112	ok
group_260_btrfs_linux_sources_local_fs_btrfs_linux_fs_btrfs_tree_log_c_sources_5a496cb116eb	GROUP	Docs/researches/groups/group_260_btrfs_linux_sources_local_fs_btrfs_linux_fs_btrfs_tree_log_c_sources_5a496cb116eb_research.md	btrfs-linux:2 files	2	245186	8232	ok
group_261_btrfs_linux_sources_local_fs_btrfs_linux_fs_btrfs_tree_mod_log_c_sou_f10d602690c7	GROUP	Docs/researches/groups/group_261_btrfs_linux_sources_local_fs_btrfs_linux_fs_btrfs_tree_mod_log_c_sou_f10d602690c7_research.md	btrfs-linux:8 files	8	78065	3001	ok
group_262_btrfs_linux_sources_local_fs_btrfs_linux_fs_btrfs_volumes_c_185196e5a834	GROUP	Docs/researches/groups/group_262_btrfs_linux_sources_local_fs_btrfs_linux_fs_btrfs_volumes_c_185196e5a834_research.md	btrfs-linux:1 files	1	249427	8868	ok
group_263_btrfs_linux_sources_local_fs_btrfs_linux_fs_btrfs_volumes_h_sources__1ded86c8aead	GROUP	Docs/researches/groups/group_263_btrfs_linux_sources_local_fs_btrfs_linux_fs_btrfs_volumes_h_sources__1ded86c8aead_research.md	btrfs-linux:7 files	7	182813	6438	ok
group_264_btrfs_progs_sources_local_fs_btrfs_progs_check_common_h_sources_loca_da68a0edbef4	GROUP	Docs/researches/groups/group_264_btrfs_progs_sources_local_fs_btrfs_progs_check_common_h_sources_loca_da68a0edbef4_research.md	btrfs-progs:6 files	6	223147	8453	ok
group_265_btrfs_progs_sources_local_fs_btrfs_progs_check_qgroup_verify_c_sourc_b5203d1e094b	GROUP	Docs/researches/groups/group_265_btrfs_progs_sources_local_fs_btrfs_progs_check_qgroup_verify_c_sourc_b5203d1e094b_research.md	btrfs-progs:14 files	14	262084	10198	ok
group_266_btrfs_progs_sources_local_fs_btrfs_progs_cmds_inspect_c_sources_loca_918427318ac4	GROUP	Docs/researches/groups/group_266_btrfs_progs_sources_local_fs_btrfs_progs_cmds_inspect_c_sources_loca_918427318ac4_research.md	btrfs-progs:11 files	11	200544	8187	ok
group_267_btrfs_progs_sources_local_fs_btrfs_progs_cmds_rescue_chunk_recover_c_4a22ed700a56	GROUP	Docs/researches/groups/group_267_btrfs_progs_sources_local_fs_btrfs_progs_cmds_rescue_chunk_recover_c_4a22ed700a56_research.md	btrfs-progs:9 files	9	254211	10323	ok
group_268_btrfs_progs_sources_local_fs_btrfs_progs_cmds_subvolume_c_sources_lo_68d3ac8c5f36	GROUP	Docs/researches/groups/group_268_btrfs_progs_sources_local_fs_btrfs_progs_cmds_subvolume_c_sources_lo_68d3ac8c5f36_research.md	btrfs-progs:21 files	21	199683	7159	ok
group_269_btrfs_progs_sources_local_fs_btrfs_progs_mkfs_main_c_sources_local_f_cd9ac819d112	GROUP	Docs/researches/groups/group_269_btrfs_progs_sources_local_fs_btrfs_progs_mkfs_main_c_sources_local_f_cd9ac819d112_research.md	btrfs-progs:3 files	3	134596	5211	ok
group_26_9front_sources_os_plan9_9front_sys_src_9_ppc_uartsaturn_c_sources_os__6416e2e4c6e1	GROUP	Docs/researches/groups/group_26_9front_sources_os_plan9_9front_sys_src_9_ppc_uartsaturn_c_sources_os__6416e2e4c6e1_research.md	9front:36 files	36	250244	12290	ok
group_270_cryptsetup_sources_block_storage_cryptsetup_lib_Makemodule_am_source_9b8d1e656454	GROUP	Docs/researches/groups/group_270_cryptsetup_sources_block_storage_cryptsetup_lib_Makemodule_am_source_9b8d1e656454_research.md	cryptsetup:31 files	31	250458	7644	ok
group_271_cryptsetup_sources_block_storage_cryptsetup_lib_crypto_backend_crypt_5faea384ec6c	GROUP	Docs/researches/groups/group_271_cryptsetup_sources_block_storage_cryptsetup_lib_crypto_backend_crypt_5faea384ec6c_research.md	cryptsetup:19 files	19	203842	8253	ok
group_272_cryptsetup_sources_block_storage_cryptsetup_lib_libcryptsetup_h_sour_ddb60eb1f31d	GROUP	Docs/researches/groups/group_272_cryptsetup_sources_block_storage_cryptsetup_lib_libcryptsetup_h_sour_ddb60eb1f31d_research.md	cryptsetup:10 files	10	237559	7763	ok
group_273_cryptsetup_sources_block_storage_cryptsetup_lib_luks1_keymanage_c_so_77d526d7e627	GROUP	Docs/researches/groups/group_273_cryptsetup_sources_block_storage_cryptsetup_lib_luks1_keymanage_c_so_77d526d7e627_research.md	cryptsetup:10 files	10	179256	6259	ok
group_274_cryptsetup_sources_block_storage_cryptsetup_lib_luks2_luks2_json_met_43811bc80171	GROUP	Docs/researches/groups/group_274_cryptsetup_sources_block_storage_cryptsetup_lib_luks2_luks2_json_met_43811bc80171_research.md	cryptsetup:5 files	5	188506	6722	ok
group_275_cryptsetup_sources_block_storage_cryptsetup_lib_luks2_luks2_reencryp_3f1641ab5f47	GROUP	Docs/researches/groups/group_275_cryptsetup_sources_block_storage_cryptsetup_lib_luks2_luks2_reencryp_3f1641ab5f47_research.md	cryptsetup:8 files	8	202938	7324	ok
group_276_cryptsetup_sources_block_storage_cryptsetup_lib_setup_c_sources_bloc_74fb0d543dd1	GROUP	Docs/researches/groups/group_276_cryptsetup_sources_block_storage_cryptsetup_lib_setup_c_sources_bloc_74fb0d543dd1_research.md	cryptsetup:3 files	3	255219	9250	ok
group_277_cryptsetup_sources_block_storage_cryptsetup_lib_utils_c_sources_bloc_28f9002d6d7c	GROUP	Docs/researches/groups/group_277_cryptsetup_sources_block_storage_cryptsetup_lib_utils_c_sources_bloc_28f9002d6d7c_research.md	cryptsetup:31 files	31	211410	8539	ok
group_278_cryptsetup_sources_block_storage_cryptsetup_src_cryptsetup_c_sources_488a765f2d18	GROUP	Docs/researches/groups/group_278_cryptsetup_sources_block_storage_cryptsetup_src_cryptsetup_c_sources_488a765f2d18_research.md	cryptsetup:18 files	18	248766	7845	ok
group_279_cryptsetup_sources_block_storage_cryptsetup_src_utils_reencrypt_c_so_68684dc60a66	GROUP	Docs/researches/groups/group_279_cryptsetup_sources_block_storage_cryptsetup_src_utils_reencrypt_c_so_68684dc60a66_research.md	cryptsetup:6 files	6	135650	4949	ok
group_27_9front_sources_os_plan9_9front_sys_src_9_teg2_l_s_sources_os_plan9_9f_53c3c3947fba	GROUP	Docs/researches/groups/group_27_9front_sources_os_plan9_9front_sys_src_9_teg2_l_s_sources_os_plan9_9f_53c3c3947fba_research.md	9front:33 files	33	261053	11433	ok
group_280_devicemapper_rs_sources_block_storage_devicemapper_rs_src_cachedev_r_2ae94facd4f9	GROUP	Docs/researches/groups/group_280_devicemapper_rs_sources_block_storage_devicemapper_rs_src_cachedev_r_2ae94facd4f9_research.md	devicemapper-rs:27 files	27	240047	7093	ok
group_281_devicemapper_rs_sources_block_storage_devicemapper_rs_src_thinpoolde_48fbb8cd74b4	GROUP	Docs/researches/groups/group_281_devicemapper_rs_sources_block_storage_devicemapper_rs_src_thinpoolde_48fbb8cd74b4_research.md	devicemapper-rs:2 files	2	36792	1113	ok
group_282_dlm_sources_local_fs_dlm_Makefile_sources_local_fs_dlm_dlm_spec_in_s_5acd6fed20ab	GROUP	Docs/researches/groups/group_282_dlm_sources_local_fs_dlm_Makefile_sources_local_fs_dlm_dlm_spec_in_s_5acd6fed20ab_research.md	dlm:15 files	15	251699	10228	ok
group_283_dlm_sources_local_fs_dlm_dlm_controld_lib_c_sources_local_fs_dlm_dlm_44b86ad53aa3	GROUP	Docs/researches/groups/group_283_dlm_sources_local_fs_dlm_dlm_controld_lib_c_sources_local_fs_dlm_dlm_44b86ad53aa3_research.md	dlm:24 files	24	258671	10941	ok
group_284_dlm_sources_local_fs_dlm_dlm_sand_main_c_sources_local_fs_dlm_dlm_sa_5e217ea1a6ce	GROUP	Docs/researches/groups/group_284_dlm_sources_local_fs_dlm_dlm_sand_main_c_sources_local_fs_dlm_dlm_sa_5e217ea1a6ce_research.md	dlm:21 files	21	248785	10582	ok
group_285_dokany_sources_windows_dokany_dokan_access_c_sources_windows_dokany__917317be9509	GROUP	Docs/researches/groups/group_285_dokany_sources_windows_dokany_dokan_access_c_sources_windows_dokany__917317be9509_research.md	dokany:14 files	14	224474	6079	ok
group_286_dokany_sources_windows_dokany_dokan_fileinfo_h_sources_windows_dokan_2a40dd00ef89	GROUP	Docs/researches/groups/group_286_dokany_sources_windows_dokany_dokan_fileinfo_h_sources_windows_dokan_2a40dd00ef89_research.md	dokany:29 files	29	231541	7191	ok
group_287_dokany_sources_windows_dokany_dokan_fuse_src_fusemain_cpp_sources_wi_05b3f8e0da7e	GROUP	Docs/researches/groups/group_287_dokany_sources_windows_dokany_dokan_fuse_src_fusemain_cpp_sources_wi_05b3f8e0da7e_research.md	dokany:12 files	12	240799	6824	ok
group_288_dokany_sources_windows_dokany_sys_event_c_sources_windows_dokany_sys_f07f72bced85	GROUP	Docs/researches/groups/group_288_dokany_sources_windows_dokany_sys_event_c_sources_windows_dokany_sys_f07f72bced85_research.md	dokany:12 files	12	247309	6855	ok
group_289_dokany_sources_windows_dokany_sys_util_fcb_c_sources_windows_dokany__896a3dcef281	GROUP	Docs/researches/groups/group_289_dokany_sources_windows_dokany_sys_util_fcb_c_sources_windows_dokany__896a3dcef281_research.md	dokany:8 files	8	86020	2267	ok
group_28_9front_sources_os_plan9_9front_sys_src_9_xen_xen_public_arch_x86_xen__58c6e0939bb7	GROUP	Docs/researches/groups/group_28_9front_sources_os_plan9_9front_sys_src_9_xen_xen_public_arch_x86_xen__58c6e0939bb7_research.md	9front:37 files	37	251490	6904	ok
group_290_dokany_sources_windows_dokany_sys_util_ntstatus_log_inc_sources_wind_1c1dbba9a67a	GROUP	Docs/researches/groups/group_290_dokany_sources_windows_dokany_sys_util_ntstatus_log_inc_sources_wind_1c1dbba9a67a_research.md	dokany:5 files	5	244900	3751	ok
group_291_dosfstools_sources_local_fs_dosfstools_src_Makefile_am_sources_local_17cbc098ddbf	GROUP	Docs/researches/groups/group_291_dosfstools_sources_local_fs_dosfstools_src_Makefile_am_sources_local_17cbc098ddbf_research.md	dosfstools:27 files	27	202398	6936	ok
group_292_dosfstools_sources_local_fs_dosfstools_src_mkfs_fat_c_sources_local__016f1d5d652b	GROUP	Docs/researches/groups/group_292_dosfstools_sources_local_fs_dosfstools_src_mkfs_fat_c_sources_local__016f1d5d652b_research.md	dosfstools:4 files	4	76542	2260	ok
group_293_dragonflybsd_sources_os_bsd_dragonflybsd_sys_kern_Makefile_sources_o_4aff712f968b	GROUP	Docs/researches/groups/group_293_dragonflybsd_sources_os_bsd_dragonflybsd_sys_kern_Makefile_sources_o_4aff712f968b_research.md	dragonflybsd:18 files	18	254094	8624	ok
group_294_dragonflybsd_sources_os_bsd_dragonflybsd_sys_kern_kern_conf_c_source_8b60b4f0d32a	GROUP	Docs/researches/groups/group_294_dragonflybsd_sources_os_bsd_dragonflybsd_sys_kern_kern_conf_c_source_8b60b4f0d32a_research.md	dragonflybsd:8 files	8	212545	8568	ok
group_295_dragonflybsd_sources_os_bsd_dragonflybsd_sys_kern_kern_event_c_sourc_f8b064b14f3b	GROUP	Docs/researches/groups/group_295_dragonflybsd_sources_os_bsd_dragonflybsd_sys_kern_kern_event_c_sourc_f8b064b14f3b_research.md	dragonflybsd:9 files	9	251099	9902	ok
group_296_dragonflybsd_sources_os_bsd_dragonflybsd_sys_kern_kern_kmalloc_c_sou_666b92f0cdde	GROUP	Docs/researches/groups/group_296_dragonflybsd_sources_os_bsd_dragonflybsd_sys_kern_kern_kmalloc_c_sou_666b92f0cdde_research.md	dragonflybsd:12 files	12	251168	9725	ok
group_297_dragonflybsd_sources_os_bsd_dragonflybsd_sys_kern_kern_nrandom_c_sou_faae4fd862b9	GROUP	Docs/researches/groups/group_297_dragonflybsd_sources_os_bsd_dragonflybsd_sys_kern_kern_nrandom_c_sou_faae4fd862b9_research.md	dragonflybsd:14 files	14	250733	9794	ok
group_298_dragonflybsd_sources_os_bsd_dragonflybsd_sys_kern_kern_shutdown_c_so_9b254b4c8d7f	GROUP	Docs/researches/groups/group_298_dragonflybsd_sources_os_bsd_dragonflybsd_sys_kern_kern_shutdown_c_so_9b254b4c8d7f_research.md	dragonflybsd:8 files	8	256669	10033	ok
group_299_dragonflybsd_sources_os_bsd_dragonflybsd_sys_kern_kern_sysref_c_sour_3352d34a4fb2	GROUP	Docs/researches/groups/group_299_dragonflybsd_sources_os_bsd_dragonflybsd_sys_kern_kern_sysref_c_sour_3352d34a4fb2_research.md	dragonflybsd:16 files	16	248223	9575	ok
group_29_9front_sources_os_plan9_9front_sys_src_9_xen_xen_public_memory_h_sour_d652d75ce4ea	GROUP	Docs/researches/groups/group_29_9front_sources_os_plan9_9front_sys_src_9_xen_xen_public_memory_h_sour_d652d75ce4ea_research.md	9front:39 files	39	255551	9665	ok
group_2_9front_sources_os_plan9_9front_sys_src_9_bcm_i2cbcm_c_sources_os_plan9_dd75e60f7627	GROUP	Docs/researches/groups/group_2_9front_sources_os_plan9_9front_sys_src_9_bcm_i2cbcm_c_sources_os_plan9_dd75e60f7627_research.md	9front:59 files	59	256098	13149	ok
group_300_dragonflybsd_sources_os_bsd_dragonflybsd_sys_kern_lwkt_ipiq_c_source_228957914d06	GROUP	Docs/researches/groups/group_300_dragonflybsd_sources_os_bsd_dragonflybsd_sys_kern_lwkt_ipiq_c_source_228957914d06_research.md	dragonflybsd:11 files	11	246033	8981	ok
group_301_dragonflybsd_sources_os_bsd_dragonflybsd_sys_kern_subr_bus_c_sources_d92608754055	GROUP	Docs/researches/groups/group_301_dragonflybsd_sources_os_bsd_dragonflybsd_sys_kern_subr_bus_c_sources_d92608754055_research.md	dragonflybsd:12 files	12	255080	10008	ok
group_302_dragonflybsd_sources_os_bsd_dragonflybsd_sys_kern_subr_diskslice_c_s_f867a245a9a8	GROUP	Docs/researches/groups/group_302_dragonflybsd_sources_os_bsd_dragonflybsd_sys_kern_subr_diskslice_c_s_f867a245a9a8_research.md	dragonflybsd:20 files	20	249824	9951	ok
group_303_dragonflybsd_sources_os_bsd_dragonflybsd_sys_kern_subr_unit_c_source_97db81c1ac85	GROUP	Docs/researches/groups/group_303_dragonflybsd_sources_os_bsd_dragonflybsd_sys_kern_subr_unit_c_source_97db81c1ac85_research.md	dragonflybsd:11 files	11	238737	9651	ok
group_304_dragonflybsd_sources_os_bsd_dragonflybsd_sys_kern_tty_c_sources_os_b_d3de98f56a9b	GROUP	Docs/researches/groups/group_304_dragonflybsd_sources_os_bsd_dragonflybsd_sys_kern_tty_c_sources_os_b_d3de98f56a9b_research.md	dragonflybsd:12 files	12	252944	10116	ok
group_305_dragonflybsd_sources_os_bsd_dragonflybsd_sys_kern_uipc_sockbuf_c_sou_6778384704f6	GROUP	Docs/researches/groups/group_305_dragonflybsd_sources_os_bsd_dragonflybsd_sys_kern_uipc_sockbuf_c_sou_6778384704f6_research.md	dragonflybsd:5 files	5	217562	8722	ok
group_306_dragonflybsd_sources_os_bsd_dragonflybsd_sys_kern_usched_bsd4_c_sour_63a540b2772d	GROUP	Docs/researches/groups/group_306_dragonflybsd_sources_os_bsd_dragonflybsd_sys_kern_usched_bsd4_c_sour_63a540b2772d_research.md	dragonflybsd:4 files	4	159604	5459	ok
group_307_dragonflybsd_sources_os_bsd_dragonflybsd_sys_kern_vfs_bio_c_2c248cd490d7	GROUP	Docs/researches/groups/group_307_dragonflybsd_sources_os_bsd_dragonflybsd_sys_kern_vfs_bio_c_2c248cd490d7_research.md	dragonflybsd:1 files	1	128090	4659	ok
group_308_dragonflybsd_sources_os_bsd_dragonflybsd_sys_kern_vfs_cache_c_source_ae615bae7c37	GROUP	Docs/researches/groups/group_308_dragonflybsd_sources_os_bsd_dragonflybsd_sys_kern_vfs_cache_c_source_ae615bae7c37_research.md	dragonflybsd:4 files	4	254387	9598	ok
group_309_dragonflybsd_sources_os_bsd_dragonflybsd_sys_kern_vfs_helper_c_sourc_215c6bc6fe28	GROUP	Docs/researches/groups/group_309_dragonflybsd_sources_os_bsd_dragonflybsd_sys_kern_vfs_helper_c_sourc_215c6bc6fe28_research.md	dragonflybsd:9 files	9	254458	8852	ok
group_30_9front_sources_os_plan9_9front_sys_src_9_zynq_trap_c_sources_os_plan9_44f68a415959	GROUP	Docs/researches/groups/group_30_9front_sources_os_plan9_9front_sys_src_9_zynq_trap_c_sources_os_plan9_44f68a415959_research.md	9front:23 files	23	258306	14219	ok
group_310_dragonflybsd_sources_os_bsd_dragonflybsd_sys_kern_vfs_subr_c_sources_382e486a1e85	GROUP	Docs/researches/groups/group_310_dragonflybsd_sources_os_bsd_dragonflybsd_sys_kern_vfs_subr_c_sources_382e486a1e85_research.md	dragonflybsd:6 files	6	241596	10041	ok
group_311_dragonflybsd_sources_os_bsd_dragonflybsd_sys_kern_vfs_vnops_c_source_31fb6bd2641a	GROUP	Docs/researches/groups/group_311_dragonflybsd_sources_os_bsd_dragonflybsd_sys_kern_vfs_vnops_c_source_31fb6bd2641a_research.md	dragonflybsd:37 files	37	255186	8594	ok
group_312_dragonflybsd_sources_os_bsd_dragonflybsd_sys_sys_camlib_h_sources_os_054f8773a615	GROUP	Docs/researches/groups/group_312_dragonflybsd_sources_os_bsd_dragonflybsd_sys_sys_camlib_h_sources_os_054f8773a615_research.md	dragonflybsd:39 files	39	259428	7851	ok
group_313_dragonflybsd_sources_os_bsd_dragonflybsd_sys_sys_efi_h_sources_os_bs_08945fcd9685	GROUP	Docs/researches/groups/group_313_dragonflybsd_sources_os_bsd_dragonflybsd_sys_sys_efi_h_sources_os_bs_08945fcd9685_research.md	dragonflybsd:46 files	46	261721	7425	ok
group_314_dragonflybsd_sources_os_bsd_dragonflybsd_sys_sys_jail_h_sources_os_b_4cce9b757716	GROUP	Docs/researches/groups/group_314_dragonflybsd_sources_os_bsd_dragonflybsd_sys_sys_jail_h_sources_os_b_4cce9b757716_research.md	dragonflybsd:36 files	36	254070	7512	ok
group_315_dragonflybsd_sources_os_bsd_dragonflybsd_sys_sys_mouse_h_sources_os__82cbf42fe454	GROUP	Docs/researches/groups/group_315_dragonflybsd_sources_os_bsd_dragonflybsd_sys_sys_mouse_h_sources_os__82cbf42fe454_research.md	dragonflybsd:39 files	39	256628	7153	ok
group_316_dragonflybsd_sources_os_bsd_dragonflybsd_sys_sys_resource_h_sources__964b9af50571	GROUP	Docs/researches/groups/group_316_dragonflybsd_sources_os_bsd_dragonflybsd_sys_sys_resource_h_sources__964b9af50571_research.md	dragonflybsd:35 files	35	258238	7558	ok
group_317_dragonflybsd_sources_os_bsd_dragonflybsd_sys_sys_syscall_h_sources_o_92f4d9d54c20	GROUP	Docs/researches/groups/group_317_dragonflybsd_sources_os_bsd_dragonflybsd_sys_sys_syscall_h_sources_o_92f4d9d54c20_research.md	dragonflybsd:28 files	28	259964	7519	ok
group_318_dragonflybsd_sources_os_bsd_dragonflybsd_sys_sys_tree_h_sources_os_b_e68774becc96	GROUP	Docs/researches/groups/group_318_dragonflybsd_sources_os_bsd_dragonflybsd_sys_sys_tree_h_sources_os_b_e68774becc96_research.md	dragonflybsd:38 files	38	261586	7708	ok
group_319_dragonflybsd_sources_os_bsd_dragonflybsd_sys_vfs_autofs_autofs_vnops_92a6976c8bc8	GROUP	Docs/researches/groups/group_319_dragonflybsd_sources_os_bsd_dragonflybsd_sys_vfs_autofs_autofs_vnops_92a6976c8bc8_research.md	dragonflybsd:12 files	12	245994	10304	ok
group_31_9front_sources_os_plan9_9front_sys_src_cmd_1l_span_c_sources_os_plan9_645c3b4e1e7f	GROUP	Docs/researches/groups/group_31_9front_sources_os_plan9_9front_sys_src_cmd_1l_span_c_sources_os_plan9_645c3b4e1e7f_research.md	9front:20 files	20	253749	14212	ok
group_320_dragonflybsd_sources_os_bsd_dragonflybsd_sys_vfs_ext2fs_ext2_alloc_c_8b2fc6ec88cf	GROUP	Docs/researches/groups/group_320_dragonflybsd_sources_os_bsd_dragonflybsd_sys_vfs_ext2fs_ext2_alloc_c_8b2fc6ec88cf_research.md	dragonflybsd:17 files	17	220243	7604	ok
group_321_dragonflybsd_sources_os_bsd_dragonflybsd_sys_vfs_ext2fs_ext2_vfsops__1c4a523a5729	GROUP	Docs/researches/groups/group_321_dragonflybsd_sources_os_bsd_dragonflybsd_sys_vfs_ext2fs_ext2_vfsops__1c4a523a5729_research.md	dragonflybsd:20 files	20	226258	8522	ok
group_322_dragonflybsd_sources_os_bsd_dragonflybsd_sys_vfs_fuse_fuse_vnops_c_s_65e3745c3e98	GROUP	Docs/researches/groups/group_322_dragonflybsd_sources_os_bsd_dragonflybsd_sys_vfs_fuse_fuse_vnops_c_s_65e3745c3e98_research.md	dragonflybsd:7 files	7	250911	8704	ok
group_323_dragonflybsd_sources_os_bsd_dragonflybsd_sys_vfs_hammer_hammer_curso_9d06585edc1d	GROUP	Docs/researches/groups/group_323_dragonflybsd_sources_os_bsd_dragonflybsd_sys_vfs_hammer_hammer_curso_9d06585edc1d_research.md	dragonflybsd:6 files	6	213678	7093	ok
group_324_dragonflybsd_sources_os_bsd_dragonflybsd_sys_vfs_hammer_hammer_io_c__2619335a72ff	GROUP	Docs/researches/groups/group_324_dragonflybsd_sources_os_bsd_dragonflybsd_sys_vfs_hammer_hammer_io_c__2619335a72ff_research.md	dragonflybsd:7 files	7	256081	8943	ok
group_325_dragonflybsd_sources_os_bsd_dragonflybsd_sys_vfs_hammer_hammer_pfs_c_a9d02fcecff3	GROUP	Docs/researches/groups/group_325_dragonflybsd_sources_os_bsd_dragonflybsd_sys_vfs_hammer_hammer_pfs_c_a9d02fcecff3_research.md	dragonflybsd:11 files	11	211832	7349	ok
group_326_dragonflybsd_sources_os_bsd_dragonflybsd_sys_vfs_hammer_hammer_vnops_566cba6dd741	GROUP	Docs/researches/groups/group_326_dragonflybsd_sources_os_bsd_dragonflybsd_sys_vfs_hammer_hammer_vnops_566cba6dd741_research.md	dragonflybsd:5 files	5	227569	7746	ok
group_327_dragonflybsd_sources_os_bsd_dragonflybsd_sys_vfs_hammer2_hammer2_bul_4851a413e9eb	GROUP	Docs/researches/groups/group_327_dragonflybsd_sources_os_bsd_dragonflybsd_sys_vfs_hammer2_hammer2_bul_4851a413e9eb_research.md	dragonflybsd:5 files	5	244902	8536	ok
group_328_dragonflybsd_sources_os_bsd_dragonflybsd_sys_vfs_hammer2_hammer2_dis_24ed0a4f8386	GROUP	Docs/researches/groups/group_328_dragonflybsd_sources_os_bsd_dragonflybsd_sys_vfs_hammer2_hammer2_dis_24ed0a4f8386_research.md	dragonflybsd:7 files	7	258063	8772	ok
group_329_dragonflybsd_sources_os_bsd_dragonflybsd_sys_vfs_hammer2_hammer2_ioc_4507aebd03fd	GROUP	Docs/researches/groups/group_329_dragonflybsd_sources_os_bsd_dragonflybsd_sys_vfs_hammer2_hammer2_ioc_4507aebd03fd_research.md	dragonflybsd:11 files	11	235145	8494	ok
group_32_9front_sources_os_plan9_9front_sys_src_cmd_2l_pass_c_sources_os_plan9_de42f163838c	GROUP	Docs/researches/groups/group_32_9front_sources_os_plan9_9front_sys_src_cmd_2l_pass_c_sources_os_plan9_de42f163838c_research.md	9front:34 files	34	256191	15258	ok
group_330_dragonflybsd_sources_os_bsd_dragonflybsd_sys_vfs_hammer2_hammer2_vno_bce132b9fee5	GROUP	Docs/researches/groups/group_330_dragonflybsd_sources_os_bsd_dragonflybsd_sys_vfs_hammer2_hammer2_vno_bce132b9fee5_research.md	dragonflybsd:12 files	12	256912	8136	ok
group_331_dragonflybsd_sources_os_bsd_dragonflybsd_sys_vfs_hammer2_zlib_hammer_661e4733d13f	GROUP	Docs/researches/groups/group_331_dragonflybsd_sources_os_bsd_dragonflybsd_sys_vfs_hammer2_zlib_hammer_661e4733d13f_research.md	dragonflybsd:27 files	27	261226	8690	ok
group_332_dragonflybsd_sources_os_bsd_dragonflybsd_sys_vfs_isofs_cd9660_cd9660_f97f54bfff17	GROUP	Docs/researches/groups/group_332_dragonflybsd_sources_os_bsd_dragonflybsd_sys_vfs_isofs_cd9660_cd9660_f97f54bfff17_research.md	dragonflybsd:24 files	24	243716	8496	ok
group_333_dragonflybsd_sources_os_bsd_dragonflybsd_sys_vfs_msdosfs_msdosfs_loo_e2b7bf989be3	GROUP	Docs/researches/groups/group_333_dragonflybsd_sources_os_bsd_dragonflybsd_sys_vfs_msdosfs_msdosfs_loo_e2b7bf989be3_research.md	dragonflybsd:11 files	11	257974	9230	ok
group_334_dragonflybsd_sources_os_bsd_dragonflybsd_sys_vfs_nfs_nfs_kerb_c_sour_d71f26e8945c	GROUP	Docs/researches/groups/group_334_dragonflybsd_sources_os_bsd_dragonflybsd_sys_vfs_nfs_nfs_kerb_c_sour_d71f26e8945c_research.md	dragonflybsd:7 files	7	253564	10047	ok
group_335_dragonflybsd_sources_os_bsd_dragonflybsd_sys_vfs_nfs_nfs_syscalls_c__9e413a82c878	GROUP	Docs/researches/groups/group_335_dragonflybsd_sources_os_bsd_dragonflybsd_sys_vfs_nfs_nfs_syscalls_c__9e413a82c878_research.md	dragonflybsd:12 files	12	262125	9397	ok
group_336_dragonflybsd_sources_os_bsd_dragonflybsd_sys_vfs_nfs_nfsv2_h_sources_c896eb5a755e	GROUP	Docs/researches/groups/group_336_dragonflybsd_sources_os_bsd_dragonflybsd_sys_vfs_nfs_nfsv2_h_sources_c896eb5a755e_research.md	dragonflybsd:37 files	37	261588	9538	ok
group_337_dragonflybsd_sources_os_bsd_dragonflybsd_sys_vfs_smbfs_Makefile_sour_f93bc05f790b	GROUP	Docs/researches/groups/group_337_dragonflybsd_sources_os_bsd_dragonflybsd_sys_vfs_smbfs_Makefile_sour_f93bc05f790b_research.md	dragonflybsd:17 files	17	260332	9662	ok
group_338_dragonflybsd_sources_os_bsd_dragonflybsd_sys_vfs_tmpfs_tmpfs_vnops_h_8669a0c7b5a7	GROUP	Docs/researches/groups/group_338_dragonflybsd_sources_os_bsd_dragonflybsd_sys_vfs_tmpfs_tmpfs_vnops_h_8669a0c7b5a7_research.md	dragonflybsd:16 files	16	189124	6655	ok
group_339_dragonflybsd_sources_os_bsd_dragonflybsd_sys_vfs_ufs_ffs_softdep_c_s_632baf24f1e1	GROUP	Docs/researches/groups/group_339_dragonflybsd_sources_os_bsd_dragonflybsd_sys_vfs_ufs_ffs_softdep_c_s_632baf24f1e1_research.md	dragonflybsd:9 files	9	247536	8149	ok
group_33_9front_sources_os_plan9_9front_sys_src_cmd_5i_run_c_sources_os_plan9__4d5c42dad232	GROUP	Docs/researches/groups/group_33_9front_sources_os_plan9_9front_sys_src_cmd_5i_run_c_sources_os_plan9__4d5c42dad232_research.md	9front:20 files	20	259304	14214	ok
group_340_dragonflybsd_sources_os_bsd_dragonflybsd_sys_vfs_ufs_softdep_h_sourc_aad87991e443	GROUP	Docs/researches/groups/group_340_dragonflybsd_sources_os_bsd_dragonflybsd_sys_vfs_ufs_softdep_h_sourc_aad87991e443_research.md	dragonflybsd:13 files	13	222372	7623	ok
group_341_e2fsprogs_sources_local_fs_e2fsprogs_e2fsck_Makefile_in_sources_loca_e9c23706b208	GROUP	Docs/researches/groups/group_341_e2fsprogs_sources_local_fs_e2fsprogs_e2fsck_Makefile_in_sources_loca_e9c23706b208_research.md	e2fsprogs:22 files	22	257378	9181	ok
group_342_e2fsprogs_sources_local_fs_e2fsprogs_e2fsck_mtrace_h_sources_local_f_27b058806311	GROUP	Docs/researches/groups/group_342_e2fsprogs_sources_local_fs_e2fsprogs_e2fsck_mtrace_h_sources_local_f_27b058806311_research.md	e2fsprogs:5 files	5	255593	8953	ok
group_343_e2fsprogs_sources_local_fs_e2fsprogs_e2fsck_pass4_c_sources_local_fs_f73bf199c2eb	GROUP	Docs/researches/groups/group_343_e2fsprogs_sources_local_fs_e2fsprogs_e2fsck_pass4_c_sources_local_fs_f73bf199c2eb_research.md	e2fsprogs:12 files	12	260473	9106	ok
group_344_e2fsprogs_sources_local_fs_e2fsprogs_e2fsck_sigcatcher_c_sources_loc_b677ee0375d4	GROUP	Docs/researches/groups/group_344_e2fsprogs_sources_local_fs_e2fsprogs_e2fsck_sigcatcher_c_sources_loc_b677ee0375d4_research.md	e2fsprogs:14 files	14	259754	8717	ok
group_345_e2fsprogs_sources_local_fs_e2fsprogs_lib_ext2fs_bitops_c_sources_loc_830b545790d4	GROUP	Docs/researches/groups/group_345_e2fsprogs_sources_local_fs_e2fsprogs_lib_ext2fs_bitops_c_sources_loc_830b545790d4_research.md	e2fsprogs:30 files	30	261947	9654	ok
group_346_e2fsprogs_sources_local_fs_e2fsprogs_lib_ext2fs_ext2_err_et_in_sourc_fb7d0404f0d9	GROUP	Docs/researches/groups/group_346_e2fsprogs_sources_local_fs_e2fsprogs_lib_ext2fs_ext2_err_et_in_sourc_fb7d0404f0d9_research.md	e2fsprogs:12 files	12	258338	8771	ok
group_347_e2fsprogs_sources_local_fs_e2fsprogs_lib_ext2fs_fallocate_c_sources__2331bfdc357d	GROUP	Docs/researches/groups/group_347_e2fsprogs_sources_local_fs_e2fsprogs_lib_ext2fs_fallocate_c_sources__2331bfdc357d_research.md	e2fsprogs:29 files	29	252117	10194	ok
group_348_e2fsprogs_sources_local_fs_e2fsprogs_lib_ext2fs_ismounted_c_sources__9341d16c63f7	GROUP	Docs/researches/groups/group_348_e2fsprogs_sources_local_fs_e2fsprogs_lib_ext2fs_ismounted_c_sources__9341d16c63f7_research.md	e2fsprogs:28 files	28	253829	10406	ok
group_349_e2fsprogs_sources_local_fs_e2fsprogs_lib_ext2fs_sha512_c_sources_loc_7943ef4ff733	GROUP	Docs/researches/groups/group_349_e2fsprogs_sources_local_fs_e2fsprogs_lib_ext2fs_sha512_c_sources_loc_7943ef4ff733_research.md	e2fsprogs:21 files	21	251988	9428	ok
group_34_9front_sources_os_plan9_9front_sys_src_cmd_6c_gc_h_sources_os_plan9_9_38265ebad6ca	GROUP	Docs/researches/groups/group_34_9front_sources_os_plan9_9front_sys_src_cmd_6c_gc_h_sources_os_plan9_9_38265ebad6ca_research.md	9front:20 files	20	259593	14729	ok
group_350_e2fsprogs_sources_local_fs_e2fsprogs_lib_ext2fs_undo_io_c_sources_lo_4e6aeebc0b8e	GROUP	Docs/researches/groups/group_350_e2fsprogs_sources_local_fs_e2fsprogs_lib_ext2fs_undo_io_c_sources_lo_4e6aeebc0b8e_research.md	e2fsprogs:19 files	19	258788	9681	ok
group_351_e2fsprogs_sources_local_fs_e2fsprogs_misc_create_inode_libarchive_c__90e4c1722bf1	GROUP	Docs/researches/groups/group_351_e2fsprogs_sources_local_fs_e2fsprogs_misc_create_inode_libarchive_c__90e4c1722bf1_research.md	e2fsprogs:21 files	21	241061	9463	ok
group_352_e2fsprogs_sources_local_fs_e2fsprogs_misc_ext4_5_in_sources_local_fs_559d23131854	GROUP	Docs/researches/groups/group_352_e2fsprogs_sources_local_fs_e2fsprogs_misc_ext4_5_in_sources_local_fs_559d23131854_research.md	e2fsprogs:15 files	15	258725	10482	ok
group_353_e2fsprogs_sources_local_fs_e2fsprogs_misc_lsattr_c_sources_local_fs__d346cdee01a1	GROUP	Docs/researches/groups/group_353_e2fsprogs_sources_local_fs_e2fsprogs_misc_lsattr_c_sources_local_fs__d346cdee01a1_research.md	e2fsprogs:13 files	13	198941	6741	ok
group_354_e2fsprogs_sources_local_fs_e2fsprogs_misc_tune2fs_c_sources_local_fs_6394341ae1dc	GROUP	Docs/researches/groups/group_354_e2fsprogs_sources_local_fs_e2fsprogs_misc_tune2fs_c_sources_local_fs_6394341ae1dc_research.md	e2fsprogs:8 files	8	126337	5019	ok
group_355_erofs_utils_sources_local_fs_erofs_utils_fsck_Makefile_am_sources_lo_3c0e51963f65	GROUP	Docs/researches/groups/group_355_erofs_utils_sources_local_fs_erofs_utils_fsck_Makefile_am_sources_lo_3c0e51963f65_research.md	erofs-utils:31 files	31	260091	10482	ok
group_356_erofs_utils_sources_local_fs_erofs_utils_lib_importer_c_sources_loca_da2075f98ec3	GROUP	Docs/researches/groups/group_356_erofs_utils_sources_local_fs_erofs_utils_lib_importer_c_sources_loca_da2075f98ec3_research.md	erofs-utils:27 files	27	258760	10251	ok
group_357_erofs_utils_sources_local_fs_erofs_utils_lib_super_c_sources_local_f_2572cf24f309	GROUP	Docs/researches/groups/group_357_erofs_utils_sources_local_fs_erofs_utils_lib_super_c_sources_local_f_2572cf24f309_research.md	erofs-utils:11 files	11	174266	6732	ok
group_358_exfatprogs_sources_local_fs_exfatprogs_fsck_Makefile_am_sources_loca_edd4ac70cad1	GROUP	Docs/researches/groups/group_358_exfatprogs_sources_local_fs_exfatprogs_fsck_Makefile_am_sources_loca_edd4ac70cad1_research.md	exfatprogs:10 files	10	127563	4630	ok
group_359_f2fs_tools_sources_local_fs_f2fs_tools_fsck_Makefile_am_sources_loca_ca052017a36f	GROUP	Docs/researches/groups/group_359_f2fs_tools_sources_local_fs_f2fs_tools_fsck_Makefile_am_sources_loca_ca052017a36f_research.md	f2fs-tools:13 files	13	236852	9056	ok
group_35_9front_sources_os_plan9_9front_sys_src_cmd_7c_7_out_h_sources_os_plan_bfd6f530174a	GROUP	Docs/researches/groups/group_35_9front_sources_os_plan9_9front_sys_src_cmd_7c_7_out_h_sources_os_plan_bfd6f530174a_research.md	9front:13 files	13	199209	10997	ok
group_360_f2fs_tools_sources_local_fs_f2fs_tools_fsck_inject_c_sources_local_f_58e0d91f40a3	GROUP	Docs/researches/groups/group_360_f2fs_tools_sources_local_fs_f2fs_tools_fsck_inject_c_sources_local_f_58e0d91f40a3_research.md	f2fs-tools:13 files	13	259736	9841	ok
group_361_f2fs_tools_sources_local_fs_f2fs_tools_fsck_resize_c_sources_local_f_517d76a3f08f	GROUP	Docs/researches/groups/group_361_f2fs_tools_sources_local_fs_f2fs_tools_fsck_resize_c_sources_local_f_517d76a3f08f_research.md	f2fs-tools:13 files	13	208230	7617	ok
group_362_freebsd_src_sources_os_bsd_freebsd_src_sbin_Makefile_sources_os_bsd__546c6b77b6ea	GROUP	Docs/researches/groups/group_362_freebsd_src_sources_os_bsd_freebsd_src_sbin_Makefile_sources_os_bsd__546c6b77b6ea_research.md	freebsd-src:24 files	24	259577	9640	ok
group_363_freebsd_src_sources_os_bsd_freebsd_src_sbin_camcontrol_progress_h_so_66a9a14e0f49	GROUP	Docs/researches/groups/group_363_freebsd_src_sources_os_bsd_freebsd_src_sbin_camcontrol_progress_h_so_66a9a14e0f49_research.md	freebsd-src:58 files	58	262052	10087	ok
group_364_freebsd_src_sources_os_bsd_freebsd_src_sbin_dhclient_convert_c_sourc_fee6ba4237a9	GROUP	Docs/researches/groups/group_364_freebsd_src_sources_os_bsd_freebsd_src_sbin_dhclient_convert_c_sourc_fee6ba4237a9_research.md	freebsd-src:28 files	28	254567	9193	ok
group_365_freebsd_src_sources_os_bsd_freebsd_src_sbin_dump_dumprmt_c_sources_o_d9c611dce488	GROUP	Docs/researches/groups/group_365_freebsd_src_sources_os_bsd_freebsd_src_sbin_dump_dumprmt_c_sources_o_d9c611dce488_research.md	freebsd-src:26 files	26	257043	9881	ok
group_366_freebsd_src_sources_os_bsd_freebsd_src_sbin_fsck_preen_c_sources_os__3ed389a5637f	GROUP	Docs/researches/groups/group_366_freebsd_src_sources_os_bsd_freebsd_src_sbin_fsck_preen_c_sources_os__3ed389a5637f_research.md	freebsd-src:17 files	17	254847	8980	ok
group_367_freebsd_src_sources_os_bsd_freebsd_src_sbin_fsck_ffs_suj_c_sources_o_7daaaa4c9a03	GROUP	Docs/researches/groups/group_367_freebsd_src_sources_os_bsd_freebsd_src_sbin_fsck_ffs_suj_c_sources_o_7daaaa4c9a03_research.md	freebsd-src:24 files	24	261656	10297	ok
group_368_freebsd_src_sources_os_bsd_freebsd_src_sbin_ggate_ggatec_ggatec_c_so_bcadc151bff1	GROUP	Docs/researches/groups/group_368_freebsd_src_sources_os_bsd_freebsd_src_sbin_ggate_ggatec_ggatec_c_so_bcadc151bff1_research.md	freebsd-src:31 files	31	248172	9165	ok
group_369_freebsd_src_sources_os_bsd_freebsd_src_sbin_hastd_hastd_c_sources_os_9c5e8ebd8ac5	GROUP	Docs/researches/groups/group_369_freebsd_src_sources_os_bsd_freebsd_src_sbin_hastd_hastd_c_sources_os_9c5e8ebd8ac5_research.md	freebsd-src:20 files	20	258927	9717	ok
group_36_9front_sources_os_plan9_9front_sys_src_cmd_7l_bits_c_sources_os_plan9_0a42361b6f40	GROUP	Docs/researches/groups/group_36_9front_sources_os_plan9_9front_sys_src_cmd_7l_bits_c_sources_os_plan9_0a42361b6f40_research.md	9front:10 files	10	258323	9182	ok
group_370_freebsd_src_sources_os_bsd_freebsd_src_sbin_hastd_proto_uds_c_source_eb303ac2546a	GROUP	Docs/researches/groups/group_370_freebsd_src_sources_os_bsd_freebsd_src_sbin_hastd_proto_uds_c_source_eb303ac2546a_research.md	freebsd-src:25 files	25	261328	9893	ok
group_371_freebsd_src_sources_os_bsd_freebsd_src_sbin_ifconfig_ifgroup_c_sourc_ed7cf5d568f8	GROUP	Docs/researches/groups/group_371_freebsd_src_sources_os_bsd_freebsd_src_sbin_ifconfig_ifgroup_c_sourc_ed7cf5d568f8_research.md	freebsd-src:15 files	15	250142	9470	ok
group_372_freebsd_src_sources_os_bsd_freebsd_src_sbin_init_init_c_sources_os_b_c6ce66f1a0e5	GROUP	Docs/researches/groups/group_372_freebsd_src_sources_os_bsd_freebsd_src_sbin_init_init_c_sources_os_b_c6ce66f1a0e5_research.md	freebsd-src:22 files	22	231441	10346	ok
group_373_freebsd_src_sources_os_bsd_freebsd_src_sbin_ipf_ipfstat_ipfstat_c_so_84f2e28a30e5	GROUP	Docs/researches/groups/group_373_freebsd_src_sources_os_bsd_freebsd_src_sbin_ipf_ipfstat_ipfstat_c_so_84f2e28a30e5_research.md	freebsd-src:18 files	18	250388	11412	ok
group_374_freebsd_src_sources_os_bsd_freebsd_src_sbin_ipf_ipnat_ipnat_y_y_sour_b9b44fff625e	GROUP	Docs/researches/groups/group_374_freebsd_src_sources_os_bsd_freebsd_src_sbin_ipf_ipnat_ipnat_y_y_sour_b9b44fff625e_research.md	freebsd-src:63 files	63	250052	11503	ok
group_375_freebsd_src_sources_os_bsd_freebsd_src_sbin_ipf_libipf_interror_c_so_d57f61d415ee	GROUP	Docs/researches/groups/group_375_freebsd_src_sources_os_bsd_freebsd_src_sbin_ipf_libipf_interror_c_so_d57f61d415ee_research.md	freebsd-src:107 files	107	220833	10148	ok
group_376_freebsd_src_sources_os_bsd_freebsd_src_sbin_ipfw_dummynet_c_sources__08c48049615d	GROUP	Docs/researches/groups/group_376_freebsd_src_sources_os_bsd_freebsd_src_sbin_ipfw_dummynet_c_sources__08c48049615d_research.md	freebsd-src:5 files	5	243269	10089	ok
group_377_freebsd_src_sources_os_bsd_freebsd_src_sbin_ipfw_nat_c_sources_os_bs_c120eabe333e	GROUP	Docs/researches/groups/group_377_freebsd_src_sources_os_bsd_freebsd_src_sbin_ipfw_nat_c_sources_os_bs_c120eabe333e_research.md	freebsd-src:24 files	24	252805	9314	ok
group_378_freebsd_src_sources_os_bsd_freebsd_src_sbin_md5_tests_md5_test_sh_so_8f63ab9f3bee	GROUP	Docs/researches/groups/group_378_freebsd_src_sources_os_bsd_freebsd_src_sbin_md5_tests_md5_test_sh_so_8f63ab9f3bee_research.md	freebsd-src:36 files	36	235258	8989	ok
group_379_freebsd_src_sources_os_bsd_freebsd_src_sbin_newfs_mkfs_c_sources_os__13c04d6e35c2	GROUP	Docs/researches/groups/group_379_freebsd_src_sources_os_bsd_freebsd_src_sbin_newfs_mkfs_c_sources_os__13c04d6e35c2_research.md	freebsd-src:37 files	37	245770	8489	ok
group_37_9front_sources_os_plan9_9front_sys_src_cmd_7l_span_c_sources_os_plan9_c62708c5c6f4	GROUP	Docs/researches/groups/group_37_9front_sources_os_plan9_9front_sys_src_cmd_7l_span_c_sources_os_plan9_c62708c5c6f4_research.md	9front:20 files	20	259271	15380	ok
group_380_freebsd_src_sources_os_bsd_freebsd_src_sbin_nvmecontrol_modules_wdc__c399603218da	GROUP	Docs/researches/groups/group_380_freebsd_src_sources_os_bsd_freebsd_src_sbin_nvmecontrol_modules_wdc__c399603218da_research.md	freebsd-src:19 files	19	130598	4666	ok
group_381_freebsd_src_sources_os_bsd_freebsd_src_sbin_pfctl_parse_y_sources_os_3c8867186d3e	GROUP	Docs/researches/groups/group_381_freebsd_src_sources_os_bsd_freebsd_src_sbin_pfctl_parse_y_sources_os_3c8867186d3e_research.md	freebsd-src:3 files	3	223888	9400	ok
group_382_freebsd_src_sources_os_bsd_freebsd_src_sbin_pfctl_pfctl_c_sources_os_ac07b4406c56	GROUP	Docs/researches/groups/group_382_freebsd_src_sources_os_bsd_freebsd_src_sbin_pfctl_pfctl_c_sources_os_ac07b4406c56_research.md	freebsd-src:6 files	6	227152	8735	ok
group_383_freebsd_src_sources_os_bsd_freebsd_src_sbin_pfctl_pfctl_parser_c_sou_b7fd9b7092c8	GROUP	Docs/researches/groups/group_383_freebsd_src_sources_os_bsd_freebsd_src_sbin_pfctl_pfctl_parser_c_sou_b7fd9b7092c8_research.md	freebsd-src:173 files	173	246525	8747	ok
group_384_freebsd_src_sources_os_bsd_freebsd_src_sbin_ping_ping6_c_sources_os__d84d1657d9f9	GROUP	Docs/researches/groups/group_384_freebsd_src_sources_os_bsd_freebsd_src_sbin_ping_ping6_c_sources_os__d84d1657d9f9_research.md	freebsd-src:27 files	27	248480	9500	ok
group_385_freebsd_src_sources_os_bsd_freebsd_src_sbin_restore_dirs_c_sources_o_4b1afad0100c	GROUP	Docs/researches/groups/group_385_freebsd_src_sources_os_bsd_freebsd_src_sbin_restore_dirs_c_sources_o_4b1afad0100c_research.md	freebsd-src:17 files	17	241182	9631	ok
group_386_freebsd_src_sources_os_bsd_freebsd_src_sbin_routed_if_c_sources_os_b_277b4ae12911	GROUP	Docs/researches/groups/group_386_freebsd_src_sources_os_bsd_freebsd_src_sbin_routed_if_c_sources_os_b_277b4ae12911_research.md	freebsd-src:11 files	11	216077	8363	ok
group_387_freebsd_src_sources_os_bsd_freebsd_src_sbin_routed_table_c_sources_o_d3f6339d43e7	GROUP	Docs/researches/groups/group_387_freebsd_src_sources_os_bsd_freebsd_src_sbin_routed_table_c_sources_o_d3f6339d43e7_research.md	freebsd-src:23 files	23	242259	9892	ok
group_388_freebsd_src_sources_os_bsd_freebsd_src_sbin_sysctl_sysctl_c_sources__7a70d96e83e8	GROUP	Docs/researches/groups/group_388_freebsd_src_sources_os_bsd_freebsd_src_sbin_sysctl_sysctl_c_sources__7a70d96e83e8_research.md	freebsd-src:34 files	34	243465	9288	ok
group_389_freebsd_src_sources_os_bsd_freebsd_src_sys_fs_cd9660_cd9660_vfsops_c_017de46f06f9	GROUP	Docs/researches/groups/group_389_freebsd_src_sources_os_bsd_freebsd_src_sys_fs_cd9660_cd9660_vfsops_c_017de46f06f9_research.md	freebsd-src:17 files	17	240097	9627	ok
group_38_9front_sources_os_plan9_9front_sys_src_cmd_8l_list_c_sources_os_plan9_b3c4748e1bf9	GROUP	Docs/researches/groups/group_38_9front_sources_os_plan9_9front_sys_src_cmd_8l_list_c_sources_os_plan9_b3c4748e1bf9_research.md	9front:26 files	26	252185	14542	ok
group_390_freebsd_src_sources_os_bsd_freebsd_src_sys_fs_ext2fs_ext2_alloc_c_so_13b5e4a47cf8	GROUP	Docs/researches/groups/group_390_freebsd_src_sources_os_bsd_freebsd_src_sys_fs_ext2fs_ext2_alloc_c_so_13b5e4a47cf8_research.md	freebsd-src:15 files	15	244907	9108	ok
group_391_freebsd_src_sources_os_bsd_freebsd_src_sys_fs_ext2fs_ext2_lookup_c_s_5ef3aff34bc1	GROUP	Docs/researches/groups/group_391_freebsd_src_sources_os_bsd_freebsd_src_sys_fs_ext2fs_ext2_lookup_c_s_5ef3aff34bc1_research.md	freebsd-src:17 files	17	256394	8940	ok
group_392_freebsd_src_sources_os_bsd_freebsd_src_sys_fs_fuse_fuse_internal_c_s_763d6b61e5cd	GROUP	Docs/researches/groups/group_392_freebsd_src_sources_os_bsd_freebsd_src_sys_fs_fuse_fuse_internal_c_s_763d6b61e5cd_research.md	freebsd-src:11 files	11	195470	7045	ok
group_393_freebsd_src_sources_os_bsd_freebsd_src_sys_fs_fuse_fuse_vnops_c_sour_30c17b2f2085	GROUP	Docs/researches/groups/group_393_freebsd_src_sources_os_bsd_freebsd_src_sys_fs_fuse_fuse_vnops_c_sour_30c17b2f2085_research.md	freebsd-src:12 files	12	240119	8603	ok
group_394_freebsd_src_sources_os_bsd_freebsd_src_sys_fs_msdosfs_msdosfs_vfsops_548900f60f74	GROUP	Docs/researches/groups/group_394_freebsd_src_sources_os_bsd_freebsd_src_sys_fs_msdosfs_msdosfs_vfsops_548900f60f74_research.md	freebsd-src:7 files	7	224430	7794	ok
group_395_freebsd_src_sources_os_bsd_freebsd_src_sys_fs_nfs_nfs_commonsubs_c_s_d4106d341ec5	GROUP	Docs/researches/groups/group_395_freebsd_src_sources_os_bsd_freebsd_src_sys_fs_nfs_nfs_commonsubs_c_s_d4106d341ec5_research.md	freebsd-src:8 files	8	227089	7425	ok
group_396_freebsd_src_sources_os_bsd_freebsd_src_sys_fs_nfs_nfsport_h_sources__a48fe95f6056	GROUP	Docs/researches/groups/group_396_freebsd_src_sources_os_bsd_freebsd_src_sys_fs_nfs_nfsport_h_sources__a48fe95f6056_research.md	freebsd-src:14 files	14	236307	8000	ok
group_397_freebsd_src_sources_os_bsd_freebsd_src_sys_fs_nfsclient_nfs_clport_c_145be133f647	GROUP	Docs/researches/groups/group_397_freebsd_src_sources_os_bsd_freebsd_src_sys_fs_nfsclient_nfs_clport_c_145be133f647_research.md	freebsd-src:3 files	3	218205	7885	ok
group_398_freebsd_src_sources_os_bsd_freebsd_src_sys_fs_nfsclient_nfs_clvfsops_eb0624b613a8	GROUP	Docs/researches/groups/group_398_freebsd_src_sources_os_bsd_freebsd_src_sys_fs_nfsclient_nfs_clvfsops_eb0624b613a8_research.md	freebsd-src:8 files	8	241723	8465	ok
group_399_freebsd_src_sources_os_bsd_freebsd_src_sys_fs_nfsserver_nfs_nfsdcach_d0c84be6d037	GROUP	Docs/researches/groups/group_399_freebsd_src_sources_os_bsd_freebsd_src_sys_fs_nfsserver_nfs_nfsdcach_d0c84be6d037_research.md	freebsd-src:2 files	2	47927	1748	ok
group_39_9front_sources_os_plan9_9front_sys_src_cmd_9c_swt_c_sources_os_plan9__150781b1f3b4	GROUP	Docs/researches/groups/group_39_9front_sources_os_plan9_9front_sys_src_cmd_9c_swt_c_sources_os_plan9__150781b1f3b4_research.md	9front:31 files	31	260379	12794	ok
group_3_9front_sources_os_plan9_9front_sys_src_9_cycv_mmu_c_sources_os_plan9_9_9fdc32477749	GROUP	Docs/researches/groups/group_3_9front_sources_os_plan9_9front_sys_src_9_cycv_mmu_c_sources_os_plan9_9_9fdc32477749_research.md	9front:27 files	27	252655	10536	ok
group_400_freebsd_src_sources_os_bsd_freebsd_src_sys_fs_nfsserver_nfs_nfsdport_692019541878	GROUP	Docs/researches/groups/group_400_freebsd_src_sources_os_bsd_freebsd_src_sys_fs_nfsserver_nfs_nfsdport_692019541878_research.md	freebsd-src:1 files	1	224636	8187	ok
group_401_freebsd_src_sources_os_bsd_freebsd_src_sys_fs_nfsserver_nfs_nfsdserv_32511626b6d3	GROUP	Docs/researches/groups/group_401_freebsd_src_sources_os_bsd_freebsd_src_sys_fs_nfsserver_nfs_nfsdserv_32511626b6d3_research.md	freebsd-src:2 files	2	247153	8187	ok
group_402_freebsd_src_sources_os_bsd_freebsd_src_sys_fs_nfsserver_nfs_nfsdstat_136042101608	GROUP	Docs/researches/groups/group_402_freebsd_src_sources_os_bsd_freebsd_src_sys_fs_nfsserver_nfs_nfsdstat_136042101608_research.md	freebsd-src:1 files	1	256375	8883	ok
group_403_freebsd_src_sources_os_bsd_freebsd_src_sys_fs_nfsserver_nfs_nfsdsubs_92d2b8e3f3b3	GROUP	Docs/researches/groups/group_403_freebsd_src_sources_os_bsd_freebsd_src_sys_fs_nfsserver_nfs_nfsdsubs_92d2b8e3f3b3_research.md	freebsd-src:16 files	16	219676	8373	ok
group_404_freebsd_src_sources_os_bsd_freebsd_src_sys_fs_p9fs_p9fs_vnops_c_sour_358d99441532	GROUP	Docs/researches/groups/group_404_freebsd_src_sources_os_bsd_freebsd_src_sys_fs_p9fs_p9fs_vnops_c_sour_358d99441532_research.md	freebsd-src:26 files	26	254727	9702	ok
group_405_freebsd_src_sources_os_bsd_freebsd_src_sys_fs_smbfs_smbfs_vfsops_c_s_0866b4db0ef4	GROUP	Docs/researches/groups/group_405_freebsd_src_sources_os_bsd_freebsd_src_sys_fs_smbfs_smbfs_vfsops_c_s_0866b4db0ef4_research.md	freebsd-src:13 files	13	241091	9176	ok
group_406_freebsd_src_sources_os_bsd_freebsd_src_sys_fs_tmpfs_tmpfs_vnops_c_so_2bb4029a05d6	GROUP	Docs/researches/groups/group_406_freebsd_src_sources_os_bsd_freebsd_src_sys_fs_tmpfs_tmpfs_vnops_c_so_2bb4029a05d6_research.md	freebsd-src:13 files	13	219533	8399	ok
group_407_freebsd_src_sources_os_bsd_freebsd_src_sys_fs_unionfs_union_vnops_c__a349f07efb32	GROUP	Docs/researches/groups/group_407_freebsd_src_sources_os_bsd_freebsd_src_sys_fs_unionfs_union_vnops_c__a349f07efb32_research.md	freebsd-src:17 files	17	262043	9731	ok
group_408_freebsd_src_sources_os_bsd_freebsd_src_sys_kern_imgact_shell_c_sourc_9a341bb9082d	GROUP	Docs/researches/groups/group_408_freebsd_src_sources_os_bsd_freebsd_src_sys_kern_imgact_shell_c_sourc_9a341bb9082d_research.md	freebsd-src:9 files	9	256325	6375	ok
group_409_freebsd_src_sources_os_bsd_freebsd_src_sys_kern_kern_conf_c_sources__7b98a3ed1c05	GROUP	Docs/researches/groups/group_409_freebsd_src_sources_os_bsd_freebsd_src_sys_kern_kern_conf_c_sources__7b98a3ed1c05_research.md	freebsd-src:6 files	6	165008	6643	ok
group_40_9front_sources_os_plan9_9front_sys_src_cmd_9nfs_portmapper_c_sources__7072bae066dd	GROUP	Docs/researches/groups/group_40_9front_sources_os_plan9_9front_sys_src_cmd_9nfs_portmapper_c_sources__7072bae066dd_research.md	9front:36 files	36	257514	14975	ok
group_410_freebsd_src_sources_os_bsd_freebsd_src_sys_kern_kern_descrip_c_sourc_08b3777dd763	GROUP	Docs/researches/groups/group_410_freebsd_src_sources_os_bsd_freebsd_src_sys_kern_kern_descrip_c_sourc_08b3777dd763_research.md	freebsd-src:6 files	6	196646	8376	ok
group_411_freebsd_src_sources_os_bsd_freebsd_src_sys_kern_kern_event_c_sources_8bc94967320b	GROUP	Docs/researches/groups/group_411_freebsd_src_sources_os_bsd_freebsd_src_sys_kern_kern_event_c_sources_8bc94967320b_research.md	freebsd-src:6 files	6	252858	10117	ok
group_412_freebsd_src_sources_os_bsd_freebsd_src_sys_kern_kern_hhook_c_sources_45e60706e906	GROUP	Docs/researches/groups/group_412_freebsd_src_sources_os_bsd_freebsd_src_sys_kern_kern_hhook_c_sources_45e60706e906_research.md	freebsd-src:8 files	8	256150	10003	ok
group_413_freebsd_src_sources_os_bsd_freebsd_src_sys_kern_kern_khelp_c_sources_09501e5b4cf3	GROUP	Docs/researches/groups/group_413_freebsd_src_sources_os_bsd_freebsd_src_sys_kern_kern_khelp_c_sources_09501e5b4cf3_research.md	freebsd-src:9 files	9	258204	10187	ok
group_414_freebsd_src_sources_os_bsd_freebsd_src_sys_kern_kern_malloc_c_source_13552e16e7c0	GROUP	Docs/researches/groups/group_414_freebsd_src_sources_os_bsd_freebsd_src_sys_kern_kern_malloc_c_source_13552e16e7c0_research.md	freebsd-src:13 files	13	259869	9616	ok
group_415_freebsd_src_sources_os_bsd_freebsd_src_sys_kern_kern_proc_c_sources__6c841b37033b	GROUP	Docs/researches/groups/group_415_freebsd_src_sources_os_bsd_freebsd_src_sys_kern_kern_proc_c_sources__6c841b37033b_research.md	freebsd-src:5 files	5	250628	10240	ok
group_416_freebsd_src_sources_os_bsd_freebsd_src_sys_kern_kern_rctl_c_sources__376e13932d6d	GROUP	Docs/researches/groups/group_416_freebsd_src_sources_os_bsd_freebsd_src_sys_kern_kern_rctl_c_sources__376e13932d6d_research.md	freebsd-src:8 files	8	222339	8887	ok
group_417_freebsd_src_sources_os_bsd_freebsd_src_sys_kern_kern_shutdown_c_sour_d305d5f1ce5b	GROUP	Docs/researches/groups/group_417_freebsd_src_sources_os_bsd_freebsd_src_sys_kern_kern_shutdown_c_sour_d305d5f1ce5b_research.md	freebsd-src:6 files	6	232377	9161	ok
group_418_freebsd_src_sources_os_bsd_freebsd_src_sys_kern_kern_sysctl_c_source_407c9653ee39	GROUP	Docs/researches/groups/group_418_freebsd_src_sources_os_bsd_freebsd_src_sys_kern_kern_sysctl_c_source_407c9653ee39_research.md	freebsd-src:5 files	5	237038	9783	ok
group_419_freebsd_src_sources_os_bsd_freebsd_src_sys_kern_kern_timeout_c_sourc_d49b14e69bb1	GROUP	Docs/researches/groups/group_419_freebsd_src_sources_os_bsd_freebsd_src_sys_kern_kern_timeout_c_sourc_d49b14e69bb1_research.md	freebsd-src:7 files	7	253061	9714	ok
group_41_9front_sources_os_plan9_9front_sys_src_cmd_acid_print_c_sources_os_pl_bdacf654f773	GROUP	Docs/researches/groups/group_41_9front_sources_os_plan9_9front_sys_src_cmd_acid_print_c_sources_os_pl_bdacf654f773_research.md	9front:24 files	24	256315	13308	ok
group_420_freebsd_src_sources_os_bsd_freebsd_src_sys_kern_kern_xxx_c_sources_o_d09a42dade7a	GROUP	Docs/researches/groups/group_420_freebsd_src_sources_os_bsd_freebsd_src_sys_kern_kern_xxx_c_sources_o_d09a42dade7a_research.md	freebsd-src:11 files	11	206072	8010	ok
group_421_freebsd_src_sources_os_bsd_freebsd_src_sys_kern_sched_ule_c_sources__f2fc88d4fb58	GROUP	Docs/researches/groups/group_421_freebsd_src_sources_os_bsd_freebsd_src_sys_kern_sched_ule_c_sources__f2fc88d4fb58_research.md	freebsd-src:11 files	11	244221	8896	ok
group_422_freebsd_src_sources_os_bsd_freebsd_src_sys_kern_subr_bus_c_sources_o_2696fb227ed6	GROUP	Docs/researches/groups/group_422_freebsd_src_sources_os_bsd_freebsd_src_sys_kern_subr_bus_c_sources_o_2696fb227ed6_research.md	freebsd-src:10 files	10	249173	9792	ok
group_423_freebsd_src_sources_os_bsd_freebsd_src_sys_kern_subr_csan_c_sources__d5f4efa94532	GROUP	Docs/researches/groups/group_423_freebsd_src_sources_os_bsd_freebsd_src_sys_kern_subr_csan_c_sources__d5f4efa94532_research.md	freebsd-src:17 files	17	258276	9826	ok
group_424_freebsd_src_sources_os_bsd_freebsd_src_sys_kern_subr_kobj_c_sources__87398443fcea	GROUP	Docs/researches/groups/group_424_freebsd_src_sources_os_bsd_freebsd_src_sys_kern_subr_kobj_c_sources__87398443fcea_research.md	freebsd-src:17 files	17	255546	10101	ok
group_425_freebsd_src_sources_os_bsd_freebsd_src_sys_kern_subr_rangeset_c_sour_76ee6d7ddaf7	GROUP	Docs/researches/groups/group_425_freebsd_src_sources_os_bsd_freebsd_src_sys_kern_subr_rangeset_c_sour_76ee6d7ddaf7_research.md	freebsd-src:11 files	11	216701	8533	ok
group_426_freebsd_src_sources_os_bsd_freebsd_src_sys_kern_subr_stats_c_sources_90a45daf40bf	GROUP	Docs/researches/groups/group_426_freebsd_src_sources_os_bsd_freebsd_src_sys_kern_subr_stats_c_sources_90a45daf40bf_research.md	freebsd-src:9 files	9	244084	9568	ok
group_427_freebsd_src_sources_os_bsd_freebsd_src_sys_kern_subr_vmem_c_sources__ff0078f00a69	GROUP	Docs/researches/groups/group_427_freebsd_src_sources_os_bsd_freebsd_src_sys_kern_subr_vmem_c_sources__ff0078f00a69_research.md	freebsd-src:6 files	6	225913	9003	ok
group_428_freebsd_src_sources_os_bsd_freebsd_src_sys_kern_sys_pipe_c_sources_o_41aff9040e99	GROUP	Docs/researches/groups/group_428_freebsd_src_sources_os_bsd_freebsd_src_sys_kern_sys_pipe_c_sources_o_41aff9040e99_research.md	freebsd-src:7 files	7	169958	6376	ok
group_429_freebsd_src_sources_os_bsd_freebsd_src_sys_kern_systrace_args_c_sour_0275fbc32252	GROUP	Docs/researches/groups/group_429_freebsd_src_sources_os_bsd_freebsd_src_sys_kern_systrace_args_c_sour_0275fbc32252_research.md	freebsd-src:3 files	3	251448	13761	ok
group_42_9front_sources_os_plan9_9front_sys_src_cmd_acme_util_c_sources_os_pla_77e9238bcf25	GROUP	Docs/researches/groups/group_42_9front_sources_os_plan9_9front_sys_src_cmd_acme_util_c_sources_os_pla_77e9238bcf25_research.md	9front:50 files	50	249591	12619	ok
group_430_freebsd_src_sources_os_bsd_freebsd_src_sys_kern_sysv_sem_c_sources_o_e549e1a3408c	GROUP	Docs/researches/groups/group_430_freebsd_src_sources_os_bsd_freebsd_src_sys_kern_sysv_sem_c_sources_o_e549e1a3408c_research.md	freebsd-src:10 files	10	257996	10545	ok
group_431_freebsd_src_sources_os_bsd_freebsd_src_sys_kern_uipc_accf_c_sources__0fe98441958e	GROUP	Docs/researches/groups/group_431_freebsd_src_sources_os_bsd_freebsd_src_sys_kern_uipc_accf_c_sources__0fe98441958e_research.md	freebsd-src:7 files	7	196743	7709	ok
group_432_freebsd_src_sources_os_bsd_freebsd_src_sys_kern_uipc_mqueue_c_source_0807ae9f80bd	GROUP	Docs/researches/groups/group_432_freebsd_src_sources_os_bsd_freebsd_src_sys_kern_uipc_mqueue_c_source_0807ae9f80bd_research.md	freebsd-src:4 files	4	195853	8204	ok
group_433_freebsd_src_sources_os_bsd_freebsd_src_sys_kern_uipc_socket_c_source_366d1ba38c92	GROUP	Docs/researches/groups/group_433_freebsd_src_sources_os_bsd_freebsd_src_sys_kern_uipc_socket_c_source_366d1ba38c92_research.md	freebsd-src:2 files	2	169196	6734	ok
group_434_freebsd_src_sources_os_bsd_freebsd_src_sys_kern_uipc_usrreq_c_source_53a5a09bbb69	GROUP	Docs/researches/groups/group_434_freebsd_src_sources_os_bsd_freebsd_src_sys_kern_uipc_usrreq_c_source_53a5a09bbb69_research.md	freebsd-src:3 files	3	216448	8411	ok
group_435_freebsd_src_sources_os_bsd_freebsd_src_sys_kern_vfs_bio_c_10f25b1388c5	GROUP	Docs/researches/groups/group_435_freebsd_src_sources_os_bsd_freebsd_src_sys_kern_vfs_bio_c_10f25b1388c5_research.md	freebsd-src:1 files	1	152944	5677	ok
group_436_freebsd_src_sources_os_bsd_freebsd_src_sys_kern_vfs_cache_c_sources__e5590a658b76	GROUP	Docs/researches/groups/group_436_freebsd_src_sources_os_bsd_freebsd_src_sys_kern_vfs_cache_c_sources__e5590a658b76_research.md	freebsd-src:4 files	4	253315	9968	ok
group_437_freebsd_src_sources_os_bsd_freebsd_src_sys_kern_vfs_extattr_c_source_cd68722721ee	GROUP	Docs/researches/groups/group_437_freebsd_src_sources_os_bsd_freebsd_src_sys_kern_vfs_extattr_c_source_cd68722721ee_research.md	freebsd-src:7 files	7	225669	8854	ok
group_438_freebsd_src_sources_os_bsd_freebsd_src_sys_kern_vfs_subr_c_86915aec302b	GROUP	Docs/researches/groups/group_438_freebsd_src_sources_os_bsd_freebsd_src_sys_kern_vfs_subr_c_86915aec302b_research.md	freebsd-src:1 files	1	187007	7537	ok
group_439_freebsd_src_sources_os_bsd_freebsd_src_sys_kern_vfs_syscalls_c_sourc_36fcd940fe2e	GROUP	Docs/researches/groups/group_439_freebsd_src_sources_os_bsd_freebsd_src_sys_kern_vfs_syscalls_c_sourc_36fcd940fe2e_research.md	freebsd-src:13 files	13	261550	10649	ok
group_43_9front_sources_os_plan9_9front_sys_src_cmd_audio_libFLAC_FLAC_format__477d0470efe0	GROUP	Docs/researches/groups/group_43_9front_sources_os_plan9_9front_sys_src_cmd_audio_libFLAC_FLAC_format__477d0470efe0_research.md	9front:4 files	4	215712	4908	ok
group_440_freebsd_src_sources_os_bsd_freebsd_src_sys_sys_endian_h_sources_os_b_90dc270e9859	GROUP	Docs/researches/groups/group_440_freebsd_src_sources_os_bsd_freebsd_src_sys_sys_endian_h_sources_os_b_90dc270e9859_research.md	freebsd-src:57 files	57	248872	6644	ok
group_441_freebsd_src_sources_os_bsd_freebsd_src_sys_sys_atomic_san_h_sources__1457eb3c0c17	GROUP	Docs/researches/groups/group_441_freebsd_src_sources_os_bsd_freebsd_src_sys_sys_atomic_san_h_sources__1457eb3c0c17_research.md	freebsd-src:26 files	26	254317	6947	ok
group_442_freebsd_src_sources_os_bsd_freebsd_src_sys_sys_chio_h_sources_os_bsd_d8f220d2b604	GROUP	Docs/researches/groups/group_442_freebsd_src_sources_os_bsd_freebsd_src_sys_sys_chio_h_sources_os_bsd_d8f220d2b604_research.md	freebsd-src:45 files	45	223085	6434	ok
group_443_freebsd_src_sources_os_bsd_freebsd_src_sys_sys_elf_common_h_sources__e81a5385778e	GROUP	Docs/researches/groups/group_443_freebsd_src_sources_os_bsd_freebsd_src_sys_sys_elf_common_h_sources__e81a5385778e_research.md	freebsd-src:30 files	30	258625	7228	ok
group_444_freebsd_src_sources_os_bsd_freebsd_src_sys_sys_hhook_h_sources_os_bs_a90ec3ee108a	GROUP	Docs/researches/groups/group_444_freebsd_src_sources_os_bsd_freebsd_src_sys_sys_hhook_h_sources_os_bs_a90ec3ee108a_research.md	freebsd-src:43 files	43	258346	7325	ok
group_445_freebsd_src_sources_os_bsd_freebsd_src_sys_sys_linker_h_sources_os_b_fd4c97ad4b8e	GROUP	Docs/researches/groups/group_445_freebsd_src_sources_os_bsd_freebsd_src_sys_sys_linker_h_sources_os_b_fd4c97ad4b8e_research.md	freebsd-src:28 files	28	254861	7486	ok
group_446_freebsd_src_sources_os_bsd_freebsd_src_sys_sys_mtio_h_sources_os_bsd_05de3a72b30b	GROUP	Docs/researches/groups/group_446_freebsd_src_sources_os_bsd_freebsd_src_sys_sys_mtio_h_sources_os_bsd_05de3a72b30b_research.md	freebsd-src:23 files	23	236451	6728	ok
group_447_freebsd_src_sources_os_bsd_freebsd_src_sys_sys_proc_h_sources_os_bsd_c1bf3017726e	GROUP	Docs/researches/groups/group_447_freebsd_src_sources_os_bsd_freebsd_src_sys_sys_proc_h_sources_os_bsd_c1bf3017726e_research.md	freebsd-src:28 files	28	260130	7285	ok
group_448_freebsd_src_sources_os_bsd_freebsd_src_sys_sys_sdt_h_sources_os_bsd__e683f04a32cd	GROUP	Docs/researches/groups/group_448_freebsd_src_sources_os_bsd_freebsd_src_sys_sys_sdt_h_sources_os_bsd__e683f04a32cd_research.md	freebsd-src:25 files	25	194240	5639	ok
group_449_freebsd_src_sources_os_bsd_freebsd_src_sys_sys_soundcard_h_sources_o_7cd59115db7a	GROUP	Docs/researches/groups/group_449_freebsd_src_sources_os_bsd_freebsd_src_sys_sys_soundcard_h_sources_o_7cd59115db7a_research.md	freebsd-src:17 files	17	256919	7514	ok
group_44_9front_sources_os_plan9_9front_sys_src_cmd_audio_libFLAC_FLAC_stream__cf0ab51ab2cc	GROUP	Docs/researches/groups/group_44_9front_sources_os_plan9_9front_sys_src_cmd_audio_libFLAC_FLAC_stream__cf0ab51ab2cc_research.md	9front:9 files	9	242676	6345	ok
group_450_freebsd_src_sources_os_bsd_freebsd_src_sys_sys_sysent_h_sources_os_b_ad7596633c18	GROUP	Docs/researches/groups/group_450_freebsd_src_sources_os_bsd_freebsd_src_sys_sys_sysent_h_sources_os_b_ad7596633c18_research.md	freebsd-src:11 files	11	249024	5598	ok
group_451_freebsd_src_sources_os_bsd_freebsd_src_sys_sys_time_h_sources_os_bsd_2cfccdf88e46	GROUP	Docs/researches/groups/group_451_freebsd_src_sources_os_bsd_freebsd_src_sys_sys_time_h_sources_os_bsd_2cfccdf88e46_research.md	freebsd-src:37 files	37	256803	7771	ok
group_452_freebsd_src_sources_os_bsd_freebsd_src_sys_sys_vnode_h_sources_os_bs_6814b5d79c26	GROUP	Docs/researches/groups/group_452_freebsd_src_sources_os_bsd_freebsd_src_sys_sys_vnode_h_sources_os_bs_6814b5d79c26_research.md	freebsd-src:8 files	8	247608	7948	ok
group_453_freebsd_src_sources_os_bsd_freebsd_src_sys_ufs_ffs_ffs_snapshot_c_so_c89d4f8e99fe	GROUP	Docs/researches/groups/group_453_freebsd_src_sources_os_bsd_freebsd_src_sys_ufs_ffs_ffs_snapshot_c_so_c89d4f8e99fe_research.md	freebsd-src:6 files	6	250257	9090	ok
group_454_freebsd_src_sources_os_bsd_freebsd_src_sys_ufs_ffs_fs_h_sources_os_b_8255e6c55cd4	GROUP	Docs/researches/groups/group_454_freebsd_src_sources_os_bsd_freebsd_src_sys_ufs_ffs_fs_h_sources_os_b_8255e6c55cd4_research.md	freebsd-src:16 files	16	257933	7572	ok
group_455_freebsd_src_sources_os_bsd_freebsd_src_sys_ufs_ufs_ufs_inode_c_sourc_0814e965700f	GROUP	Docs/researches/groups/group_455_freebsd_src_sources_os_bsd_freebsd_src_sys_ufs_ufs_ufs_inode_c_sourc_0814e965700f_research.md	freebsd-src:6 files	6	185757	7158	ok
group_456_gfs2_utils_sources_local_fs_gfs2_utils_Makefile_am_sources_local_fs__93bf8906f460	GROUP	Docs/researches/groups/group_456_gfs2_utils_sources_local_fs_gfs2_utils_Makefile_am_sources_local_fs__93bf8906f460_research.md	gfs2-utils:27 files	27	222056	8039	ok
group_457_gfs2_utils_sources_local_fs_gfs2_utils_gfs2_fsck_initialize_c_source_bcf01597a2df	GROUP	Docs/researches/groups/group_457_gfs2_utils_sources_local_fs_gfs2_utils_gfs2_fsck_initialize_c_source_bcf01597a2df_research.md	gfs2-utils:12 files	12	212842	6937	ok
group_458_gfs2_utils_sources_local_fs_gfs2_utils_gfs2_fsck_pass2_c_sources_loc_7bab75631df6	GROUP	Docs/researches/groups/group_458_gfs2_utils_sources_local_fs_gfs2_utils_gfs2_fsck_pass2_c_sources_loc_7bab75631df6_research.md	gfs2-utils:24 files	24	255991	8861	ok
group_459_gfs2_utils_sources_local_fs_gfs2_utils_gfs2_libgfs2_crc32c_c_sources_c00865ecfb72	GROUP	Docs/researches/groups/group_459_gfs2_utils_sources_local_fs_gfs2_utils_gfs2_libgfs2_crc32c_c_sources_c00865ecfb72_research.md	gfs2-utils:29 files	29	237793	9037	ok
group_45_9front_sources_os_plan9_9front_sys_src_cmd_audio_libFLAC_lpc_c_source_7732db723b42	GROUP	Docs/researches/groups/group_45_9front_sources_os_plan9_9front_sys_src_cmd_audio_libFLAC_lpc_c_source_7732db723b42_research.md	9front:4 files	4	209343	5903	ok
group_460_gfs2_utils_sources_local_fs_gfs2_utils_gfs2_mkfs_main_mkfs_c_sources_9f20fbad8c85	GROUP	Docs/researches/groups/group_460_gfs2_utils_sources_local_fs_gfs2_utils_gfs2_mkfs_main_mkfs_c_sources_9f20fbad8c85_research.md	gfs2-utils:26 files	26	185723	5441	ok
group_461_guestfs_tools_sources_virtualization_guestfs_tools_github_workflows__8390dafbe0ed	GROUP	Docs/researches/groups/group_461_guestfs_tools_sources_virtualization_guestfs_tools_github_workflows__8390dafbe0ed_research.md	guestfs-tools:73 files	73	259533	8951	ok
group_462_guestfs_tools_sources_virtualization_guestfs_tools_edit_edit_c_sourc_26d2a8f35452	GROUP	Docs/researches/groups/group_462_guestfs_tools_sources_virtualization_guestfs_tools_edit_edit_c_sourc_26d2a8f35452_research.md	guestfs-tools:44 files	44	254110	7532	ok
group_463_guestfs_tools_sources_virtualization_guestfs_tools_inspector_expecte_d5c166fe001a	GROUP	Docs/researches/groups/group_463_guestfs_tools_sources_virtualization_guestfs_tools_inspector_expecte_d5c166fe001a_research.md	guestfs-tools:2 files	2	211085	4522	ok
group_464_guestfs_tools_sources_virtualization_guestfs_tools_inspector_expecte_d9e8064d7123	GROUP	Docs/researches/groups/group_464_guestfs_tools_sources_virtualization_guestfs_tools_inspector_expecte_d9e8064d7123_research.md	guestfs-tools:30 files	30	247415	7043	ok
group_465_guestfs_tools_sources_virtualization_guestfs_tools_podwrapper_pl_in__68c603f6512c	GROUP	Docs/researches/groups/group_465_guestfs_tools_sources_virtualization_guestfs_tools_podwrapper_pl_in__68c603f6512c_research.md	guestfs-tools:44 files	44	175868	6038	ok
group_466_illumos_gate_sources_os_illumos_illumos_gate_usr_src_cmd_zfs_Makefil_fced57eec1c4	GROUP	Docs/researches/groups/group_466_illumos_gate_sources_os_illumos_illumos_gate_usr_src_cmd_zfs_Makefil_fced57eec1c4_research.md	illumos-gate:9 files	9	240802	9672	ok
group_467_illumos_gate_sources_os_illumos_illumos_gate_usr_src_cmd_zpool_zpool_6f4e7d27f62a	GROUP	Docs/researches/groups/group_467_illumos_gate_sources_os_illumos_illumos_gate_usr_src_cmd_zpool_zpool_6f4e7d27f62a_research.md	illumos-gate:3 files	3	234899	9189	ok
group_468_illumos_gate_sources_os_illumos_illumos_gate_usr_src_cmd_zpool_zpool_3cdb2c8743fb	GROUP	Docs/researches/groups/group_468_illumos_gate_sources_os_illumos_illumos_gate_usr_src_cmd_zpool_zpool_3cdb2c8743fb_research.md	illumos-gate:16 files	16	260678	10481	ok
group_469_illumos_gate_sources_os_illumos_illumos_gate_usr_src_uts_common_fs_c_dbb64602568a	GROUP	Docs/researches/groups/group_469_illumos_gate_sources_os_illumos_illumos_gate_usr_src_uts_common_fs_c_dbb64602568a_research.md	illumos-gate:13 files	13	236348	9616	ok
group_46_9front_sources_os_plan9_9front_sys_src_cmd_audio_libFLAC_metadata_obj_7f110719dc7a	GROUP	Docs/researches/groups/group_46_9front_sources_os_plan9_9front_sys_src_cmd_audio_libFLAC_metadata_obj_7f110719dc7a_research.md	9front:35 files	35	211979	5531	ok
group_470_illumos_gate_sources_os_illumos_illumos_gate_usr_src_uts_common_fs_d_e1df40e8ad14	GROUP	Docs/researches/groups/group_470_illumos_gate_sources_os_illumos_illumos_gate_usr_src_uts_common_fs_d_e1df40e8ad14_research.md	illumos-gate:7 files	7	230241	8661	ok
group_471_illumos_gate_sources_os_illumos_illumos_gate_usr_src_uts_common_fs_d_bd081e56f63e	GROUP	Docs/researches/groups/group_471_illumos_gate_sources_os_illumos_illumos_gate_usr_src_uts_common_fs_d_bd081e56f63e_research.md	illumos-gate:6 files	6	237784	9766	ok
group_472_illumos_gate_sources_os_illumos_illumos_gate_usr_src_uts_common_fs_f_97df8ce24531	GROUP	Docs/researches/groups/group_472_illumos_gate_sources_os_illumos_illumos_gate_usr_src_uts_common_fs_f_97df8ce24531_research.md	illumos-gate:12 files	12	259988	10232	ok
group_473_illumos_gate_sources_os_illumos_illumos_gate_usr_src_uts_common_fs_h_1b39c2fbfcb5	GROUP	Docs/researches/groups/group_473_illumos_gate_sources_os_illumos_illumos_gate_usr_src_uts_common_fs_h_1b39c2fbfcb5_research.md	illumos-gate:8 files	8	253631	9523	ok
group_474_illumos_gate_sources_os_illumos_illumos_gate_usr_src_uts_common_fs_n_7867937ab22f	GROUP	Docs/researches/groups/group_474_illumos_gate_sources_os_illumos_illumos_gate_usr_src_uts_common_fs_n_7867937ab22f_research.md	illumos-gate:5 files	5	172446	7041	ok
group_475_illumos_gate_sources_os_illumos_illumos_gate_usr_src_uts_common_fs_n_61f8a9fdb25b	GROUP	Docs/researches/groups/group_475_illumos_gate_sources_os_illumos_illumos_gate_usr_src_uts_common_fs_n_61f8a9fdb25b_research.md	illumos-gate:3 files	3	240611	9691	ok
group_476_illumos_gate_sources_os_illumos_illumos_gate_usr_src_uts_common_fs_n_42426c304be2	GROUP	Docs/researches/groups/group_476_illumos_gate_sources_os_illumos_illumos_gate_usr_src_uts_common_fs_n_42426c304be2_research.md	illumos-gate:3 files	3	148088	5543	ok
group_477_illumos_gate_sources_os_illumos_illumos_gate_usr_src_uts_common_fs_n_adcc45220800	GROUP	Docs/researches/groups/group_477_illumos_gate_sources_os_illumos_illumos_gate_usr_src_uts_common_fs_n_adcc45220800_research.md	illumos-gate:5 files	5	260270	9958	ok
group_478_illumos_gate_sources_os_illumos_illumos_gate_usr_src_uts_common_fs_n_51754ecf3689	GROUP	Docs/researches/groups/group_478_illumos_gate_sources_os_illumos_illumos_gate_usr_src_uts_common_fs_n_51754ecf3689_research.md	illumos-gate:7 files	7	255351	9827	ok
group_479_illumos_gate_sources_os_illumos_illumos_gate_usr_src_uts_common_fs_n_91b6937183a1	GROUP	Docs/researches/groups/group_479_illumos_gate_sources_os_illumos_illumos_gate_usr_src_uts_common_fs_n_91b6937183a1_research.md	illumos-gate:4 files	4	220505	8679	ok
group_47_9front_sources_os_plan9_9front_sys_src_cmd_audio_libFLAC_stream_decod_455c085a22b1	GROUP	Docs/researches/groups/group_47_9front_sources_os_plan9_9front_sys_src_cmd_audio_libFLAC_stream_decod_455c085a22b1_research.md	9front:1 files	1	146646	3685	ok
group_480_illumos_gate_sources_os_illumos_illumos_gate_usr_src_uts_common_fs_n_8031c98fdce7	GROUP	Docs/researches/groups/group_480_illumos_gate_sources_os_illumos_illumos_gate_usr_src_uts_common_fs_n_8031c98fdce7_research.md	illumos-gate:2 files	2	197428	7710	ok
group_481_illumos_gate_sources_os_illumos_illumos_gate_usr_src_uts_common_fs_n_a890500072a8	GROUP	Docs/researches/groups/group_481_illumos_gate_sources_os_illumos_illumos_gate_usr_src_uts_common_fs_n_a890500072a8_research.md	illumos-gate:2 files	2	195029	7647	ok
group_482_illumos_gate_sources_os_illumos_illumos_gate_usr_src_uts_common_fs_n_d9dded6334f5	GROUP	Docs/researches/groups/group_482_illumos_gate_sources_os_illumos_illumos_gate_usr_src_uts_common_fs_n_d9dded6334f5_research.md	illumos-gate:5 files	5	215985	8494	ok
group_483_illumos_gate_sources_os_illumos_illumos_gate_usr_src_uts_common_fs_n_8d55d83d1a6c	GROUP	Docs/researches/groups/group_483_illumos_gate_sources_os_illumos_illumos_gate_usr_src_uts_common_fs_n_8d55d83d1a6c_research.md	illumos-gate:6 files	6	173707	7509	ok
group_484_illumos_gate_sources_os_illumos_illumos_gate_usr_src_uts_common_fs_n_23760273d504	GROUP	Docs/researches/groups/group_484_illumos_gate_sources_os_illumos_illumos_gate_usr_src_uts_common_fs_n_23760273d504_research.md	illumos-gate:5 files	5	200091	7963	ok
group_485_illumos_gate_sources_os_illumos_illumos_gate_usr_src_uts_common_fs_n_f41eee07ba8e	GROUP	Docs/researches/groups/group_485_illumos_gate_sources_os_illumos_illumos_gate_usr_src_uts_common_fs_n_f41eee07ba8e_research.md	illumos-gate:4 files	4	229939	9254	ok
group_486_illumos_gate_sources_os_illumos_illumos_gate_usr_src_uts_common_fs_n_8ccbcc5dcaf1	GROUP	Docs/researches/groups/group_486_illumos_gate_sources_os_illumos_illumos_gate_usr_src_uts_common_fs_n_8ccbcc5dcaf1_research.md	illumos-gate:5 files	5	230585	9639	ok
group_487_illumos_gate_sources_os_illumos_illumos_gate_usr_src_uts_common_fs_n_be7c2f44c8a8	GROUP	Docs/researches/groups/group_487_illumos_gate_sources_os_illumos_illumos_gate_usr_src_uts_common_fs_n_be7c2f44c8a8_research.md	illumos-gate:9 files	9	253384	10118	ok
group_488_illumos_gate_sources_os_illumos_illumos_gate_usr_src_uts_common_fs_p_fc4d04b4d851	GROUP	Docs/researches/groups/group_488_illumos_gate_sources_os_illumos_illumos_gate_usr_src_uts_common_fs_p_fc4d04b4d851_research.md	illumos-gate:7 files	7	219056	8612	ok
group_489_illumos_gate_sources_os_illumos_illumos_gate_usr_src_uts_common_fs_p_910c613b2f47	GROUP	Docs/researches/groups/group_489_illumos_gate_sources_os_illumos_illumos_gate_usr_src_uts_common_fs_p_910c613b2f47_research.md	illumos-gate:6 files	6	241058	8494	ok
group_48_9front_sources_os_plan9_9front_sys_src_cmd_audio_libFLAC_stream_encod_b187b6b103e7	GROUP	Docs/researches/groups/group_48_9front_sources_os_plan9_9front_sys_src_cmd_audio_libFLAC_stream_encod_b187b6b103e7_research.md	9front:3 files	3	232862	5696	ok
group_490_illumos_gate_sources_os_illumos_illumos_gate_usr_src_uts_common_fs_p_d001afb5a09f	GROUP	Docs/researches/groups/group_490_illumos_gate_sources_os_illumos_illumos_gate_usr_src_uts_common_fs_p_d001afb5a09f_research.md	illumos-gate:4 files	4	236170	9475	ok
group_491_illumos_gate_sources_os_illumos_illumos_gate_usr_src_uts_common_fs_p_5501acd6e04d	GROUP	Docs/researches/groups/group_491_illumos_gate_sources_os_illumos_illumos_gate_usr_src_uts_common_fs_p_5501acd6e04d_research.md	illumos-gate:15 files	15	261326	10976	ok
group_492_illumos_gate_sources_os_illumos_illumos_gate_usr_src_uts_common_fs_s_cfd35ec9c43f	GROUP	Docs/researches/groups/group_492_illumos_gate_sources_os_illumos_illumos_gate_usr_src_uts_common_fs_s_cfd35ec9c43f_research.md	illumos-gate:14 files	14	240475	9600	ok
group_493_illumos_gate_sources_os_illumos_illumos_gate_usr_src_uts_common_fs_s_ba431f6c6c2b	GROUP	Docs/researches/groups/group_493_illumos_gate_sources_os_illumos_illumos_gate_usr_src_uts_common_fs_s_ba431f6c6c2b_research.md	illumos-gate:17 files	17	255373	9910	ok
group_494_illumos_gate_sources_os_illumos_illumos_gate_usr_src_uts_common_fs_s_f206a9d05f8f	GROUP	Docs/researches/groups/group_494_illumos_gate_sources_os_illumos_illumos_gate_usr_src_uts_common_fs_s_f206a9d05f8f_research.md	illumos-gate:10 files	10	241545	9580	ok
group_495_illumos_gate_sources_os_illumos_illumos_gate_usr_src_uts_common_fs_s_8aa09b473327	GROUP	Docs/researches/groups/group_495_illumos_gate_sources_os_illumos_illumos_gate_usr_src_uts_common_fs_s_8aa09b473327_research.md	illumos-gate:13 files	13	239348	9109	ok
group_496_illumos_gate_sources_os_illumos_illumos_gate_usr_src_uts_common_fs_s_b7ef9056d21e	GROUP	Docs/researches/groups/group_496_illumos_gate_sources_os_illumos_illumos_gate_usr_src_uts_common_fs_s_b7ef9056d21e_research.md	illumos-gate:28 files	28	260054	10232	ok
group_497_illumos_gate_sources_os_illumos_illumos_gate_usr_src_uts_common_fs_s_bbd5c8cf7cfd	GROUP	Docs/researches/groups/group_497_illumos_gate_sources_os_illumos_illumos_gate_usr_src_uts_common_fs_s_bbd5c8cf7cfd_research.md	illumos-gate:8 files	8	257601	9089	ok
group_498_illumos_gate_sources_os_illumos_illumos_gate_usr_src_uts_common_fs_s_b598984c3b3d	GROUP	Docs/researches/groups/group_498_illumos_gate_sources_os_illumos_illumos_gate_usr_src_uts_common_fs_s_b598984c3b3d_research.md	illumos-gate:13 files	13	245627	9126	ok
group_499_illumos_gate_sources_os_illumos_illumos_gate_usr_src_uts_common_fs_s_d2bd3a41d6f5	GROUP	Docs/researches/groups/group_499_illumos_gate_sources_os_illumos_illumos_gate_usr_src_uts_common_fs_s_d2bd3a41d6f5_research.md	illumos-gate:11 files	11	230961	9172	ok
group_49_9front_sources_os_plan9_9front_sys_src_cmd_audio_libogg_bitwise_c_sou_2661436dc9a4	GROUP	Docs/researches/groups/group_49_9front_sources_os_plan9_9front_sys_src_cmd_audio_libogg_bitwise_c_sou_2661436dc9a4_research.md	9front:29 files	29	249759	8384	ok
group_4_9front_sources_os_plan9_9front_sys_src_9_imx8_usdhc_c_sources_os_plan9_86c7bc0a6460	GROUP	Docs/researches/groups/group_4_9front_sources_os_plan9_9front_sys_src_9_imx8_usdhc_c_sources_os_plan9_86c7bc0a6460_research.md	9front:15 files	15	229170	11416	ok
group_500_illumos_gate_sources_os_illumos_illumos_gate_usr_src_uts_common_fs_s_4ee013bb0fa1	GROUP	Docs/researches/groups/group_500_illumos_gate_sources_os_illumos_illumos_gate_usr_src_uts_common_fs_s_4ee013bb0fa1_research.md	illumos-gate:12 files	12	252518	9034	ok
group_501_illumos_gate_sources_os_illumos_illumos_gate_usr_src_uts_common_fs_s_1e166b7a9c3b	GROUP	Docs/researches/groups/group_501_illumos_gate_sources_os_illumos_illumos_gate_usr_src_uts_common_fs_s_1e166b7a9c3b_research.md	illumos-gate:14 files	14	261915	10270	ok
group_502_illumos_gate_sources_os_illumos_illumos_gate_usr_src_uts_common_fs_s_eb7d47a051d0	GROUP	Docs/researches/groups/group_502_illumos_gate_sources_os_illumos_illumos_gate_usr_src_uts_common_fs_s_eb7d47a051d0_research.md	illumos-gate:14 files	14	248933	9161	ok
group_503_illumos_gate_sources_os_illumos_illumos_gate_usr_src_uts_common_fs_s_ab0316549e19	GROUP	Docs/researches/groups/group_503_illumos_gate_sources_os_illumos_illumos_gate_usr_src_uts_common_fs_s_ab0316549e19_research.md	illumos-gate:12 files	12	259608	10055	ok
group_504_illumos_gate_sources_os_illumos_illumos_gate_usr_src_uts_common_fs_s_37ca008d22b8	GROUP	Docs/researches/groups/group_504_illumos_gate_sources_os_illumos_illumos_gate_usr_src_uts_common_fs_s_37ca008d22b8_research.md	illumos-gate:3 files	3	211120	8137	ok
group_505_illumos_gate_sources_os_illumos_illumos_gate_usr_src_uts_common_fs_s_6546cc32647e	GROUP	Docs/researches/groups/group_505_illumos_gate_sources_os_illumos_illumos_gate_usr_src_uts_common_fs_s_6546cc32647e_research.md	illumos-gate:8 files	8	242261	8996	ok
group_506_illumos_gate_sources_os_illumos_illumos_gate_usr_src_uts_common_fs_s_aadffac3e0d9	GROUP	Docs/researches/groups/group_506_illumos_gate_sources_os_illumos_illumos_gate_usr_src_uts_common_fs_s_aadffac3e0d9_research.md	illumos-gate:9 files	9	251364	10282	ok
group_507_illumos_gate_sources_os_illumos_illumos_gate_usr_src_uts_common_fs_u_7b13e51296f0	GROUP	Docs/researches/groups/group_507_illumos_gate_sources_os_illumos_illumos_gate_usr_src_uts_common_fs_u_7b13e51296f0_research.md	illumos-gate:5 files	5	216343	9254	ok
group_508_illumos_gate_sources_os_illumos_illumos_gate_usr_src_uts_common_fs_u_b9220198eecf	GROUP	Docs/researches/groups/group_508_illumos_gate_sources_os_illumos_illumos_gate_usr_src_uts_common_fs_u_b9220198eecf_research.md	illumos-gate:8 files	8	260660	11329	ok
group_509_illumos_gate_sources_os_illumos_illumos_gate_usr_src_uts_common_fs_u_ad87e2d160a8	GROUP	Docs/researches/groups/group_509_illumos_gate_sources_os_illumos_illumos_gate_usr_src_uts_common_fs_u_ad87e2d160a8_research.md	illumos-gate:5 files	5	188229	7130	ok
group_50_9front_sources_os_plan9_9front_sys_src_cmd_audio_libvorbis_books_unco_eaa263ae8d43	GROUP	Docs/researches/groups/group_50_9front_sources_os_plan9_9front_sys_src_cmd_audio_libvorbis_books_unco_eaa263ae8d43_research.md	9front:3 files	3	259680	8341	ok
group_510_illumos_gate_sources_os_illumos_illumos_gate_usr_src_uts_common_fs_u_965eaaf81174	GROUP	Docs/researches/groups/group_510_illumos_gate_sources_os_illumos_illumos_gate_usr_src_uts_common_fs_u_965eaaf81174_research.md	illumos-gate:7 files	7	230762	9356	ok
group_511_illumos_gate_sources_os_illumos_illumos_gate_usr_src_uts_common_fs_u_e3b6daa23d9c	GROUP	Docs/researches/groups/group_511_illumos_gate_sources_os_illumos_illumos_gate_usr_src_uts_common_fs_u_e3b6daa23d9c_research.md	illumos-gate:7 files	7	226851	9181	ok
group_512_illumos_gate_sources_os_illumos_illumos_gate_usr_src_uts_common_fs_u_9e5454ae82f5	GROUP	Docs/researches/groups/group_512_illumos_gate_sources_os_illumos_illumos_gate_usr_src_uts_common_fs_u_9e5454ae82f5_research.md	illumos-gate:2 files	2	171070	6693	ok
group_513_illumos_gate_sources_os_illumos_illumos_gate_usr_src_uts_common_fs_v_ec869455532c	GROUP	Docs/researches/groups/group_513_illumos_gate_sources_os_illumos_illumos_gate_usr_src_uts_common_fs_v_ec869455532c_research.md	illumos-gate:2 files	2	229556	9573	ok
group_514_illumos_gate_sources_os_illumos_illumos_gate_usr_src_uts_common_fs_x_99146f553b6e	GROUP	Docs/researches/groups/group_514_illumos_gate_sources_os_illumos_illumos_gate_usr_src_uts_common_fs_x_99146f553b6e_research.md	illumos-gate:10 files	10	189367	6663	ok
group_515_illumos_gate_sources_os_illumos_illumos_gate_usr_src_uts_common_fs_z_415830bdf582	GROUP	Docs/researches/groups/group_515_illumos_gate_sources_os_illumos_illumos_gate_usr_src_uts_common_fs_z_415830bdf582_research.md	illumos-gate:6 files	6	244137	8947	ok
group_516_illumos_gate_sources_os_illumos_illumos_gate_usr_src_uts_common_fs_z_dd5e27cf612f	GROUP	Docs/researches/groups/group_516_illumos_gate_sources_os_illumos_illumos_gate_usr_src_uts_common_fs_z_dd5e27cf612f_research.md	illumos-gate:4 files	4	234112	8232	ok
group_517_illumos_gate_sources_os_illumos_illumos_gate_usr_src_uts_common_fs_z_ddb5b0e3d0b8	GROUP	Docs/researches/groups/group_517_illumos_gate_sources_os_illumos_illumos_gate_usr_src_uts_common_fs_z_ddb5b0e3d0b8_research.md	illumos-gate:6 files	6	243677	8567	ok
group_518_illumos_gate_sources_os_illumos_illumos_gate_usr_src_uts_common_fs_z_e06a23903edf	GROUP	Docs/researches/groups/group_518_illumos_gate_sources_os_illumos_illumos_gate_usr_src_uts_common_fs_z_e06a23903edf_research.md	illumos-gate:5 files	5	253038	9021	ok
group_519_illumos_gate_sources_os_illumos_illumos_gate_usr_src_uts_common_fs_z_93ca0de0c813	GROUP	Docs/researches/groups/group_519_illumos_gate_sources_os_illumos_illumos_gate_usr_src_uts_common_fs_z_93ca0de0c813_research.md	illumos-gate:8 files	8	239305	8069	ok
group_51_9front_sources_os_plan9_9front_sys_src_cmd_audio_libvorbis_codec_inte_5441a0d7fb76	GROUP	Docs/researches/groups/group_51_9front_sources_os_plan9_9front_sys_src_cmd_audio_libvorbis_codec_inte_5441a0d7fb76_research.md	9front:26 files	26	261023	7449	ok
group_520_illumos_gate_sources_os_illumos_illumos_gate_usr_src_uts_common_fs_z_aa967ea75e26	GROUP	Docs/researches/groups/group_520_illumos_gate_sources_os_illumos_illumos_gate_usr_src_uts_common_fs_z_aa967ea75e26_research.md	illumos-gate:30 files	30	261621	9618	ok
group_521_illumos_gate_sources_os_illumos_illumos_gate_usr_src_uts_common_fs_z_2163605ebcc4	GROUP	Docs/researches/groups/group_521_illumos_gate_sources_os_illumos_illumos_gate_usr_src_uts_common_fs_z_2163605ebcc4_research.md	illumos-gate:22 files	22	204147	7216	ok
group_522_illumos_gate_sources_os_illumos_illumos_gate_usr_src_uts_common_fs_z_707b723296c2	GROUP	Docs/researches/groups/group_522_illumos_gate_sources_os_illumos_illumos_gate_usr_src_uts_common_fs_z_707b723296c2_research.md	illumos-gate:5 files	5	256810	8428	ok
group_523_illumos_gate_sources_os_illumos_illumos_gate_usr_src_uts_common_fs_z_25188c85ff72	GROUP	Docs/researches/groups/group_523_illumos_gate_sources_os_illumos_illumos_gate_usr_src_uts_common_fs_z_25188c85ff72_research.md	illumos-gate:4 files	4	75194	2782	ok
group_524_illumos_gate_sources_os_illumos_illumos_gate_usr_src_uts_common_fs_z_4a9b59f7db08	GROUP	Docs/researches/groups/group_524_illumos_gate_sources_os_illumos_illumos_gate_usr_src_uts_common_fs_z_4a9b59f7db08_research.md	illumos-gate:1 files	1	261742	9280	ok
group_525_illumos_gate_sources_os_illumos_illumos_gate_usr_src_uts_common_fs_z_4f98cb76e9e8	GROUP	Docs/researches/groups/group_525_illumos_gate_sources_os_illumos_illumos_gate_usr_src_uts_common_fs_z_4f98cb76e9e8_research.md	illumos-gate:11 files	11	234267	7903	ok
group_526_illumos_gate_sources_os_illumos_illumos_gate_usr_src_uts_common_fs_z_dde37cfcce1d	GROUP	Docs/researches/groups/group_526_illumos_gate_sources_os_illumos_illumos_gate_usr_src_uts_common_fs_z_dde37cfcce1d_research.md	illumos-gate:34 files	34	241231	7088	ok
group_527_illumos_gate_sources_os_illumos_illumos_gate_usr_src_uts_common_fs_z_2ba47e8b6d87	GROUP	Docs/researches/groups/group_527_illumos_gate_sources_os_illumos_illumos_gate_usr_src_uts_common_fs_z_2ba47e8b6d87_research.md	illumos-gate:42 files	42	259333	7764	ok
group_528_illumos_gate_sources_os_illumos_illumos_gate_usr_src_uts_common_fs_z_253aebb8f23a	GROUP	Docs/researches/groups/group_528_illumos_gate_sources_os_illumos_illumos_gate_usr_src_uts_common_fs_z_253aebb8f23a_research.md	illumos-gate:29 files	29	180517	5726	ok
group_529_illumos_gate_sources_os_illumos_illumos_gate_usr_src_uts_common_fs_z_3e3fb8704c0d	GROUP	Docs/researches/groups/group_529_illumos_gate_sources_os_illumos_illumos_gate_usr_src_uts_common_fs_z_3e3fb8704c0d_research.md	illumos-gate:6 files	6	249598	8858	ok
group_52_9front_sources_os_plan9_9front_sys_src_cmd_audio_libvorbis_modes_resi_785e087bc06b	GROUP	Docs/researches/groups/group_52_9front_sources_os_plan9_9front_sys_src_cmd_audio_libvorbis_modes_resi_785e087bc06b_research.md	9front:29 files	29	233922	8509	ok
group_530_illumos_gate_sources_os_illumos_illumos_gate_usr_src_uts_common_fs_z_cb4db0aa2faf	GROUP	Docs/researches/groups/group_530_illumos_gate_sources_os_illumos_illumos_gate_usr_src_uts_common_fs_z_cb4db0aa2faf_research.md	illumos-gate:9 files	9	252607	8680	ok
group_531_illumos_gate_sources_os_illumos_illumos_gate_usr_src_uts_common_fs_z_5b13b26c2c6c	GROUP	Docs/researches/groups/group_531_illumos_gate_sources_os_illumos_illumos_gate_usr_src_uts_common_fs_z_5b13b26c2c6c_research.md	illumos-gate:5 files	5	260389	7136	ok
group_532_illumos_gate_sources_os_illumos_illumos_gate_usr_src_uts_common_fs_z_04d108189c3f	GROUP	Docs/researches/groups/group_532_illumos_gate_sources_os_illumos_illumos_gate_usr_src_uts_common_fs_z_04d108189c3f_research.md	illumos-gate:13 files	13	261941	9526	ok
group_533_illumos_gate_sources_os_illumos_illumos_gate_usr_src_uts_common_fs_z_f004705c6c9a	GROUP	Docs/researches/groups/group_533_illumos_gate_sources_os_illumos_illumos_gate_usr_src_uts_common_fs_z_f004705c6c9a_research.md	illumos-gate:8 files	8	201075	7523	ok
group_534_illumos_gate_sources_os_illumos_illumos_gate_usr_src_uts_common_fs_z_8c000cc25a74	GROUP	Docs/researches/groups/group_534_illumos_gate_sources_os_illumos_illumos_gate_usr_src_uts_common_fs_z_8c000cc25a74_research.md	illumos-gate:4 files	4	245988	9516	ok
group_535_illumos_gate_sources_os_illumos_illumos_gate_usr_src_uts_common_fs_z_e34429d64680	GROUP	Docs/researches/groups/group_535_illumos_gate_sources_os_illumos_illumos_gate_usr_src_uts_common_fs_z_e34429d64680_research.md	illumos-gate:4 files	4	251957	9722	ok
group_536_illumos_gate_sources_os_illumos_illumos_gate_usr_src_uts_common_fs_z_ce38bb24fd3e	GROUP	Docs/researches/groups/group_536_illumos_gate_sources_os_illumos_illumos_gate_usr_src_uts_common_fs_z_ce38bb24fd3e_research.md	illumos-gate:2 files	2	164270	5703	ok
group_537_illumos_gate_sources_os_illumos_illumos_gate_usr_src_uts_common_fs_z_8839776b63c1	GROUP	Docs/researches/groups/group_537_illumos_gate_sources_os_illumos_illumos_gate_usr_src_uts_common_fs_z_8839776b63c1_research.md	illumos-gate:7 files	7	252814	8601	ok
group_538_illumos_gate_sources_os_illumos_illumos_gate_usr_src_uts_common_fs_z_fb857bda9aca	GROUP	Docs/researches/groups/group_538_illumos_gate_sources_os_illumos_illumos_gate_usr_src_uts_common_fs_z_fb857bda9aca_research.md	illumos-gate:12 files	12	251777	10131	ok
group_539_illumos_gate_sources_os_illumos_illumos_gate_usr_src_uts_common_os_b_22ce79164ba0	GROUP	Docs/researches/groups/group_539_illumos_gate_sources_os_illumos_illumos_gate_usr_src_uts_common_os_b_22ce79164ba0_research.md	illumos-gate:8 files	8	216328	8522	ok
group_53_9front_sources_os_plan9_9front_sys_src_cmd_audio_libvorbis_vorbisenc__29a29b34f7e4	GROUP	Docs/researches/groups/group_53_9front_sources_os_plan9_9front_sys_src_cmd_audio_libvorbis_vorbisenc__29a29b34f7e4_research.md	9front:5 files	5	257881	6530	ok
group_540_illumos_gate_sources_os_illumos_illumos_gate_usr_src_uts_common_os_c_053b1b5510b4	GROUP	Docs/researches/groups/group_540_illumos_gate_sources_os_illumos_illumos_gate_usr_src_uts_common_os_c_053b1b5510b4_research.md	illumos-gate:12 files	12	258447	9542	ok
group_541_illumos_gate_sources_os_illumos_illumos_gate_usr_src_uts_common_os_c_59420a1dfba3	GROUP	Docs/researches/groups/group_541_illumos_gate_sources_os_illumos_illumos_gate_usr_src_uts_common_os_c_59420a1dfba3_research.md	illumos-gate:7 files	7	188829	7291	ok
group_542_illumos_gate_sources_os_illumos_illumos_gate_usr_src_uts_common_os_c_2735b10711f8	GROUP	Docs/researches/groups/group_542_illumos_gate_sources_os_illumos_illumos_gate_usr_src_uts_common_os_c_2735b10711f8_research.md	illumos-gate:5 files	5	238183	8340	ok
group_543_illumos_gate_sources_os_illumos_illumos_gate_usr_src_uts_common_os_d_ab63077153dd	GROUP	Docs/researches/groups/group_543_illumos_gate_sources_os_illumos_illumos_gate_usr_src_uts_common_os_d_ab63077153dd_research.md	illumos-gate:10 files	10	237368	8923	ok
group_544_illumos_gate_sources_os_illumos_illumos_gate_usr_src_uts_common_os_d_d2cdc03cd81d	GROUP	Docs/researches/groups/group_544_illumos_gate_sources_os_illumos_illumos_gate_usr_src_uts_common_os_d_d2cdc03cd81d_research.md	illumos-gate:1 files	1	241410	9374	ok
group_545_illumos_gate_sources_os_illumos_illumos_gate_usr_src_uts_common_os_d_cba942812279	GROUP	Docs/researches/groups/group_545_illumos_gate_sources_os_illumos_illumos_gate_usr_src_uts_common_os_d_cba942812279_research.md	illumos-gate:6 files	6	185517	7136	ok
group_546_illumos_gate_sources_os_illumos_illumos_gate_usr_src_uts_common_os_d_b6cb3b271e18	GROUP	Docs/researches/groups/group_546_illumos_gate_sources_os_illumos_illumos_gate_usr_src_uts_common_os_d_b6cb3b271e18_research.md	illumos-gate:4 files	4	230516	8348	ok
group_547_illumos_gate_sources_os_illumos_illumos_gate_usr_src_uts_common_os_e_752db307c806	GROUP	Docs/researches/groups/group_547_illumos_gate_sources_os_illumos_illumos_gate_usr_src_uts_common_os_e_752db307c806_research.md	illumos-gate:5 files	5	153246	5994	ok
group_548_illumos_gate_sources_os_illumos_illumos_gate_usr_src_uts_common_os_f_32a40a3a767c	GROUP	Docs/researches/groups/group_548_illumos_gate_sources_os_illumos_illumos_gate_usr_src_uts_common_os_f_32a40a3a767c_research.md	illumos-gate:8 files	8	250451	10018	ok
group_549_illumos_gate_sources_os_illumos_illumos_gate_usr_src_uts_common_os_i_309d80083c07	GROUP	Docs/researches/groups/group_549_illumos_gate_sources_os_illumos_illumos_gate_usr_src_uts_common_os_i_309d80083c07_research.md	illumos-gate:8 files	8	233417	9220	ok
group_54_9front_sources_os_plan9_9front_sys_src_cmd_audio_mp3dec_bit_c_sources_4eb5a1027ecf	GROUP	Docs/researches/groups/group_54_9front_sources_os_plan9_9front_sys_src_cmd_audio_mp3dec_bit_c_sources_4eb5a1027ecf_research.md	9front:19 files	19	253228	9982	ok
group_550_illumos_gate_sources_os_illumos_illumos_gate_usr_src_uts_common_os_k_ef20bc7eb93c	GROUP	Docs/researches/groups/group_550_illumos_gate_sources_os_illumos_illumos_gate_usr_src_uts_common_os_k_ef20bc7eb93c_research.md	illumos-gate:4 files	4	250347	7990	ok
group_551_illumos_gate_sources_os_illumos_illumos_gate_usr_src_uts_common_os_l_2cf3338a4b4b	GROUP	Docs/researches/groups/group_551_illumos_gate_sources_os_illumos_illumos_gate_usr_src_uts_common_os_l_2cf3338a4b4b_research.md	illumos-gate:6 files	6	262096	10272	ok
group_552_illumos_gate_sources_os_illumos_illumos_gate_usr_src_uts_common_os_l_8cdfd25cbd17	GROUP	Docs/researches/groups/group_552_illumos_gate_sources_os_illumos_illumos_gate_usr_src_uts_common_os_l_8cdfd25cbd17_research.md	illumos-gate:6 files	6	212056	8518	ok
group_553_illumos_gate_sources_os_illumos_illumos_gate_usr_src_uts_common_os_m_91281d5c643a	GROUP	Docs/researches/groups/group_553_illumos_gate_sources_os_illumos_illumos_gate_usr_src_uts_common_os_m_91281d5c643a_research.md	illumos-gate:4 files	4	237930	9486	ok
group_554_illumos_gate_sources_os_illumos_illumos_gate_usr_src_uts_common_os_m_8e1488690c29	GROUP	Docs/researches/groups/group_554_illumos_gate_sources_os_illumos_illumos_gate_usr_src_uts_common_os_m_8e1488690c29_research.md	illumos-gate:7 files	7	230534	9151	ok
group_555_illumos_gate_sources_os_illumos_illumos_gate_usr_src_uts_common_os_n_f3a91f79dc0a	GROUP	Docs/researches/groups/group_555_illumos_gate_sources_os_illumos_illumos_gate_usr_src_uts_common_os_n_f3a91f79dc0a_research.md	illumos-gate:9 files	9	233703	8771	ok
group_556_illumos_gate_sources_os_illumos_illumos_gate_usr_src_uts_common_os_p_51e646b024c8	GROUP	Docs/researches/groups/group_556_illumos_gate_sources_os_illumos_illumos_gate_usr_src_uts_common_os_p_51e646b024c8_research.md	illumos-gate:10 files	10	205226	8043	ok
group_557_illumos_gate_sources_os_illumos_illumos_gate_usr_src_uts_common_os_r_a83d3409e872	GROUP	Docs/researches/groups/group_557_illumos_gate_sources_os_illumos_illumos_gate_usr_src_uts_common_os_r_a83d3409e872_research.md	illumos-gate:14 files	14	233833	8987	ok
group_558_illumos_gate_sources_os_illumos_illumos_gate_usr_src_uts_common_os_s_04cf3cd9b87f	GROUP	Docs/researches/groups/group_558_illumos_gate_sources_os_illumos_illumos_gate_usr_src_uts_common_os_s_04cf3cd9b87f_research.md	illumos-gate:7 files	7	149804	5953	ok
group_559_illumos_gate_sources_os_illumos_illumos_gate_usr_src_uts_common_os_s_531e99984ec3	GROUP	Docs/researches/groups/group_559_illumos_gate_sources_os_illumos_illumos_gate_usr_src_uts_common_os_s_531e99984ec3_research.md	illumos-gate:2 files	2	223953	8921	ok
group_55_9front_sources_os_plan9_9front_sys_src_cmd_audio_mp3dec_synth_c_sourc_6dad9ad00cbf	GROUP	Docs/researches/groups/group_55_9front_sources_os_plan9_9front_sys_src_cmd_audio_mp3dec_synth_c_sourc_6dad9ad00cbf_research.md	9front:21 files	21	241960	8155	ok
group_560_illumos_gate_sources_os_illumos_illumos_gate_usr_src_uts_common_os_s_88f9ad8696d9	GROUP	Docs/researches/groups/group_560_illumos_gate_sources_os_illumos_illumos_gate_usr_src_uts_common_os_s_88f9ad8696d9_research.md	illumos-gate:2 files	2	239073	9144	ok
group_561_illumos_gate_sources_os_illumos_illumos_gate_usr_src_uts_common_os_s_6d49b265b59d	GROUP	Docs/researches/groups/group_561_illumos_gate_sources_os_illumos_illumos_gate_usr_src_uts_common_os_s_6d49b265b59d_research.md	illumos-gate:1 files	1	249357	10064	ok
group_562_illumos_gate_sources_os_illumos_illumos_gate_usr_src_uts_common_os_s_f325b6fa540b	GROUP	Docs/researches/groups/group_562_illumos_gate_sources_os_illumos_illumos_gate_usr_src_uts_common_os_s_f325b6fa540b_research.md	illumos-gate:1 files	1	237969	9755	ok
group_563_illumos_gate_sources_os_illumos_illumos_gate_usr_src_uts_common_os_s_22d9ffbbc7ae	GROUP	Docs/researches/groups/group_563_illumos_gate_sources_os_illumos_illumos_gate_usr_src_uts_common_os_s_22d9ffbbc7ae_research.md	illumos-gate:2 files	2	96788	3712	ok
group_564_illumos_gate_sources_os_illumos_illumos_gate_usr_src_uts_common_os_s_801c47b894a9	GROUP	Docs/researches/groups/group_564_illumos_gate_sources_os_illumos_illumos_gate_usr_src_uts_common_os_s_801c47b894a9_research.md	illumos-gate:1 files	1	255527	9350	ok
group_565_illumos_gate_sources_os_illumos_illumos_gate_usr_src_uts_common_os_s_311084daeb4f	GROUP	Docs/researches/groups/group_565_illumos_gate_sources_os_illumos_illumos_gate_usr_src_uts_common_os_s_311084daeb4f_research.md	illumos-gate:5 files	5	232396	7838	ok
group_566_illumos_gate_sources_os_illumos_illumos_gate_usr_src_uts_common_os_t_d5a155ee6c28	GROUP	Docs/researches/groups/group_566_illumos_gate_sources_os_illumos_illumos_gate_usr_src_uts_common_os_t_d5a155ee6c28_research.md	illumos-gate:13 files	13	232781	8126	ok
group_567_illumos_gate_sources_os_illumos_illumos_gate_usr_src_uts_common_os_w_3a4c231989e0	GROUP	Docs/researches/groups/group_567_illumos_gate_sources_os_illumos_illumos_gate_usr_src_uts_common_os_w_3a4c231989e0_research.md	illumos-gate:6 files	6	261260	9765	ok
group_568_illumos_gate_sources_os_illumos_illumos_gate_usr_src_uts_common_sys__6e726c111223	GROUP	Docs/researches/groups/group_568_illumos_gate_sources_os_illumos_illumos_gate_usr_src_uts_common_sys__6e726c111223_research.md	illumos-gate:24 files	24	250828	7242	ok
group_569_illumos_gate_sources_os_illumos_illumos_gate_usr_src_uts_common_sys__6ec7c048a580	GROUP	Docs/researches/groups/group_569_illumos_gate_sources_os_illumos_illumos_gate_usr_src_uts_common_sys__6ec7c048a580_research.md	illumos-gate:30 files	30	234626	7877	ok
group_56_9front_sources_os_plan9_9front_sys_src_cmd_audio_mp3enc_lame_h_source_bba42db28a51	GROUP	Docs/researches/groups/group_56_9front_sources_os_plan9_9front_sys_src_cmd_audio_mp3enc_lame_h_source_bba42db28a51_research.md	9front:17 files	17	210014	6320	ok
group_570_illumos_gate_sources_os_illumos_illumos_gate_usr_src_uts_common_sys__0acf9f70df74	GROUP	Docs/researches/groups/group_570_illumos_gate_sources_os_illumos_illumos_gate_usr_src_uts_common_sys__0acf9f70df74_research.md	illumos-gate:13 files	13	256527	5291	ok
group_571_illumos_gate_sources_os_illumos_illumos_gate_usr_src_uts_common_sys__74e9953e8f01	GROUP	Docs/researches/groups/group_571_illumos_gate_sources_os_illumos_illumos_gate_usr_src_uts_common_sys__74e9953e8f01_research.md	illumos-gate:50 files	50	261045	8749	ok
group_572_illumos_gate_sources_os_illumos_illumos_gate_usr_src_uts_common_sys__3f58ccb432f5	GROUP	Docs/researches/groups/group_572_illumos_gate_sources_os_illumos_illumos_gate_usr_src_uts_common_sys__3f58ccb432f5_research.md	illumos-gate:22 files	22	244154	7260	ok
group_573_illumos_gate_sources_os_illumos_illumos_gate_usr_src_uts_common_sys__477970ef77a9	GROUP	Docs/researches/groups/group_573_illumos_gate_sources_os_illumos_illumos_gate_usr_src_uts_common_sys__477970ef77a9_research.md	illumos-gate:24 files	24	225976	7200	ok
group_574_illumos_gate_sources_os_illumos_illumos_gate_usr_src_uts_common_sys__afe90785e5bb	GROUP	Docs/researches/groups/group_574_illumos_gate_sources_os_illumos_illumos_gate_usr_src_uts_common_sys__afe90785e5bb_research.md	illumos-gate:31 files	31	261778	8314	ok
group_575_illumos_gate_sources_os_illumos_illumos_gate_usr_src_uts_common_sys__b4b1fbb8c9c2	GROUP	Docs/researches/groups/group_575_illumos_gate_sources_os_illumos_illumos_gate_usr_src_uts_common_sys__b4b1fbb8c9c2_research.md	illumos-gate:31 files	31	189735	6055	ok
group_576_illumos_gate_sources_os_illumos_illumos_gate_usr_src_uts_common_sys__ddabd796fd8d	GROUP	Docs/researches/groups/group_576_illumos_gate_sources_os_illumos_illumos_gate_usr_src_uts_common_sys__ddabd796fd8d_research.md	illumos-gate:15 files	15	260142	6511	ok
group_577_illumos_gate_sources_os_illumos_illumos_gate_usr_src_uts_common_sys__70c6a03c5143	GROUP	Docs/researches/groups/group_577_illumos_gate_sources_os_illumos_illumos_gate_usr_src_uts_common_sys__70c6a03c5143_research.md	illumos-gate:38 files	38	256881	8592	ok
group_578_illumos_gate_sources_os_illumos_illumos_gate_usr_src_uts_common_sys__2f53190354d5	GROUP	Docs/researches/groups/group_578_illumos_gate_sources_os_illumos_illumos_gate_usr_src_uts_common_sys__2f53190354d5_research.md	illumos-gate:17 files	17	250167	9150	ok
group_579_illumos_gate_sources_os_illumos_illumos_gate_usr_src_uts_common_sys__c4f3eae20a57	GROUP	Docs/researches/groups/group_579_illumos_gate_sources_os_illumos_illumos_gate_usr_src_uts_common_sys__c4f3eae20a57_research.md	illumos-gate:10 files	10	240664	8445	ok
group_57_9front_sources_os_plan9_9front_sys_src_cmd_audio_mp3enc_psymodel_c_so_48a9255ab91a	GROUP	Docs/researches/groups/group_57_9front_sources_os_plan9_9front_sys_src_cmd_audio_mp3enc_psymodel_c_so_48a9255ab91a_research.md	9front:16 files	16	249074	8436	ok
group_580_illumos_gate_sources_os_illumos_illumos_gate_usr_src_uts_common_sys__deb7fa77ccf4	GROUP	Docs/researches/groups/group_580_illumos_gate_sources_os_illumos_illumos_gate_usr_src_uts_common_sys__deb7fa77ccf4_research.md	illumos-gate:11 files	11	258146	11531	ok
group_581_illumos_gate_sources_os_illumos_illumos_gate_usr_src_uts_common_sys__1919b8c2294f	GROUP	Docs/researches/groups/group_581_illumos_gate_sources_os_illumos_illumos_gate_usr_src_uts_common_sys__1919b8c2294f_research.md	illumos-gate:16 files	16	246242	9376	ok
group_582_illumos_gate_sources_os_illumos_illumos_gate_usr_src_uts_common_sys__fdc4fe934487	GROUP	Docs/researches/groups/group_582_illumos_gate_sources_os_illumos_illumos_gate_usr_src_uts_common_sys__fdc4fe934487_research.md	illumos-gate:11 files	11	257954	8368	ok
group_583_illumos_gate_sources_os_illumos_illumos_gate_usr_src_uts_common_sys__25bda8fc66d8	GROUP	Docs/researches/groups/group_583_illumos_gate_sources_os_illumos_illumos_gate_usr_src_uts_common_sys__25bda8fc66d8_research.md	illumos-gate:23 files	23	250152	7927	ok
group_584_illumos_gate_sources_os_illumos_illumos_gate_usr_src_uts_common_sys__8bf8681e5b8f	GROUP	Docs/researches/groups/group_584_illumos_gate_sources_os_illumos_illumos_gate_usr_src_uts_common_sys__8bf8681e5b8f_research.md	illumos-gate:40 files	40	257585	7734	ok
group_585_illumos_gate_sources_os_illumos_illumos_gate_usr_src_uts_common_sys__669fa24f3012	GROUP	Docs/researches/groups/group_585_illumos_gate_sources_os_illumos_illumos_gate_usr_src_uts_common_sys__669fa24f3012_research.md	illumos-gate:21 files	21	260953	8171	ok
group_586_illumos_gate_sources_os_illumos_illumos_gate_usr_src_uts_common_sys__95ad171499f4	GROUP	Docs/researches/groups/group_586_illumos_gate_sources_os_illumos_illumos_gate_usr_src_uts_common_sys__95ad171499f4_research.md	illumos-gate:45 files	45	261842	8314	ok
group_587_illumos_gate_sources_os_illumos_illumos_gate_usr_src_uts_common_sys__260be2c63f68	GROUP	Docs/researches/groups/group_587_illumos_gate_sources_os_illumos_illumos_gate_usr_src_uts_common_sys__260be2c63f68_research.md	illumos-gate:11 files	11	257528	8986	ok
group_588_illumos_gate_sources_os_illumos_illumos_gate_usr_src_uts_common_sys__961be524f202	GROUP	Docs/researches/groups/group_588_illumos_gate_sources_os_illumos_illumos_gate_usr_src_uts_common_sys__961be524f202_research.md	illumos-gate:15 files	15	253062	7456	ok
group_589_illumos_gate_sources_os_illumos_illumos_gate_usr_src_uts_common_sys__51295a4389b3	GROUP	Docs/researches/groups/group_589_illumos_gate_sources_os_illumos_illumos_gate_usr_src_uts_common_sys__51295a4389b3_research.md	illumos-gate:24 files	24	254066	8397	ok
group_58_9front_sources_os_plan9_9front_sys_src_cmd_audio_mp3enc_util_c_source_4b1760153ec1	GROUP	Docs/researches/groups/group_58_9front_sources_os_plan9_9front_sys_src_cmd_audio_mp3enc_util_c_source_4b1760153ec1_research.md	9front:33 files	33	259011	10732	ok
group_590_illumos_gate_sources_os_illumos_illumos_gate_usr_src_uts_common_sys__4af506d1aae2	GROUP	Docs/researches/groups/group_590_illumos_gate_sources_os_illumos_illumos_gate_usr_src_uts_common_sys__4af506d1aae2_research.md	illumos-gate:41 files	41	258558	8628	ok
group_591_illumos_gate_sources_os_illumos_illumos_gate_usr_src_uts_common_sys__c09e695480d4	GROUP	Docs/researches/groups/group_591_illumos_gate_sources_os_illumos_illumos_gate_usr_src_uts_common_sys__c09e695480d4_research.md	illumos-gate:13 files	13	256074	7826	ok
group_592_illumos_gate_sources_os_illumos_illumos_gate_usr_src_uts_common_sys__26c0f6764d01	GROUP	Docs/researches/groups/group_592_illumos_gate_sources_os_illumos_illumos_gate_usr_src_uts_common_sys__26c0f6764d01_research.md	illumos-gate:18 files	18	251729	7171	ok
group_593_illumos_gate_sources_os_illumos_illumos_gate_usr_src_uts_common_sys__bef929523b7d	GROUP	Docs/researches/groups/group_593_illumos_gate_sources_os_illumos_illumos_gate_usr_src_uts_common_sys__bef929523b7d_research.md	illumos-gate:33 files	33	247379	8543	ok
group_594_illumos_gate_sources_os_illumos_illumos_gate_usr_src_uts_common_sys__37f34de1d315	GROUP	Docs/researches/groups/group_594_illumos_gate_sources_os_illumos_illumos_gate_usr_src_uts_common_sys__37f34de1d315_research.md	illumos-gate:17 files	17	100693	3215	ok
group_595_illumos_gate_sources_os_illumos_illumos_gate_usr_src_uts_common_sys__3f596ba4e779	GROUP	Docs/researches/groups/group_595_illumos_gate_sources_os_illumos_illumos_gate_usr_src_uts_common_sys__3f596ba4e779_research.md	illumos-gate:2 files	2	195865	6724	ok
group_596_illumos_gate_sources_os_illumos_illumos_gate_usr_src_uts_common_sys__d9805474b1ac	GROUP	Docs/researches/groups/group_596_illumos_gate_sources_os_illumos_illumos_gate_usr_src_uts_common_sys__d9805474b1ac_research.md	illumos-gate:1 files	1	257718	8316	ok
group_597_illumos_gate_sources_os_illumos_illumos_gate_usr_src_uts_common_sys__a6c7503aa75d	GROUP	Docs/researches/groups/group_597_illumos_gate_sources_os_illumos_illumos_gate_usr_src_uts_common_sys__a6c7503aa75d_research.md	illumos-gate:2 files	2	215788	8721	ok
group_598_illumos_gate_sources_os_illumos_illumos_gate_usr_src_uts_common_sys__9e8461bab066	GROUP	Docs/researches/groups/group_598_illumos_gate_sources_os_illumos_illumos_gate_usr_src_uts_common_sys__9e8461bab066_research.md	illumos-gate:5 files	5	220697	6076	ok
group_599_illumos_gate_sources_os_illumos_illumos_gate_usr_src_uts_common_sys__079dbd1877fd	GROUP	Docs/researches/groups/group_599_illumos_gate_sources_os_illumos_illumos_gate_usr_src_uts_common_sys__079dbd1877fd_research.md	illumos-gate:1 files	1	204435	10672	ok
group_59_9front_sources_os_plan9_9front_sys_src_cmd_auth_convkeys_c_sources_os_f1a8fd9f18a3	GROUP	Docs/researches/groups/group_59_9front_sources_os_plan9_9front_sys_src_cmd_auth_convkeys_c_sources_os_f1a8fd9f18a3_research.md	9front:69 files	69	251960	12955	ok
group_5_9front_sources_os_plan9_9front_sys_src_9_ip_ipifc_c_sources_os_plan9_9_046cece8c3e0	GROUP	Docs/researches/groups/group_5_9front_sources_os_plan9_9front_sys_src_9_ip_ipifc_c_sources_os_plan9_9_046cece8c3e0_research.md	9front:24 files	24	256689	12937	ok
group_600_illumos_gate_sources_os_illumos_illumos_gate_usr_src_uts_common_sys__839c74dfe1de	GROUP	Docs/researches/groups/group_600_illumos_gate_sources_os_illumos_illumos_gate_usr_src_uts_common_sys__839c74dfe1de_research.md	illumos-gate:19 files	19	259912	11163	ok
group_601_illumos_gate_sources_os_illumos_illumos_gate_usr_src_uts_common_sys__61b057446987	GROUP	Docs/researches/groups/group_601_illumos_gate_sources_os_illumos_illumos_gate_usr_src_uts_common_sys__61b057446987_research.md	illumos-gate:38 files	38	256799	8537	ok
group_602_illumos_gate_sources_os_illumos_illumos_gate_usr_src_uts_common_sys__6a18013dcb06	GROUP	Docs/researches/groups/group_602_illumos_gate_sources_os_illumos_illumos_gate_usr_src_uts_common_sys__6a18013dcb06_research.md	illumos-gate:34 files	34	261130	8171	ok
group_603_illumos_gate_sources_os_illumos_illumos_gate_usr_src_uts_common_sys__7ed3b110cf32	GROUP	Docs/researches/groups/group_603_illumos_gate_sources_os_illumos_illumos_gate_usr_src_uts_common_sys__7ed3b110cf32_research.md	illumos-gate:26 files	26	253148	8135	ok
group_604_illumos_gate_sources_os_illumos_illumos_gate_usr_src_uts_common_sys__f78b9b83e606	GROUP	Docs/researches/groups/group_604_illumos_gate_sources_os_illumos_illumos_gate_usr_src_uts_common_sys__f78b9b83e606_research.md	illumos-gate:28 files	28	261347	8343	ok
group_605_illumos_gate_sources_os_illumos_illumos_gate_usr_src_uts_common_sys__a269bce6ee8c	GROUP	Docs/researches/groups/group_605_illumos_gate_sources_os_illumos_illumos_gate_usr_src_uts_common_sys__a269bce6ee8c_research.md	illumos-gate:16 files	16	257951	9237	ok
group_606_illumos_gate_sources_os_illumos_illumos_gate_usr_src_uts_common_sys__8a252a16d203	GROUP	Docs/researches/groups/group_606_illumos_gate_sources_os_illumos_illumos_gate_usr_src_uts_common_sys__8a252a16d203_research.md	illumos-gate:21 files	21	250740	9723	ok
group_607_illumos_gate_sources_os_illumos_illumos_gate_usr_src_uts_common_sys__fab9d8d19ae1	GROUP	Docs/researches/groups/group_607_illumos_gate_sources_os_illumos_illumos_gate_usr_src_uts_common_sys__fab9d8d19ae1_research.md	illumos-gate:22 files	22	261712	7404	ok
group_608_illumos_gate_sources_os_illumos_illumos_gate_usr_src_uts_common_sys__c80a4e38ff72	GROUP	Docs/researches/groups/group_608_illumos_gate_sources_os_illumos_illumos_gate_usr_src_uts_common_sys__c80a4e38ff72_research.md	illumos-gate:34 files	34	259636	8210	ok
group_609_illumos_gate_sources_os_illumos_illumos_gate_usr_src_uts_common_sys__c9c82827f4e8	GROUP	Docs/researches/groups/group_609_illumos_gate_sources_os_illumos_illumos_gate_usr_src_uts_common_sys__c9c82827f4e8_research.md	illumos-gate:36 files	36	252866	8374	ok
group_60_9front_sources_os_plan9_9front_sys_src_cmd_auth_secstore_secstore_c_s_ce4889a94413	GROUP	Docs/researches/groups/group_60_9front_sources_os_plan9_9front_sys_src_cmd_auth_secstore_secstore_c_s_ce4889a94413_research.md	9front:35 files	35	259686	10876	ok
group_610_illumos_gate_sources_os_illumos_illumos_gate_usr_src_uts_common_sys__de02e2115e5c	GROUP	Docs/researches/groups/group_610_illumos_gate_sources_os_illumos_illumos_gate_usr_src_uts_common_sys__de02e2115e5c_research.md	illumos-gate:24 files	24	256622	8382	ok
group_611_illumos_gate_sources_os_illumos_illumos_gate_usr_src_uts_common_sys__f35479c7b3e6	GROUP	Docs/researches/groups/group_611_illumos_gate_sources_os_illumos_illumos_gate_usr_src_uts_common_sys__f35479c7b3e6_research.md	illumos-gate:3 files	3	79327	2045	ok
group_612_illumos_gate_sources_os_illumos_illumos_gate_usr_src_uts_common_sys__9f32253b8dd7	GROUP	Docs/researches/groups/group_612_illumos_gate_sources_os_illumos_illumos_gate_usr_src_uts_common_sys__9f32253b8dd7_research.md	illumos-gate:3 files	3	232500	4617	ok
group_613_illumos_gate_sources_os_illumos_illumos_gate_usr_src_uts_common_sys__cd29ce748cac	GROUP	Docs/researches/groups/group_613_illumos_gate_sources_os_illumos_illumos_gate_usr_src_uts_common_sys__cd29ce748cac_research.md	illumos-gate:9 files	9	233516	4837	ok
group_614_illumos_gate_sources_os_illumos_illumos_gate_usr_src_uts_common_sys__b91861786574	GROUP	Docs/researches/groups/group_614_illumos_gate_sources_os_illumos_illumos_gate_usr_src_uts_common_sys__b91861786574_research.md	illumos-gate:17 files	17	244179	7602	ok
group_615_illumos_gate_sources_os_illumos_illumos_gate_usr_src_uts_common_sys__6ae156200904	GROUP	Docs/researches/groups/group_615_illumos_gate_sources_os_illumos_illumos_gate_usr_src_uts_common_sys__6ae156200904_research.md	illumos-gate:24 files	24	250075	8395	ok
group_616_illumos_gate_sources_os_illumos_illumos_gate_usr_src_uts_common_sys__942e8173292c	GROUP	Docs/researches/groups/group_616_illumos_gate_sources_os_illumos_illumos_gate_usr_src_uts_common_sys__942e8173292c_research.md	illumos-gate:25 files	25	260263	8704	ok
group_617_illumos_gate_sources_os_illumos_illumos_gate_usr_src_uts_common_sys__94fed751cb11	GROUP	Docs/researches/groups/group_617_illumos_gate_sources_os_illumos_illumos_gate_usr_src_uts_common_sys__94fed751cb11_research.md	illumos-gate:28 files	28	235195	6579	ok
group_618_illumos_gate_sources_os_illumos_illumos_gate_usr_src_uts_common_sys__18f550eb9431	GROUP	Docs/researches/groups/group_618_illumos_gate_sources_os_illumos_illumos_gate_usr_src_uts_common_sys__18f550eb9431_research.md	illumos-gate:28 files	28	252314	7670	ok
group_619_illumos_gate_sources_os_illumos_illumos_gate_usr_src_uts_common_sys__4f95394f5b2d	GROUP	Docs/researches/groups/group_619_illumos_gate_sources_os_illumos_illumos_gate_usr_src_uts_common_sys__4f95394f5b2d_research.md	illumos-gate:22 files	22	259490	8655	ok
group_61_9front_sources_os_plan9_9front_sys_src_cmd_aux_antiword_finddata_c_so_ffcd9f5af48c	GROUP	Docs/researches/groups/group_61_9front_sources_os_plan9_9front_sys_src_cmd_aux_antiword_finddata_c_so_ffcd9f5af48c_research.md	9front:17 files	17	259199	7532	ok
group_620_illumos_gate_sources_os_illumos_illumos_gate_usr_src_uts_common_sys__2dd1a6a6c6ca	GROUP	Docs/researches/groups/group_620_illumos_gate_sources_os_illumos_illumos_gate_usr_src_uts_common_sys__2dd1a6a6c6ca_research.md	illumos-gate:39 files	39	249571	7747	ok
group_621_illumos_gate_sources_os_illumos_illumos_gate_usr_src_uts_common_sys__88698e85ce6b	GROUP	Docs/researches/groups/group_621_illumos_gate_sources_os_illumos_illumos_gate_usr_src_uts_common_sys__88698e85ce6b_research.md	illumos-gate:50 files	50	259103	8588	ok
group_622_illumos_gate_sources_os_illumos_illumos_gate_usr_src_uts_common_sys__a18db0390f35	GROUP	Docs/researches/groups/group_622_illumos_gate_sources_os_illumos_illumos_gate_usr_src_uts_common_sys__a18db0390f35_research.md	illumos-gate:40 files	40	261087	8751	ok
group_623_illumos_gate_sources_os_illumos_illumos_gate_usr_src_uts_common_sys__4f4d4262d1e0	GROUP	Docs/researches/groups/group_623_illumos_gate_sources_os_illumos_illumos_gate_usr_src_uts_common_sys__4f4d4262d1e0_research.md	illumos-gate:21 files	21	261565	7758	ok
group_624_illumos_gate_sources_os_illumos_illumos_gate_usr_src_uts_common_sys__55298ac22f6b	GROUP	Docs/researches/groups/group_624_illumos_gate_sources_os_illumos_illumos_gate_usr_src_uts_common_sys__55298ac22f6b_research.md	illumos-gate:28 files	28	248337	8266	ok
group_625_illumos_gate_sources_os_illumos_illumos_gate_usr_src_uts_common_sys__f090de84fde7	GROUP	Docs/researches/groups/group_625_illumos_gate_sources_os_illumos_illumos_gate_usr_src_uts_common_sys__f090de84fde7_research.md	illumos-gate:25 files	25	260668	8010	ok
group_626_illumos_gate_sources_os_illumos_illumos_gate_usr_src_uts_common_sys__2e6b66dbd7cc	GROUP	Docs/researches/groups/group_626_illumos_gate_sources_os_illumos_illumos_gate_usr_src_uts_common_sys__2e6b66dbd7cc_research.md	illumos-gate:14 files	14	63912	2193	ok
group_627_jfsutils_sources_local_fs_jfsutils_Makefile_sources_local_fs_jfsutil_05526e317ce9	GROUP	Docs/researches/groups/group_627_jfsutils_sources_local_fs_jfsutils_Makefile_sources_local_fs_jfsutil_05526e317ce9_research.md	jfsutils:8 files	8	258292	8728	ok
group_628_jfsutils_sources_local_fs_jfsutils_fsck_Makefile_sources_local_fs_jf_c5786bd8253c	GROUP	Docs/researches/groups/group_628_jfsutils_sources_local_fs_jfsutils_fsck_Makefile_sources_local_fs_jf_c5786bd8253c_research.md	jfsutils:8 files	8	178461	6402	ok
group_629_jfsutils_sources_local_fs_jfsutils_fsck_fsckdtre_c_sources_local_fs__af53e8a316a2	GROUP	Docs/researches/groups/group_629_jfsutils_sources_local_fs_jfsutils_fsck_fsckdtre_c_sources_local_fs__af53e8a316a2_research.md	jfsutils:2 files	2	132417	4191	ok
group_62_9front_sources_os_plan9_9front_sys_src_cmd_aux_antiword_misc_c_source_a8f16daa438f	GROUP	Docs/researches/groups/group_62_9front_sources_os_plan9_9front_sys_src_cmd_aux_antiword_misc_c_source_a8f16daa438f_research.md	9front:13 files	13	245886	9368	ok
group_630_jfsutils_sources_local_fs_jfsutils_fsck_fsckimap_c_sources_local_fs__ae96f9224bfa	GROUP	Docs/researches/groups/group_630_jfsutils_sources_local_fs_jfsutils_fsck_fsckimap_c_sources_local_fs__ae96f9224bfa_research.md	jfsutils:2 files	2	198276	6218	ok
group_631_jfsutils_sources_local_fs_jfsutils_fsck_fsckmeta_c_sources_local_fs__44be84fa0d94	GROUP	Docs/researches/groups/group_631_jfsutils_sources_local_fs_jfsutils_fsck_fsckmeta_c_sources_local_fs__44be84fa0d94_research.md	jfsutils:4 files	4	237318	7768	ok
group_632_jfsutils_sources_local_fs_jfsutils_fsck_fsckwsp_c_sources_local_fs_j_3ed202e4a5ad	GROUP	Docs/researches/groups/group_632_jfsutils_sources_local_fs_jfsutils_fsck_fsckwsp_c_sources_local_fs_j_3ed202e4a5ad_research.md	jfsutils:4 files	4	246843	8158	ok
group_633_jfsutils_sources_local_fs_jfsutils_fsck_xfsck_h_sources_local_fs_jfs_c7bbc231a6d0	GROUP	Docs/researches/groups/group_633_jfsutils_sources_local_fs_jfsutils_fsck_xfsck_h_sources_local_fs_jfs_c7bbc231a6d0_research.md	jfsutils:34 files	34	262089	8790	ok
group_634_jfsutils_sources_local_fs_jfsutils_libfs_diskmap_h_sources_local_fs__6d86b261342e	GROUP	Docs/researches/groups/group_634_jfsutils_sources_local_fs_jfsutils_libfs_diskmap_h_sources_local_fs__6d86b261342e_research.md	jfsutils:15 files	15	253330	6795	ok
group_635_jfsutils_sources_local_fs_jfsutils_libfs_log_read_c_sources_local_fs_045e84e19c2f	GROUP	Docs/researches/groups/group_635_jfsutils_sources_local_fs_jfsutils_libfs_log_read_c_sources_local_fs_045e84e19c2f_research.md	jfsutils:18 files	18	261944	8589	ok
group_636_jfsutils_sources_local_fs_jfsutils_logdump_Makefile_in_sources_local_86086cc9a52c	GROUP	Docs/researches/groups/group_636_jfsutils_sources_local_fs_jfsutils_logdump_Makefile_in_sources_local_86086cc9a52c_research.md	jfsutils:22 files	22	262086	8470	ok
group_637_jfsutils_sources_local_fs_jfsutils_xpeek_alter_c_sources_local_fs_jf_1761c891da3a	GROUP	Docs/researches/groups/group_637_jfsutils_sources_local_fs_jfsutils_xpeek_alter_c_sources_local_fs_jf_1761c891da3a_research.md	jfsutils:14 files	14	135788	4846	ok
group_638_kdave_linux_sources_local_fs_kdave_linux_fs_btrfs_Kconfig_sources_lo_42244a6c469a	GROUP	Docs/researches/groups/group_638_kdave_linux_sources_local_fs_kdave_linux_fs_btrfs_Kconfig_sources_lo_42244a6c469a_research.md	kdave-linux:12 files	12	222435	7300	ok
group_639_kdave_linux_sources_local_fs_kdave_linux_fs_btrfs_block_group_c_sour_48dfd5b65200	GROUP	Docs/researches/groups/group_639_kdave_linux_sources_local_fs_kdave_linux_fs_btrfs_block_group_c_sour_48dfd5b65200_research.md	kdave-linux:5 files	5	216334	6845	ok
group_63_9front_sources_os_plan9_9front_sys_src_cmd_aux_antiword_prop8_c_sourc_0c1c63129923	GROUP	Docs/researches/groups/group_63_9front_sources_os_plan9_9front_sys_src_cmd_aux_antiword_prop8_c_sourc_0c1c63129923_research.md	9front:25 files	25	252409	9687	ok
group_640_kdave_linux_sources_local_fs_kdave_linux_fs_btrfs_compression_c_sour_70134275f537	GROUP	Docs/researches/groups/group_640_kdave_linux_sources_local_fs_kdave_linux_fs_btrfs_compression_c_sour_70134275f537_research.md	kdave-linux:6 files	6	255560	9254	ok
group_641_kdave_linux_sources_local_fs_kdave_linux_fs_btrfs_delalloc_space_c_s_f00b5c423122	GROUP	Docs/researches/groups/group_641_kdave_linux_sources_local_fs_kdave_linux_fs_btrfs_delalloc_space_c_s_f00b5c423122_research.md	kdave-linux:12 files	12	239210	7877	ok
group_642_kdave_linux_sources_local_fs_kdave_linux_fs_btrfs_discard_c_sources__feed1e1f6f28	GROUP	Docs/researches/groups/group_642_kdave_linux_sources_local_fs_kdave_linux_fs_btrfs_discard_c_sources__feed1e1f6f28_research.md	kdave-linux:8 files	8	249996	8585	ok
group_643_kdave_linux_sources_local_fs_kdave_linux_fs_btrfs_extent_tree_c_sour_51ba29360d62	GROUP	Docs/researches/groups/group_643_kdave_linux_sources_local_fs_kdave_linux_fs_btrfs_extent_tree_c_sour_51ba29360d62_research.md	kdave-linux:2 files	2	202894	7090	ok
group_644_kdave_linux_sources_local_fs_kdave_linux_fs_btrfs_extent_io_c_source_5de3383b0e3c	GROUP	Docs/researches/groups/group_644_kdave_linux_sources_local_fs_kdave_linux_fs_btrfs_extent_io_c_source_5de3383b0e3c_research.md	kdave-linux:6 files	6	226576	7637	ok
group_645_kdave_linux_sources_local_fs_kdave_linux_fs_btrfs_file_item_c_source_85866d9c80e1	GROUP	Docs/researches/groups/group_645_kdave_linux_sources_local_fs_kdave_linux_fs_btrfs_file_item_c_source_85866d9c80e1_research.md	kdave-linux:4 files	4	159942	5446	ok
group_646_kdave_linux_sources_local_fs_kdave_linux_fs_btrfs_free_space_cache_c_e07b8a44bd79	GROUP	Docs/researches/groups/group_646_kdave_linux_sources_local_fs_kdave_linux_fs_btrfs_free_space_cache_c_e07b8a44bd79_research.md	kdave-linux:8 files	8	246948	8890	ok
group_647_kdave_linux_sources_local_fs_kdave_linux_fs_btrfs_ioctl_c_sources_lo_6072aa22210f	GROUP	Docs/researches/groups/group_647_kdave_linux_sources_local_fs_kdave_linux_fs_btrfs_ioctl_c_sources_lo_6072aa22210f_research.md	kdave-linux:14 files	14	248462	9191	ok
group_648_kdave_linux_sources_local_fs_kdave_linux_fs_btrfs_print_tree_c_sourc_c369ed3e17a5	GROUP	Docs/researches/groups/group_648_kdave_linux_sources_local_fs_kdave_linux_fs_btrfs_print_tree_c_sourc_c369ed3e17a5_research.md	kdave-linux:8 files	8	201330	7144	ok
group_649_kdave_linux_sources_local_fs_kdave_linux_fs_btrfs_raid56_c_sources_l_4ea08bd4a1ed	GROUP	Docs/researches/groups/group_649_kdave_linux_sources_local_fs_kdave_linux_fs_btrfs_raid56_c_sources_l_4ea08bd4a1ed_research.md	kdave-linux:6 files	6	152741	5407	ok
group_64_9front_sources_os_plan9_9front_sys_src_cmd_aux_antiword_xml_c_sources_3dfcfb74313c	GROUP	Docs/researches/groups/group_64_9front_sources_os_plan9_9front_sys_src_cmd_aux_antiword_xml_c_sources_3dfcfb74313c_research.md	9front:43 files	43	260978	14333	ok
group_650_kdave_linux_sources_local_fs_kdave_linux_fs_btrfs_relocation_c_sourc_d0a7e1122ce5	GROUP	Docs/researches/groups/group_650_kdave_linux_sources_local_fs_kdave_linux_fs_btrfs_relocation_c_sourc_d0a7e1122ce5_research.md	kdave-linux:4 files	4	175540	6744	ok
group_651_kdave_linux_sources_local_fs_kdave_linux_fs_btrfs_scrub_c_sources_lo_2c0c1e525ea8	GROUP	Docs/researches/groups/group_651_kdave_linux_sources_local_fs_kdave_linux_fs_btrfs_scrub_c_sources_lo_2c0c1e525ea8_research.md	kdave-linux:2 files	2	100824	3352	ok
group_652_kdave_linux_sources_local_fs_kdave_linux_fs_btrfs_send_c_sources_loc_f3e9723eaabf	GROUP	Docs/researches/groups/group_652_kdave_linux_sources_local_fs_kdave_linux_fs_btrfs_send_c_sources_loc_f3e9723eaabf_research.md	kdave-linux:2 files	2	226521	8513	ok
group_653_kdave_linux_sources_local_fs_kdave_linux_fs_btrfs_space_info_c_sourc_b9461353866d	GROUP	Docs/researches/groups/group_653_kdave_linux_sources_local_fs_kdave_linux_fs_btrfs_space_info_c_sourc_b9461353866d_research.md	kdave-linux:6 files	6	200417	6391	ok
group_654_kdave_linux_sources_local_fs_kdave_linux_fs_btrfs_sysfs_c_sources_lo_f8eede3c14cc	GROUP	Docs/researches/groups/group_654_kdave_linux_sources_local_fs_kdave_linux_fs_btrfs_sysfs_c_sources_lo_f8eede3c14cc_research.md	kdave-linux:12 files	12	256392	9646	ok
group_655_kdave_linux_sources_local_fs_kdave_linux_fs_btrfs_tests_qgroup_tests_4b4a99ab0dc9	GROUP	Docs/researches/groups/group_655_kdave_linux_sources_local_fs_kdave_linux_fs_btrfs_tests_qgroup_tests_4b4a99ab0dc9_research.md	kdave-linux:7 files	7	239041	8136	ok
group_656_kdave_linux_sources_local_fs_kdave_linux_fs_btrfs_tree_log_c_sources_f344503ec2b1	GROUP	Docs/researches/groups/group_656_kdave_linux_sources_local_fs_kdave_linux_fs_btrfs_tree_log_c_sources_f344503ec2b1_research.md	kdave-linux:2 files	2	245186	8232	ok
group_657_kdave_linux_sources_local_fs_kdave_linux_fs_btrfs_tree_mod_log_c_sou_495bbe55b0a6	GROUP	Docs/researches/groups/group_657_kdave_linux_sources_local_fs_kdave_linux_fs_btrfs_tree_mod_log_c_sou_495bbe55b0a6_research.md	kdave-linux:8 files	8	78065	3001	ok
group_658_kdave_linux_sources_local_fs_kdave_linux_fs_btrfs_volumes_c_485cf4cde9cd	GROUP	Docs/researches/groups/group_658_kdave_linux_sources_local_fs_kdave_linux_fs_btrfs_volumes_c_485cf4cde9cd_research.md	kdave-linux:1 files	1	249427	8868	ok
group_659_kdave_linux_sources_local_fs_kdave_linux_fs_btrfs_volumes_h_sources__de6179530334	GROUP	Docs/researches/groups/group_659_kdave_linux_sources_local_fs_kdave_linux_fs_btrfs_volumes_h_sources__de6179530334_research.md	kdave-linux:7 files	7	182813	6438	ok
group_65_9front_sources_os_plan9_9front_sys_src_cmd_aux_listen1_c_sources_os_p_efd6567a1321	GROUP	Docs/researches/groups/group_65_9front_sources_os_plan9_9front_sys_src_cmd_aux_listen1_c_sources_os_p_efd6567a1321_research.md	9front:42 files	42	259704	14253	ok
group_660_kvdo_sources_block_storage_kvdo_Makefile_sources_block_storage_kvdo__6c17f4928e14	GROUP	Docs/researches/groups/group_660_kvdo_sources_block_storage_kvdo_Makefile_sources_block_storage_kvdo__6c17f4928e14_research.md	kvdo:41 files	41	254928	9104	ok
group_661_kvdo_sources_block_storage_kvdo_vdo_compression_state_c_sources_bloc_73fe86c183cb	GROUP	Docs/researches/groups/group_661_kvdo_sources_block_storage_kvdo_vdo_compression_state_c_sources_bloc_73fe86c183cb_research.md	kvdo:13 files	13	235649	7949	ok
group_662_kvdo_sources_block_storage_kvdo_vdo_delta_index_c_sources_block_stor_444e9b43aae3	GROUP	Docs/researches/groups/group_662_kvdo_sources_block_storage_kvdo_vdo_delta_index_c_sources_block_stor_444e9b43aae3_research.md	kvdo:28 files	28	261597	9011	ok
group_663_kvdo_sources_block_storage_kvdo_vdo_heap_h_sources_block_storage_kvd_678e25c4e0b7	GROUP	Docs/researches/groups/group_663_kvdo_sources_block_storage_kvdo_vdo_heap_h_sources_block_storage_kvd_678e25c4e0b7_research.md	kvdo:25 files	25	261904	9554	ok
group_664_kvdo_sources_block_storage_kvdo_vdo_logical_zone_h_sources_block_sto_67f29479d60a	GROUP	Docs/researches/groups/group_664_kvdo_sources_block_storage_kvdo_vdo_logical_zone_h_sources_block_sto_67f29479d60a_research.md	kvdo:26 files	26	211643	7539	ok
group_665_kvdo_sources_block_storage_kvdo_vdo_pool_sysfs_stats_c_sources_block_576854771ae2	GROUP	Docs/researches/groups/group_665_kvdo_sources_block_storage_kvdo_vdo_pool_sysfs_stats_c_sources_block_576854771ae2_research.md	kvdo:24 files	24	236383	7503	ok
group_666_kvdo_sources_block_storage_kvdo_vdo_ref_counts_c_sources_block_stora_683cde3901e4	GROUP	Docs/researches/groups/group_666_kvdo_sources_block_storage_kvdo_vdo_ref_counts_c_sources_block_stora_683cde3901e4_research.md	kvdo:22 files	22	256899	8478	ok
group_667_kvdo_sources_block_storage_kvdo_vdo_slab_summary_h_sources_block_sto_fca6b7f8fb77	GROUP	Docs/researches/groups/group_667_kvdo_sources_block_storage_kvdo_vdo_slab_summary_h_sources_block_sto_fca6b7f8fb77_research.md	kvdo:41 files	41	241488	8443	ok
group_668_kvdo_sources_block_storage_kvdo_vdo_vdo_page_cache_c_sources_block_s_d4221818ccb6	GROUP	Docs/researches/groups/group_668_kvdo_sources_block_storage_kvdo_vdo_vdo_page_cache_c_sources_block_s_d4221818ccb6_research.md	kvdo:25 files	25	256881	9075	ok
group_669_kvdo_sources_block_storage_kvdo_vdo_volume_index_ops_h_sources_block_dc7b768e060f	GROUP	Docs/researches/groups/group_669_kvdo_sources_block_storage_kvdo_vdo_volume_index_ops_h_sources_block_dc7b768e060f_research.md	kvdo:13 files	13	195307	6378	ok
group_66_9front_sources_os_plan9_9front_sys_src_cmd_aux_vga_bt485_c_sources_os_85414b734da4	GROUP	Docs/researches/groups/group_66_9front_sources_os_plan9_9front_sys_src_cmd_aux_vga_bt485_c_sources_os_85414b734da4_research.md	9front:27 files	27	239216	10848	ok
group_670_libblkid_rs_sources_block_storage_libblkid_rs_src_cache_rs_sources_b_1e8e2aa2138f	GROUP	Docs/researches/groups/group_670_libblkid_rs_sources_block_storage_libblkid_rs_src_cache_rs_sources_b_1e8e2aa2138f_research.md	libblkid-rs:15 files	15	59670	1788	ok
group_671_libblockdev_sources_virtualization_libblockdev_src_Makefile_am_sourc_b1863b8189c8	GROUP	Docs/researches/groups/group_671_libblockdev_sources_virtualization_libblockdev_src_Makefile_am_sourc_b1863b8189c8_research.md	libblockdev:13 files	13	104387	2850	ok
group_672_libblockdev_sources_virtualization_libblockdev_src_plugins_crypto_c__8200a504404a	GROUP	Docs/researches/groups/group_672_libblockdev_sources_virtualization_libblockdev_src_plugins_crypto_c__8200a504404a_research.md	libblockdev:15 files	15	242715	6496	ok
group_673_libblockdev_sources_virtualization_libblockdev_src_plugins_fs_ext_c__26e609dfb644	GROUP	Docs/researches/groups/group_673_libblockdev_sources_virtualization_libblockdev_src_plugins_fs_ext_c__26e609dfb644_research.md	libblockdev:18 files	18	258436	7236	ok
group_674_libblockdev_sources_virtualization_libblockdev_src_plugins_loop_c_so_0cbf8520dbe8	GROUP	Docs/researches/groups/group_674_libblockdev_sources_virtualization_libblockdev_src_plugins_loop_c_so_0cbf8520dbe8_research.md	libblockdev:6 files	6	218249	5995	ok
group_675_libblockdev_sources_virtualization_libblockdev_src_plugins_lvm_lvm_c_23f9330e67e1	GROUP	Docs/researches/groups/group_675_libblockdev_sources_virtualization_libblockdev_src_plugins_lvm_lvm_c_23f9330e67e1_research.md	libblockdev:12 files	12	242500	6607	ok
group_676_libblockdev_sources_virtualization_libblockdev_src_plugins_nvme_nvme_bd49f4a024ca	GROUP	Docs/researches/groups/group_676_libblockdev_sources_virtualization_libblockdev_src_plugins_nvme_nvme_bd49f4a024ca_research.md	libblockdev:12 files	12	260815	6880	ok
group_677_libblockdev_sources_virtualization_libblockdev_src_plugins_smart_lib_551e7793d34d	GROUP	Docs/researches/groups/group_677_libblockdev_sources_virtualization_libblockdev_src_plugins_smart_lib_551e7793d34d_research.md	libblockdev:23 files	23	260164	6453	ok
group_678_libblockdev_sources_virtualization_libblockdev_src_utils_module_c_so_d9d2fca79dd5	GROUP	Docs/researches/groups/group_678_libblockdev_sources_virtualization_libblockdev_src_utils_module_c_so_d9d2fca79dd5_research.md	libblockdev:4 files	4	13990	446	ok
group_679_libcryptsetup_rs_sources_block_storage_libcryptsetup_rs_src_activate_35b05407dea5	GROUP	Docs/researches/groups/group_679_libcryptsetup_rs_sources_block_storage_libcryptsetup_rs_src_activate_35b05407dea5_research.md	libcryptsetup-rs:30 files	30	170048	5076	ok
group_67_9front_sources_os_plan9_9front_sys_src_cmd_aux_vga_mga4xx_c_sources_o_bc7138046885	GROUP	Docs/researches/groups/group_67_9front_sources_os_plan9_9front_sys_src_cmd_aux_vga_mga4xx_c_sources_o_bc7138046885_research.md	9front:16 files	16	261708	8933	ok
group_680_libguestfs_sources_virtualization_libguestfs_daemon_9p_c_sources_vir_e5e34b76a391	GROUP	Docs/researches/groups/group_680_libguestfs_sources_virtualization_libguestfs_daemon_9p_c_sources_vir_e5e34b76a391_research.md	libguestfs:40 files	40	261725	10555	ok
group_681_libguestfs_sources_virtualization_libguestfs_daemon_file_c_sources_v_69140fb267d6	GROUP	Docs/researches/groups/group_681_libguestfs_sources_virtualization_libguestfs_daemon_file_c_sources_v_69140fb267d6_research.md	libguestfs:52 files	52	261418	10780	ok
group_682_libguestfs_sources_virtualization_libguestfs_daemon_stubs_macros_h_s_301046e97d4e	GROUP	Docs/researches/groups/group_682_libguestfs_sources_virtualization_libguestfs_daemon_stubs_macros_h_s_301046e97d4e_research.md	libguestfs:35 files	35	253778	9735	ok
group_683_libguestfs_sources_virtualization_libguestfs_lib_errors_c_sources_vi_0c2bed5d39a4	GROUP	Docs/researches/groups/group_683_libguestfs_sources_virtualization_libguestfs_lib_errors_c_sources_vi_0c2bed5d39a4_research.md	libguestfs:14 files	14	243336	8535	ok
group_684_libguestfs_sources_virtualization_libguestfs_lib_launch_libvirt_c_so_a01413aa3118	GROUP	Docs/researches/groups/group_684_libguestfs_sources_virtualization_libguestfs_lib_launch_libvirt_c_so_a01413aa3118_research.md	libguestfs:24 files	24	229597	8106	ok
group_685_libnbd_sources_virtualization_libnbd_lib_Makefile_am_sources_virtual_7ae34e0fbdc3	GROUP	Docs/researches/groups/group_685_libnbd_sources_virtualization_libnbd_lib_Makefile_am_sources_virtual_7ae34e0fbdc3_research.md	libnbd:25 files	25	222922	7918	ok
group_686_linux_sources_os_linux_linux_block_Kconfig_sources_os_linux_linux_bl_e7c3ec1ab6ba	GROUP	Docs/researches/groups/group_686_linux_sources_os_linux_linux_block_Kconfig_sources_os_linux_linux_bl_e7c3ec1ab6ba_research.md	linux:10 files	10	248071	8318	ok
group_687_linux_sources_os_linux_linux_block_bio_c_sources_os_linux_linux_bloc_27d79008e92f	GROUP	Docs/researches/groups/group_687_linux_sources_os_linux_linux_block_bio_c_sources_os_linux_linux_bloc_27d79008e92f_research.md	linux:13 files	13	261708	9317	ok
group_688_linux_sources_os_linux_linux_block_blk_ia_ranges_c_sources_os_linux__cf89c55a5b8c	GROUP	Docs/researches/groups/group_688_linux_sources_os_linux_linux_block_blk_ia_ranges_c_sources_os_linux__cf89c55a5b8c_research.md	linux:14 files	14	261759	9609	ok
group_689_linux_sources_os_linux_linux_block_blk_mq_sched_c_sources_os_linux_l_d32fe3a36651	GROUP	Docs/researches/groups/group_689_linux_sources_os_linux_linux_block_blk_mq_sched_c_sources_os_linux_l_d32fe3a36651_research.md	linux:12 files	12	258088	9669	ok
group_68_9front_sources_os_plan9_9front_sys_src_cmd_aux_vga_sc15025_c_sources__752cdc5c9135	GROUP	Docs/researches/groups/group_68_9front_sources_os_plan9_9front_sys_src_cmd_aux_vga_sc15025_c_sources__752cdc5c9135_research.md	9front:35 files	35	239475	11529	ok
group_690_linux_sources_os_linux_linux_block_blk_stat_h_sources_os_linux_linux_6c5bcef52355	GROUP	Docs/researches/groups/group_690_linux_sources_os_linux_linux_block_blk_stat_h_sources_os_linux_linux_6c5bcef52355_research.md	linux:13 files	13	255835	9333	ok
group_691_linux_sources_os_linux_linux_block_elevator_c_sources_os_linux_linux_f5f76db4cd6a	GROUP	Docs/researches/groups/group_691_linux_sources_os_linux_linux_block_elevator_c_sources_os_linux_linux_f5f76db4cd6a_research.md	linux:19 files	19	244591	9600	ok
group_692_linux_sources_os_linux_linux_block_partitions_core_c_sources_os_linu_14e77170ec1b	GROUP	Docs/researches/groups/group_692_linux_sources_os_linux_linux_block_partitions_core_c_sources_os_linu_14e77170ec1b_research.md	linux:22 files	22	260678	9941	ok
group_693_linux_sources_os_linux_linux_fs_9p_cache_c_sources_os_linux_linux_fs_eed48ac3e589	GROUP	Docs/researches/groups/group_693_linux_sources_os_linux_linux_fs_9p_cache_c_sources_os_linux_linux_fs_eed48ac3e589_research.md	linux:36 files	36	259840	10348	ok
group_694_linux_sources_os_linux_linux_fs_affs_dir_c_sources_os_linux_linux_fs_84f0ac424746	GROUP	Docs/researches/groups/group_694_linux_sources_os_linux_linux_fs_affs_dir_c_sources_os_linux_linux_fs_84f0ac424746_research.md	linux:22 files	22	260801	9975	ok
group_695_linux_sources_os_linux_linux_fs_afs_dynroot_c_sources_os_linux_linux_3d2b758141f8	GROUP	Docs/researches/groups/group_695_linux_sources_os_linux_linux_fs_afs_dynroot_c_sources_os_linux_linux_3d2b758141f8_research.md	linux:14 files	14	258664	9357	ok
group_696_linux_sources_os_linux_linux_fs_afs_protocol_yfs_h_sources_os_linux__c1ff2e59c6d3	GROUP	Docs/researches/groups/group_696_linux_sources_os_linux_linux_fs_afs_protocol_yfs_h_sources_os_linux__c1ff2e59c6d3_research.md	linux:18 files	18	217817	8303	ok
group_697_linux_sources_os_linux_linux_fs_afs_yfsclient_c_sources_os_linux_lin_728acbfa278f	GROUP	Docs/researches/groups/group_697_linux_sources_os_linux_linux_fs_afs_yfsclient_c_sources_os_linux_lin_728acbfa278f_research.md	linux:18 files	18	260343	10039	ok
group_698_linux_sources_os_linux_linux_fs_befs_befs_h_sources_os_linux_linux_f_f501d9e0b381	GROUP	Docs/researches/groups/group_698_linux_sources_os_linux_linux_fs_befs_befs_h_sources_os_linux_linux_f_f501d9e0b381_research.md	linux:24 files	24	251307	9361	ok
group_699_linux_sources_os_linux_linux_fs_binfmt_misc_c_sources_os_linux_linux_fb33e38421d5	GROUP	Docs/researches/groups/group_699_linux_sources_os_linux_linux_fs_binfmt_misc_c_sources_os_linux_linux_fb33e38421d5_research.md	linux:14 files	14	261770	8812	ok
group_69_9front_sources_os_plan9_9front_sys_src_cmd_awk_run_c_sources_os_plan9_215fb3a2911f	GROUP	Docs/researches/groups/group_69_9front_sources_os_plan9_9front_sys_src_cmd_awk_run_c_sources_os_plan9_215fb3a2911f_research.md	9front:29 files	29	260165	11069	ok
group_6_9front_sources_os_plan9_9front_sys_src_9_kw_ether1116_c_sources_os_pla_383c50e6bf0d	GROUP	Docs/researches/groups/group_6_9front_sources_os_plan9_9front_sys_src_9_kw_ether1116_c_sources_os_pla_383c50e6bf0d_research.md	9front:39 files	39	260959	12514	ok
group_700_linux_sources_os_linux_linux_fs_btrfs_bio_h_sources_os_linux_linux_f_470a368d9f0c	GROUP	Docs/researches/groups/group_700_linux_sources_os_linux_linux_fs_btrfs_bio_h_sources_os_linux_linux_f_470a368d9f0c_research.md	linux:6 files	6	220021	6978	ok
group_701_linux_sources_os_linux_linux_fs_btrfs_compression_c_sources_os_linux_24687f3165da	GROUP	Docs/researches/groups/group_701_linux_sources_os_linux_linux_fs_btrfs_compression_c_sources_os_linux_24687f3165da_research.md	linux:6 files	6	255560	9254	ok
group_702_linux_sources_os_linux_linux_fs_btrfs_delalloc_space_c_sources_os_li_a5542b02ebbe	GROUP	Docs/researches/groups/group_702_linux_sources_os_linux_linux_fs_btrfs_delalloc_space_c_sources_os_li_a5542b02ebbe_research.md	linux:12 files	12	239210	7877	ok
group_703_linux_sources_os_linux_linux_fs_btrfs_discard_c_sources_os_linux_lin_524c1c224811	GROUP	Docs/researches/groups/group_703_linux_sources_os_linux_linux_fs_btrfs_discard_c_sources_os_linux_lin_524c1c224811_research.md	linux:8 files	8	249996	8585	ok
group_704_linux_sources_os_linux_linux_fs_btrfs_extent_tree_c_sources_os_linux_f0d564b0db4c	GROUP	Docs/researches/groups/group_704_linux_sources_os_linux_linux_fs_btrfs_extent_tree_c_sources_os_linux_f0d564b0db4c_research.md	linux:2 files	2	202894	7090	ok
group_705_linux_sources_os_linux_linux_fs_btrfs_extent_io_c_sources_os_linux_l_c781801cd6a1	GROUP	Docs/researches/groups/group_705_linux_sources_os_linux_linux_fs_btrfs_extent_io_c_sources_os_linux_l_c781801cd6a1_research.md	linux:6 files	6	226576	7637	ok
group_706_linux_sources_os_linux_linux_fs_btrfs_file_item_c_sources_os_linux_l_b935582b064b	GROUP	Docs/researches/groups/group_706_linux_sources_os_linux_linux_fs_btrfs_file_item_c_sources_os_linux_l_b935582b064b_research.md	linux:4 files	4	159942	5446	ok
group_707_linux_sources_os_linux_linux_fs_btrfs_free_space_cache_c_sources_os__0ead2720f81c	GROUP	Docs/researches/groups/group_707_linux_sources_os_linux_linux_fs_btrfs_free_space_cache_c_sources_os__0ead2720f81c_research.md	linux:8 files	8	246948	8890	ok
group_708_linux_sources_os_linux_linux_fs_btrfs_ioctl_c_sources_os_linux_linux_91679ae65ffa	GROUP	Docs/researches/groups/group_708_linux_sources_os_linux_linux_fs_btrfs_ioctl_c_sources_os_linux_linux_91679ae65ffa_research.md	linux:14 files	14	248462	9191	ok
group_709_linux_sources_os_linux_linux_fs_btrfs_print_tree_c_sources_os_linux__a753a6ebaba8	GROUP	Docs/researches/groups/group_709_linux_sources_os_linux_linux_fs_btrfs_print_tree_c_sources_os_linux__a753a6ebaba8_research.md	linux:8 files	8	201330	7144	ok
group_70_9front_sources_os_plan9_9front_sys_src_cmd_bzip2_lib_bzlib_private_h__fadc5d0bc882	GROUP	Docs/researches/groups/group_70_9front_sources_os_plan9_9front_sys_src_cmd_bzip2_lib_bzlib_private_h__fadc5d0bc882_research.md	9front:34 files	34	261560	12632	ok
group_710_linux_sources_os_linux_linux_fs_btrfs_raid56_c_sources_os_linux_linu_bf6641faa1bc	GROUP	Docs/researches/groups/group_710_linux_sources_os_linux_linux_fs_btrfs_raid56_c_sources_os_linux_linu_bf6641faa1bc_research.md	linux:6 files	6	152741	5407	ok
group_711_linux_sources_os_linux_linux_fs_btrfs_relocation_c_sources_os_linux__975c95358d64	GROUP	Docs/researches/groups/group_711_linux_sources_os_linux_linux_fs_btrfs_relocation_c_sources_os_linux__975c95358d64_research.md	linux:4 files	4	175540	6744	ok
group_712_linux_sources_os_linux_linux_fs_btrfs_scrub_c_sources_os_linux_linux_79e15ba96ac3	GROUP	Docs/researches/groups/group_712_linux_sources_os_linux_linux_fs_btrfs_scrub_c_sources_os_linux_linux_79e15ba96ac3_research.md	linux:2 files	2	100824	3352	ok
group_713_linux_sources_os_linux_linux_fs_btrfs_send_c_sources_os_linux_linux__89c4e2cc4fa2	GROUP	Docs/researches/groups/group_713_linux_sources_os_linux_linux_fs_btrfs_send_c_sources_os_linux_linux__89c4e2cc4fa2_research.md	linux:2 files	2	226521	8513	ok
group_714_linux_sources_os_linux_linux_fs_btrfs_space_info_c_sources_os_linux__85cb82c74619	GROUP	Docs/researches/groups/group_714_linux_sources_os_linux_linux_fs_btrfs_space_info_c_sources_os_linux__85cb82c74619_research.md	linux:6 files	6	200420	6391	ok
group_715_linux_sources_os_linux_linux_fs_btrfs_sysfs_c_sources_os_linux_linux_944feba77cf9	GROUP	Docs/researches/groups/group_715_linux_sources_os_linux_linux_fs_btrfs_sysfs_c_sources_os_linux_linux_944feba77cf9_research.md	linux:12 files	12	256392	9646	ok
group_716_linux_sources_os_linux_linux_fs_btrfs_tests_qgroup_tests_c_sources_o_55047160eede	GROUP	Docs/researches/groups/group_716_linux_sources_os_linux_linux_fs_btrfs_tests_qgroup_tests_c_sources_o_55047160eede_research.md	linux:7 files	7	239041	8136	ok
group_717_linux_sources_os_linux_linux_fs_btrfs_tree_log_c_sources_os_linux_li_2a48fd10df24	GROUP	Docs/researches/groups/group_717_linux_sources_os_linux_linux_fs_btrfs_tree_log_c_sources_os_linux_li_2a48fd10df24_research.md	linux:2 files	2	245186	8232	ok
group_718_linux_sources_os_linux_linux_fs_btrfs_tree_mod_log_c_sources_os_linu_25822cf7a97e	GROUP	Docs/researches/groups/group_718_linux_sources_os_linux_linux_fs_btrfs_tree_mod_log_c_sources_os_linu_25822cf7a97e_research.md	linux:8 files	8	78065	3001	ok
group_719_linux_sources_os_linux_linux_fs_btrfs_volumes_c_fc3d944fbe85	GROUP	Docs/researches/groups/group_719_linux_sources_os_linux_linux_fs_btrfs_volumes_c_fc3d944fbe85_research.md	linux:1 files	1	249427	8868	ok
group_71_9front_sources_os_plan9_9front_sys_src_cmd_cc_funct_c_sources_os_plan_d7f463302a20	GROUP	Docs/researches/groups/group_71_9front_sources_os_plan9_9front_sys_src_cmd_cc_funct_c_sources_os_plan_d7f463302a20_research.md	9front:37 files	37	243974	13264	ok
group_720_linux_sources_os_linux_linux_fs_btrfs_volumes_h_sources_os_linux_lin_328b7d5e2f9e	GROUP	Docs/researches/groups/group_720_linux_sources_os_linux_linux_fs_btrfs_volumes_h_sources_os_linux_lin_328b7d5e2f9e_research.md	linux:7 files	7	182813	6438	ok
group_721_linux_sources_os_linux_linux_fs_buffer_c_sources_os_linux_linux_fs_c_e677b76e485a	GROUP	Docs/researches/groups/group_721_linux_sources_os_linux_linux_fs_buffer_c_sources_os_linux_linux_fs_c_e677b76e485a_research.md	linux:19 files	19	234992	8917	ok
group_722_linux_sources_os_linux_linux_fs_ceph_addr_c_sources_os_linux_linux_f_bfb282340e14	GROUP	Docs/researches/groups/group_722_linux_sources_os_linux_linux_fs_ceph_addr_c_sources_os_linux_linux_f_bfb282340e14_research.md	linux:7 files	7	244841	8866	ok
group_723_linux_sources_os_linux_linux_fs_ceph_debugfs_c_sources_os_linux_linu_1679d935182b	GROUP	Docs/researches/groups/group_723_linux_sources_os_linux_linux_fs_ceph_debugfs_c_sources_os_linux_linu_1679d935182b_research.md	linux:4 files	4	182776	6793	ok
group_724_linux_sources_os_linux_linux_fs_ceph_inode_c_sources_os_linux_linux__082974b4e4fa	GROUP	Docs/researches/groups/group_724_linux_sources_os_linux_linux_fs_ceph_inode_c_sources_os_linux_linux__082974b4e4fa_research.md	linux:6 files	6	127468	4541	ok
group_725_linux_sources_os_linux_linux_fs_ceph_mds_client_c_sources_os_linux_l_1a3a88c897bb	GROUP	Docs/researches/groups/group_725_linux_sources_os_linux_linux_fs_ceph_mds_client_c_sources_os_linux_l_1a3a88c897bb_research.md	linux:7 files	7	251146	9200	ok
group_726_linux_sources_os_linux_linux_fs_ceph_snap_c_sources_os_linux_linux_f_ab11185e5720	GROUP	Docs/researches/groups/group_726_linux_sources_os_linux_linux_fs_ceph_snap_c_sources_os_linux_linux_f_ab11185e5720_research.md	linux:21 files	21	256438	9200	ok
group_727_linux_sources_os_linux_linux_fs_coda_inode_c_sources_os_linux_linux__eb4367279c3a	GROUP	Docs/researches/groups/group_727_linux_sources_os_linux_linux_fs_coda_inode_c_sources_os_linux_linux__eb4367279c3a_research.md	linux:27 files	27	259160	9742	ok
group_728_linux_sources_os_linux_linux_fs_crypto_fscrypt_private_h_sources_os__4233e75e3920	GROUP	Docs/researches/groups/group_728_linux_sources_os_linux_linux_fs_crypto_fscrypt_private_h_sources_os__4233e75e3920_research.md	linux:10 files	10	235550	7830	ok
group_729_linux_sources_os_linux_linux_fs_dcache_c_sources_os_linux_linux_fs_d_3b93260e9f34	GROUP	Docs/researches/groups/group_729_linux_sources_os_linux_linux_fs_dcache_c_sources_os_linux_linux_fs_d_3b93260e9f34_research.md	linux:14 files	14	259117	9304	ok
group_72_9front_sources_os_plan9_9front_sys_src_cmd_cifs_cifs_h_sources_os_pla_6a09ff72f84e	GROUP	Docs/researches/groups/group_72_9front_sources_os_plan9_9front_sys_src_cmd_cifs_cifs_h_sources_os_pla_6a09ff72f84e_research.md	9front:25 files	25	260898	10476	ok
group_730_linux_sources_os_linux_linux_fs_dlm_debug_fs_c_sources_os_linux_linu_43bd2e5ebcc7	GROUP	Docs/researches/groups/group_730_linux_sources_os_linux_linux_fs_dlm_debug_fs_c_sources_os_linux_linu_43bd2e5ebcc7_research.md	linux:8 files	8	245467	9383	ok
group_731_linux_sources_os_linux_linux_fs_dlm_lowcomms_c_sources_os_linux_linu_b63ff56bd832	GROUP	Docs/researches/groups/group_731_linux_sources_os_linux_linux_fs_dlm_lowcomms_c_sources_os_linux_linu_b63ff56bd832_research.md	linux:26 files	26	225112	8900	ok
group_732_linux_sources_os_linux_linux_fs_ecryptfs_crypto_c_sources_os_linux_l_8691860fb848	GROUP	Docs/researches/groups/group_732_linux_sources_os_linux_linux_fs_ecryptfs_crypto_c_sources_os_linux_l_8691860fb848_research.md	linux:10 files	10	255284	8466	ok
group_733_linux_sources_os_linux_linux_fs_ecryptfs_miscdev_c_sources_os_linux__1f94162bb478	GROUP	Docs/researches/groups/group_733_linux_sources_os_linux_linux_fs_ecryptfs_miscdev_c_sources_os_linux__1f94162bb478_research.md	linux:37 files	37	257440	9394	ok
group_734_linux_sources_os_linux_linux_fs_erofs_super_c_sources_os_linux_linux_3f145379ac79	GROUP	Docs/researches/groups/group_734_linux_sources_os_linux_linux_fs_erofs_super_c_sources_os_linux_linux_3f145379ac79_research.md	linux:9 files	9	236505	8640	ok
group_735_linux_sources_os_linux_linux_fs_exec_c_sources_os_linux_linux_fs_exf_2002a8318278	GROUP	Docs/researches/groups/group_735_linux_sources_os_linux_linux_fs_exec_c_sources_os_linux_linux_fs_exf_2002a8318278_research.md	linux:14 files	14	255410	9414	ok
group_736_linux_sources_os_linux_linux_fs_exfat_super_c_sources_os_linux_linux_cc668a7894b4	GROUP	Docs/researches/groups/group_736_linux_sources_os_linux_linux_fs_exfat_super_c_sources_os_linux_linux_cc668a7894b4_research.md	linux:15 files	15	233731	8369	ok
group_737_linux_sources_os_linux_linux_fs_ext2_super_c_sources_os_linux_linux__059e3a66a82b	GROUP	Docs/researches/groups/group_737_linux_sources_os_linux_linux_fs_ext2_super_c_sources_os_linux_linux__059e3a66a82b_research.md	linux:18 files	18	167600	6101	ok
group_738_linux_sources_os_linux_linux_fs_ext4_ext4_h_sources_os_linux_linux_f_efc0c2fa4243	GROUP	Docs/researches/groups/group_738_linux_sources_os_linux_linux_fs_ext4_ext4_h_sources_os_linux_linux_f_efc0c2fa4243_research.md	linux:5 files	5	210628	6172	ok
group_739_linux_sources_os_linux_linux_fs_ext4_extents_c_sources_os_linux_linu_aa78f1e53e0f	GROUP	Docs/researches/groups/group_739_linux_sources_os_linux_linux_fs_ext4_extents_c_sources_os_linux_linu_aa78f1e53e0f_research.md	linux:3 files	3	253413	8954	ok
group_73_9front_sources_os_plan9_9front_sys_src_cmd_con_hayes_c_sources_os_pla_8ffcd5fb8472	GROUP	Docs/researches/groups/group_73_9front_sources_os_plan9_9front_sys_src_cmd_con_hayes_c_sources_os_pla_8ffcd5fb8472_research.md	9front:50 files	50	255609	13351	ok
group_740_linux_sources_os_linux_linux_fs_ext4_fast_commit_c_sources_os_linux__0f1ed53094d4	GROUP	Docs/researches/groups/group_740_linux_sources_os_linux_linux_fs_ext4_fast_commit_c_sources_os_linux__0f1ed53094d4_research.md	linux:9 files	9	226754	7974	ok
group_741_linux_sources_os_linux_linux_fs_ext4_inline_c_sources_os_linux_linux_33fca43f6b48	GROUP	Docs/researches/groups/group_741_linux_sources_os_linux_linux_fs_ext4_inline_c_sources_os_linux_linux_33fca43f6b48_research.md	linux:3 files	3	259898	9109	ok
group_742_linux_sources_os_linux_linux_fs_ext4_ioctl_c_sources_os_linux_linux__ef510fabe210	GROUP	Docs/researches/groups/group_742_linux_sources_os_linux_linux_fs_ext4_ioctl_c_sources_os_linux_linux__ef510fabe210_research.md	linux:2 files	2	82338	3035	ok
group_743_linux_sources_os_linux_linux_fs_ext4_mballoc_c_sources_os_linux_linu_eb059c430bbe	GROUP	Docs/researches/groups/group_743_linux_sources_os_linux_linux_fs_ext4_mballoc_c_sources_os_linux_linu_eb059c430bbe_research.md	linux:4 files	4	246691	8673	ok
group_744_linux_sources_os_linux_linux_fs_ext4_move_extent_c_sources_os_linux__4edc0c83ef1c	GROUP	Docs/researches/groups/group_744_linux_sources_os_linux_linux_fs_ext4_move_extent_c_sources_os_linux__4edc0c83ef1c_research.md	linux:6 files	6	246266	8826	ok
group_745_linux_sources_os_linux_linux_fs_ext4_super_c_sources_os_linux_linux__e3a46a71c572	GROUP	Docs/researches/groups/group_745_linux_sources_os_linux_linux_fs_ext4_super_c_sources_os_linux_linux__e3a46a71c572_research.md	linux:5 files	5	251431	8881	ok
group_746_linux_sources_os_linux_linux_fs_ext4_xattr_c_sources_os_linux_linux__6e5eafa13b1d	GROUP	Docs/researches/groups/group_746_linux_sources_os_linux_linux_fs_ext4_xattr_c_sources_os_linux_linux__6e5eafa13b1d_research.md	linux:12 files	12	222959	8643	ok
group_747_linux_sources_os_linux_linux_fs_f2fs_data_c_sources_os_linux_linux_f_6ee6cdd42bdb	GROUP	Docs/researches/groups/group_747_linux_sources_os_linux_linux_fs_f2fs_data_c_sources_os_linux_linux_f_6ee6cdd42bdb_research.md	linux:4 files	4	206600	7868	ok
group_748_linux_sources_os_linux_linux_fs_f2fs_f2fs_h_9a304da085ad	GROUP	Docs/researches/groups/group_748_linux_sources_os_linux_linux_fs_f2fs_f2fs_h_9a304da085ad_research.md	linux:1 files	1	170075	5141	ok
group_749_linux_sources_os_linux_linux_fs_f2fs_file_c_sources_os_linux_linux_f_47650bc24602	GROUP	Docs/researches/groups/group_749_linux_sources_os_linux_linux_fs_f2fs_file_c_sources_os_linux_linux_f_47650bc24602_research.md	linux:6 files	6	258413	10172	ok
group_74_9front_sources_os_plan9_9front_sys_src_cmd_cwfs_juke_c_sources_os_pla_1a696caa6f6e	GROUP	Docs/researches/groups/group_74_9front_sources_os_plan9_9front_sys_src_cmd_cwfs_juke_c_sources_os_pla_1a696caa6f6e_research.md	9front:40 files	40	254216	14800	ok
group_750_linux_sources_os_linux_linux_fs_f2fs_iostat_c_sources_os_linux_linux_99f557586fd8	GROUP	Docs/researches/groups/group_750_linux_sources_os_linux_linux_fs_f2fs_iostat_c_sources_os_linux_linux_99f557586fd8_research.md	linux:6 files	6	172732	6806	ok
group_751_linux_sources_os_linux_linux_fs_f2fs_segment_c_sources_os_linux_linu_0d452ee91db6	GROUP	Docs/researches/groups/group_751_linux_sources_os_linux_linux_fs_f2fs_segment_c_sources_os_linux_linu_0d452ee91db6_research.md	linux:3 files	3	193141	7226	ok
group_752_linux_sources_os_linux_linux_fs_f2fs_super_c_sources_os_linux_linux__d5ff6d23bc70	GROUP	Docs/researches/groups/group_752_linux_sources_os_linux_linux_fs_f2fs_super_c_sources_os_linux_linux__d5ff6d23bc70_research.md	linux:7 files	7	257764	9270	ok
group_753_linux_sources_os_linux_linux_fs_fat_cache_c_sources_os_linux_linux_f_387687195dab	GROUP	Docs/researches/groups/group_753_linux_sources_os_linux_linux_fs_fat_cache_c_sources_os_linux_linux_f_387687195dab_research.md	linux:12 files	12	255303	9945	ok
group_754_linux_sources_os_linux_linux_fs_fhandle_c_sources_os_linux_linux_fs__811822036431	GROUP	Docs/researches/groups/group_754_linux_sources_os_linux_linux_fs_fhandle_c_sources_os_linux_linux_fs__811822036431_research.md	linux:23 files	23	260188	9644	ok
group_755_linux_sources_os_linux_linux_fs_fs_dirent_c_sources_os_linux_linux_f_225f2782323e	GROUP	Docs/researches/groups/group_755_linux_sources_os_linux_linux_fs_fs_dirent_c_sources_os_linux_linux_f_225f2782323e_research.md	linux:16 files	16	209521	8606	ok
group_756_linux_sources_os_linux_linux_fs_fuse_dir_c_sources_os_linux_linux_fs_cee227864160	GROUP	Docs/researches/groups/group_756_linux_sources_os_linux_linux_fs_fuse_dir_c_sources_os_linux_linux_fs_cee227864160_research.md	linux:6 files	6	251132	9921	ok
group_757_linux_sources_os_linux_linux_fs_fuse_ioctl_c_sources_os_linux_linux__b12a5e90ddac	GROUP	Docs/researches/groups/group_757_linux_sources_os_linux_linux_fs_fuse_ioctl_c_sources_os_linux_linux__b12a5e90ddac_research.md	linux:20 files	20	251019	9910	ok
group_758_linux_sources_os_linux_linux_fs_gfs2_file_c_sources_os_linux_linux_f_cf4d839b8457	GROUP	Docs/researches/groups/group_758_linux_sources_os_linux_linux_fs_gfs2_file_c_sources_os_linux_linux_f_cf4d839b8457_research.md	linux:9 files	9	226417	8913	ok
group_759_linux_sources_os_linux_linux_fs_gfs2_lock_dlm_c_sources_os_linux_lin_34f0d490d64e	GROUP	Docs/researches/groups/group_759_linux_sources_os_linux_linux_fs_gfs2_lock_dlm_c_sources_os_linux_lin_34f0d490d64e_research.md	linux:13 files	13	246623	9305	ok
group_75_9front_sources_os_plan9_9front_sys_src_cmd_dict_dict_c_sources_os_pla_36dbc992a957	GROUP	Docs/researches/groups/group_75_9front_sources_os_plan9_9front_sys_src_cmd_dict_dict_c_sources_os_pla_36dbc992a957_research.md	9front:26 files	26	261863	8393	ok
group_760_linux_sources_os_linux_linux_fs_gfs2_rgrp_c_sources_os_linux_linux_f_5b78f40d53ea	GROUP	Docs/researches/groups/group_760_linux_sources_os_linux_linux_fs_gfs2_rgrp_c_sources_os_linux_linux_f_5b78f40d53ea_research.md	linux:19 files	19	254941	9875	ok
group_761_linux_sources_os_linux_linux_fs_hfs_brec_c_sources_os_linux_linux_fs_73961b3500e3	GROUP	Docs/researches/groups/group_761_linux_sources_os_linux_linux_fs_hfs_brec_c_sources_os_linux_linux_fs_73961b3500e3_research.md	linux:27 files	27	252379	9870	ok
group_762_linux_sources_os_linux_linux_fs_hfsplus_hfsplus_fs_h_sources_os_linu_46aba7f8edf1	GROUP	Docs/researches/groups/group_762_linux_sources_os_linux_linux_fs_hfsplus_hfsplus_fs_h_sources_os_linu_46aba7f8edf1_research.md	linux:10 files	10	256415	8117	ok
group_763_linux_sources_os_linux_linux_fs_hfsplus_wrapper_c_sources_os_linux_l_763b87e25733	GROUP	Docs/researches/groups/group_763_linux_sources_os_linux_linux_fs_hfsplus_wrapper_c_sources_os_linux_l_763b87e25733_research.md	linux:27 files	27	243894	8918	ok
group_764_linux_sources_os_linux_linux_fs_hpfs_super_c_sources_os_linux_linux__7116a9335ca5	GROUP	Docs/researches/groups/group_764_linux_sources_os_linux_linux_fs_hpfs_super_c_sources_os_linux_linux__7116a9335ca5_research.md	linux:10 files	10	251695	9100	ok
group_765_linux_sources_os_linux_linux_fs_iomap_direct_io_c_sources_os_linux_l_71e6dd2476bf	GROUP	Docs/researches/groups/group_765_linux_sources_os_linux_linux_fs_iomap_direct_io_c_sources_os_linux_l_71e6dd2476bf_research.md	linux:26 files	26	228893	8331	ok
group_766_linux_sources_os_linux_linux_fs_jbd2_journal_c_sources_os_linux_linu_482fd716dfd0	GROUP	Docs/researches/groups/group_766_linux_sources_os_linux_linux_fs_jbd2_journal_c_sources_os_linux_linu_482fd716dfd0_research.md	linux:10 files	10	261694	8907	ok
group_767_linux_sources_os_linux_linux_fs_jffs2_compr_c_sources_os_linux_linux_b3efbc94ff8b	GROUP	Docs/researches/groups/group_767_linux_sources_os_linux_linux_fs_jffs2_compr_c_sources_os_linux_linux_b3efbc94ff8b_research.md	linux:19 files	19	237708	8242	ok
group_768_linux_sources_os_linux_linux_fs_jffs2_nodemgmt_c_sources_os_linux_li_a058036eec73	GROUP	Docs/researches/groups/group_768_linux_sources_os_linux_linux_fs_jffs2_nodemgmt_c_sources_os_linux_li_a058036eec73_research.md	linux:13 files	13	228900	7700	ok
group_769_linux_sources_os_linux_linux_fs_jffs2_xattr_c_sources_os_linux_linux_02a4e258c7e4	GROUP	Docs/researches/groups/group_769_linux_sources_os_linux_linux_fs_jffs2_xattr_c_sources_os_linux_linux_02a4e258c7e4_research.md	linux:19 files	19	212751	7665	ok
group_76_9front_sources_os_plan9_9front_sys_src_cmd_diff_diffdir_c_sources_os__daa91a6512a4	GROUP	Docs/researches/groups/group_76_9front_sources_os_plan9_9front_sys_src_cmd_diff_diffdir_c_sources_os__daa91a6512a4_research.md	9front:71 files	71	259632	12558	ok
group_770_linux_sources_os_linux_linux_fs_jfs_jfs_dtree_c_sources_os_linux_lin_a1235ec56e7e	GROUP	Docs/researches/groups/group_770_linux_sources_os_linux_linux_fs_jfs_jfs_dtree_c_sources_os_linux_lin_a1235ec56e7e_research.md	linux:11 files	11	231363	9213	ok
group_771_linux_sources_os_linux_linux_fs_jfs_jfs_logmgr_c_sources_os_linux_li_435644391078	GROUP	Docs/researches/groups/group_771_linux_sources_os_linux_linux_fs_jfs_jfs_logmgr_c_sources_os_linux_li_435644391078_research.md	linux:13 files	13	213161	8660	ok
group_772_linux_sources_os_linux_linux_fs_jfs_jfs_xtree_c_sources_os_linux_lin_b6c0f9ea4a56	GROUP	Docs/researches/groups/group_772_linux_sources_os_linux_linux_fs_jfs_jfs_xtree_c_sources_os_linux_lin_b6c0f9ea4a56_research.md	linux:11 files	11	235058	9557	ok
group_773_linux_sources_os_linux_linux_fs_kernfs_file_c_sources_os_linux_linux_e0c58656c3e3	GROUP	Docs/researches/groups/group_773_linux_sources_os_linux_linux_fs_kernfs_file_c_sources_os_linux_linux_e0c58656c3e3_research.md	linux:23 files	23	257188	9901	ok
group_774_linux_sources_os_linux_linux_fs_lockd_svc_c_sources_os_linux_linux_f_ddc675d583cf	GROUP	Docs/researches/groups/group_774_linux_sources_os_linux_linux_fs_lockd_svc_c_sources_os_linux_linux_f_ddc675d583cf_research.md	linux:18 files	18	261322	9940	ok
group_775_linux_sources_os_linux_linux_fs_minix_inode_c_sources_os_linux_linux_1a4b3af99570	GROUP	Docs/researches/groups/group_775_linux_sources_os_linux_linux_fs_minix_inode_c_sources_os_linux_linux_1a4b3af99570_research.md	linux:10 files	10	261871	9562	ok
group_776_linux_sources_os_linux_linux_fs_namespace_c_sources_os_linux_linux_f_4f472a6a1d10	GROUP	Docs/researches/groups/group_776_linux_sources_os_linux_linux_fs_namespace_c_sources_os_linux_linux_f_4f472a6a1d10_research.md	linux:8 files	8	245564	9180	ok
group_777_linux_sources_os_linux_linux_fs_netfs_fscache_cookie_c_sources_os_li_00a56bf47117	GROUP	Docs/researches/groups/group_777_linux_sources_os_linux_linux_fs_netfs_fscache_cookie_c_sources_os_li_00a56bf47117_research.md	linux:27 files	27	261455	9161	ok
group_778_linux_sources_os_linux_linux_fs_nfs_blocklayout_dev_c_sources_os_lin_362064265675	GROUP	Docs/researches/groups/group_778_linux_sources_os_linux_linux_fs_nfs_blocklayout_dev_c_sources_os_lin_362064265675_research.md	linux:12 files	12	196710	7500	ok
group_779_linux_sources_os_linux_linux_fs_nfs_dir_c_sources_os_linux_linux_fs__6d6e02ed8654	GROUP	Docs/researches/groups/group_779_linux_sources_os_linux_linux_fs_nfs_dir_c_sources_os_linux_linux_fs__6d6e02ed8654_research.md	linux:11 files	11	206083	7774	ok
group_77_9front_sources_os_plan9_9front_sys_src_cmd_disk_prep_edisk_c_sources__885e96a5f835	GROUP	Docs/researches/groups/group_77_9front_sources_os_plan9_9front_sys_src_cmd_disk_prep_edisk_c_sources__885e96a5f835_research.md	9front:34 files	34	254814	13239	ok
group_780_linux_sources_os_linux_linux_fs_nfs_flexfilelayout_flexfilelayout_c__ad79876f2c39	GROUP	Docs/researches/groups/group_780_linux_sources_os_linux_linux_fs_nfs_flexfilelayout_flexfilelayout_c__ad79876f2c39_research.md	linux:8 files	8	252869	9267	ok
group_781_linux_sources_os_linux_linux_fs_nfs_internal_h_sources_os_linux_linu_3d721f9b120b	GROUP	Docs/researches/groups/group_781_linux_sources_os_linux_linux_fs_nfs_internal_h_sources_os_linux_linu_3d721f9b120b_research.md	linux:20 files	20	235001	9339	ok
group_782_linux_sources_os_linux_linux_fs_nfs_nfs42proc_c_sources_os_linux_lin_b2a53c0d18b0	GROUP	Docs/researches/groups/group_782_linux_sources_os_linux_linux_fs_nfs_nfs42proc_c_sources_os_linux_lin_b2a53c0d18b0_research.md	linux:13 files	13	250280	9358	ok
group_783_linux_sources_os_linux_linux_fs_nfs_nfs4state_c_sources_os_linux_lin_69746c8a5722	GROUP	Docs/researches/groups/group_783_linux_sources_os_linux_linux_fs_nfs_nfs4state_c_sources_os_linux_lin_69746c8a5722_research.md	linux:5 files	5	159860	5990	ok
group_784_linux_sources_os_linux_linux_fs_nfs_nfs4xdr_c_sources_os_linux_linux_02665d68398b	GROUP	Docs/researches/groups/group_784_linux_sources_os_linux_linux_fs_nfs_nfs4xdr_c_sources_os_linux_linux_02665d68398b_research.md	linux:3 files	3	219073	8117	ok
group_785_linux_sources_os_linux_linux_fs_nfs_nfstrace_h_sources_os_linux_linu_5974cc8dcea5	GROUP	Docs/researches/groups/group_785_linux_sources_os_linux_linux_fs_nfs_nfstrace_h_sources_os_linux_linu_5974cc8dcea5_research.md	linux:6 files	6	255191	9551	ok
group_786_linux_sources_os_linux_linux_fs_nfs_proc_c_sources_os_linux_linux_fs_f9588c06bb94	GROUP	Docs/researches/groups/group_786_linux_sources_os_linux_linux_fs_nfs_proc_c_sources_os_linux_linux_fs_f9588c06bb94_research.md	linux:28 files	28	240502	8987	ok
group_787_linux_sources_os_linux_linux_fs_nfsd_export_c_sources_os_linux_linux_d9f9ccc6b06e	GROUP	Docs/researches/groups/group_787_linux_sources_os_linux_linux_fs_nfsd_export_c_sources_os_linux_linux_d9f9ccc6b06e_research.md	linux:18 files	18	219789	8343	ok
group_788_linux_sources_os_linux_linux_fs_nfsd_nfs4callback_c_sources_os_linux_50e1eec7ac7f	GROUP	Docs/researches/groups/group_788_linux_sources_os_linux_linux_fs_nfsd_nfs4callback_c_sources_os_linux_50e1eec7ac7f_research.md	linux:5 files	5	253622	9670	ok
group_789_linux_sources_os_linux_linux_fs_nfsd_nfs4state_c_293b0e2efed3	GROUP	Docs/researches/groups/group_789_linux_sources_os_linux_linux_fs_nfsd_nfs4state_c_293b0e2efed3_research.md	linux:1 files	1	256799	9586	ok
group_78_9front_sources_os_plan9_9front_sys_src_cmd_dtracy_act_c_sources_os_pl_3196e7fd19f7	GROUP	Docs/researches/groups/group_78_9front_sources_os_plan9_9front_sys_src_cmd_dtracy_act_c_sources_os_pl_3196e7fd19f7_research.md	9front:49 files	49	214886	11221	ok
group_790_linux_sources_os_linux_linux_fs_nfsd_nfs4xdr_c_sources_os_linux_linu_961284c23faf	GROUP	Docs/researches/groups/group_790_linux_sources_os_linux_linux_fs_nfsd_nfs4xdr_c_sources_os_linux_linu_961284c23faf_research.md	linux:4 files	4	212350	7759	ok
group_791_linux_sources_os_linux_linux_fs_nfsd_nfsctl_c_sources_os_linux_linux_9e0a9aa752b6	GROUP	Docs/researches/groups/group_791_linux_sources_os_linux_linux_fs_nfsd_nfsctl_c_sources_os_linux_linux_9e0a9aa752b6_research.md	linux:12 files	12	221893	8075	ok
group_792_linux_sources_os_linux_linux_fs_nfsd_trace_h_sources_os_linux_linux__661d55244fa7	GROUP	Docs/researches/groups/group_792_linux_sources_os_linux_linux_fs_nfsd_trace_h_sources_os_linux_linux__661d55244fa7_research.md	linux:13 files	13	261758	9480	ok
group_793_linux_sources_os_linux_linux_fs_nilfs2_btnode_c_sources_os_linux_lin_e4294c50ac01	GROUP	Docs/researches/groups/group_793_linux_sources_os_linux_linux_fs_nilfs2_btnode_c_sources_os_linux_lin_e4294c50ac01_research.md	linux:19 files	19	261762	9734	ok
group_794_linux_sources_os_linux_linux_fs_nilfs2_mdt_h_sources_os_linux_linux__882c55464dc9	GROUP	Docs/researches/groups/group_794_linux_sources_os_linux_linux_fs_nilfs2_mdt_h_sources_os_linux_linux__882c55464dc9_research.md	linux:13 files	13	252566	9372	ok
group_795_linux_sources_os_linux_linux_fs_nilfs2_sysfs_c_sources_os_linux_linu_2903aa94e020	GROUP	Docs/researches/groups/group_795_linux_sources_os_linux_linux_fs_nilfs2_sysfs_c_sources_os_linux_linu_2903aa94e020_research.md	linux:11 files	11	247380	6102	ok
group_796_linux_sources_os_linux_linux_fs_nls_mac_greek_c_sources_os_linux_lin_86e762b77566	GROUP	Docs/researches/groups/group_796_linux_sources_os_linux_linux_fs_nls_mac_greek_c_sources_os_linux_lin_86e762b77566_research.md	linux:11 files	11	247225	5233	ok
group_797_linux_sources_os_linux_linux_fs_nls_nls_cp437_c_sources_os_linux_lin_8681ba75321d	GROUP	Docs/researches/groups/group_797_linux_sources_os_linux_linux_fs_nls_nls_cp437_c_sources_os_linux_lin_8681ba75321d_research.md	linux:16 files	16	244485	5566	ok
group_798_linux_sources_os_linux_linux_fs_nls_nls_euc_jp_c_sources_os_linux_li_9beb07af9e30	GROUP	Docs/researches/groups/group_798_linux_sources_os_linux_linux_fs_nls_nls_euc_jp_c_sources_os_linux_li_9beb07af9e30_research.md	linux:27 files	27	250636	6671	ok
group_799_linux_sources_os_linux_linux_fs_notify_fanotify_fanotify_h_sources_o_63bbccbe82da	GROUP	Docs/researches/groups/group_799_linux_sources_os_linux_linux_fs_notify_fanotify_fanotify_h_sources_o_63bbccbe82da_research.md	linux:18 files	18	212279	7580	ok
group_79_9front_sources_os_plan9_9front_sys_src_cmd_ext4srv_ext4_c_sources_os__5e9b25a21d4a	GROUP	Docs/researches/groups/group_79_9front_sources_os_plan9_9front_sys_src_cmd_ext4srv_ext4_c_sources_os__5e9b25a21d4a_research.md	9front:12 files	12	261609	10210	ok
group_7_9front_sources_os_plan9_9front_sys_src_9_mt7688_fpimips_c_sources_os_p_c7dab3910da9	GROUP	Docs/researches/groups/group_7_9front_sources_os_plan9_9front_sys_src_9_mt7688_fpimips_c_sources_os_p_c7dab3910da9_research.md	9front:32 files	32	233959	11859	ok
group_800_linux_sources_os_linux_linux_fs_ntfs_attrib_c_sources_os_linux_linux_010e76a434d6	GROUP	Docs/researches/groups/group_800_linux_sources_os_linux_linux_fs_ntfs_attrib_c_sources_os_linux_linux_010e76a434d6_research.md	linux:12 files	12	251361	8527	ok
group_801_linux_sources_os_linux_linux_fs_ntfs_dir_c_sources_os_linux_linux_fs_44215d2eb4c9	GROUP	Docs/researches/groups/group_801_linux_sources_os_linux_linux_fs_ntfs_dir_c_sources_os_linux_linux_fs_44215d2eb4c9_research.md	linux:8 files	8	259480	9455	ok
group_802_linux_sources_os_linux_linux_fs_ntfs_inode_h_sources_os_linux_linux__c9cc97e521bf	GROUP	Docs/researches/groups/group_802_linux_sources_os_linux_linux_fs_ntfs_inode_h_sources_os_linux_linux__c9cc97e521bf_research.md	linux:9 files	9	213321	5895	ok
group_803_linux_sources_os_linux_linux_fs_ntfs_mft_c_sources_os_linux_linux_fs_8d95750d3718	GROUP	Docs/researches/groups/group_803_linux_sources_os_linux_linux_fs_ntfs_mft_c_sources_os_linux_linux_fs_8d95750d3718_research.md	linux:13 files	13	255043	8291	ok
group_804_linux_sources_os_linux_linux_fs_ntfs_super_c_sources_os_linux_linux__d571c82aa294	GROUP	Docs/researches/groups/group_804_linux_sources_os_linux_linux_fs_ntfs_super_c_sources_os_linux_linux__d571c82aa294_research.md	linux:15 files	15	242669	9531	ok
group_805_linux_sources_os_linux_linux_fs_ntfs3_file_c_sources_os_linux_linux__217002cfb714	GROUP	Docs/researches/groups/group_805_linux_sources_os_linux_linux_fs_ntfs3_file_c_sources_os_linux_linux__217002cfb714_research.md	linux:3 files	3	236879	10149	ok
group_806_linux_sources_os_linux_linux_fs_ntfs3_fsntfs_c_sources_os_linux_linu_1a5fd6259e42	GROUP	Docs/researches/groups/group_806_linux_sources_os_linux_linux_fs_ntfs3_fsntfs_c_sources_os_linux_linu_1a5fd6259e42_research.md	linux:10 files	10	238216	10080	ok
group_807_linux_sources_os_linux_linux_fs_ntfs3_ntfs_h_sources_os_linux_linux__fd7c864234f0	GROUP	Docs/researches/groups/group_807_linux_sources_os_linux_linux_fs_ntfs3_ntfs_h_sources_os_linux_linux__fd7c864234f0_research.md	linux:12 files	12	208564	8317	ok
group_808_linux_sources_os_linux_linux_fs_ocfs2_alloc_c_sources_os_linux_linux_ca21d7fe95e2	GROUP	Docs/researches/groups/group_808_linux_sources_os_linux_linux_fs_ocfs2_alloc_c_sources_os_linux_linux_ca21d7fe95e2_research.md	linux:2 files	2	213285	8049	ok
group_809_linux_sources_os_linux_linux_fs_ocfs2_aops_c_sources_os_linux_linux__f7236e612068	GROUP	Docs/researches/groups/group_809_linux_sources_os_linux_linux_fs_ocfs2_aops_c_sources_os_linux_linux__f7236e612068_research.md	linux:20 files	20	227839	8706	ok
group_80_9front_sources_os_plan9_9front_sys_src_cmd_ext4srv_ext4_hash_c_source_ca19457e3b86	GROUP	Docs/researches/groups/group_80_9front_sources_os_plan9_9front_sys_src_cmd_ext4srv_ext4_hash_c_source_ca19457e3b86_research.md	9front:32 files	32	251236	9330	ok
group_810_linux_sources_os_linux_linux_fs_ocfs2_cluster_tcp_c_sources_os_linux_89c6602f5b33	GROUP	Docs/researches/groups/group_810_linux_sources_os_linux_linux_fs_ocfs2_cluster_tcp_c_sources_os_linux_89c6602f5b33_research.md	linux:11 files	11	256074	9447	ok
group_811_linux_sources_os_linux_linux_fs_ocfs2_dlm_dlmconvert_c_sources_os_li_ee6c9c3df727	GROUP	Docs/researches/groups/group_811_linux_sources_os_linux_linux_fs_ocfs2_dlm_dlmconvert_c_sources_os_li_ee6c9c3df727_research.md	linux:8 files	8	220214	8164	ok
group_812_linux_sources_os_linux_linux_fs_ocfs2_dlm_dlmrecovery_c_sources_os_l_02c015565cfd	GROUP	Docs/researches/groups/group_812_linux_sources_os_linux_linux_fs_ocfs2_dlm_dlmrecovery_c_sources_os_l_02c015565cfd_research.md	linux:7 files	7	165856	5875	ok
group_813_linux_sources_os_linux_linux_fs_ocfs2_dlmglue_c_sources_os_linux_lin_a9a7b566f674	GROUP	Docs/researches/groups/group_813_linux_sources_os_linux_linux_fs_ocfs2_dlmglue_c_sources_os_linux_lin_a9a7b566f674_research.md	linux:12 files	12	261707	9774	ok
group_814_linux_sources_os_linux_linux_fs_ocfs2_inode_c_sources_os_linux_linux_f60ddd1491c0	GROUP	Docs/researches/groups/group_814_linux_sources_os_linux_linux_fs_ocfs2_inode_c_sources_os_linux_linux_f60ddd1491c0_research.md	linux:14 files	14	239016	8899	ok
group_815_linux_sources_os_linux_linux_fs_ocfs2_namei_c_sources_os_linux_linux_f160ba20dd2b	GROUP	Docs/researches/groups/group_815_linux_sources_os_linux_linux_fs_ocfs2_namei_c_sources_os_linux_linux_f160ba20dd2b_research.md	linux:10 files	10	243803	8936	ok
group_816_linux_sources_os_linux_linux_fs_ocfs2_quota_global_c_sources_os_linu_76501cb604e1	GROUP	Docs/researches/groups/group_816_linux_sources_os_linux_linux_fs_ocfs2_quota_global_c_sources_os_linu_76501cb604e1_research.md	linux:11 files	11	261730	9893	ok
group_817_linux_sources_os_linux_linux_fs_ocfs2_stack_user_c_sources_os_linux__f7022ff874a1	GROUP	Docs/researches/groups/group_817_linux_sources_os_linux_linux_fs_ocfs2_stack_user_c_sources_os_linux__f7022ff874a1_research.md	linux:13 files	13	249548	9228	ok
group_818_linux_sources_os_linux_linux_fs_ocfs2_xattr_c_sources_os_linux_linux_8f90d6cf8d05	GROUP	Docs/researches/groups/group_818_linux_sources_os_linux_linux_fs_ocfs2_xattr_c_sources_os_linux_linux_8f90d6cf8d05_research.md	linux:10 files	10	246453	9374	ok
group_819_linux_sources_os_linux_linux_fs_open_c_sources_os_linux_linux_fs_ope_9c1d2c4654ae	GROUP	Docs/researches/groups/group_819_linux_sources_os_linux_linux_fs_open_c_sources_os_linux_linux_fs_ope_9c1d2c4654ae_research.md	linux:24 files	24	260448	10176	ok
group_81_9front_sources_os_plan9_9front_sys_src_cmd_ext4srv_include_queue_h_so_1d8a99a08982	GROUP	Docs/researches/groups/group_81_9front_sources_os_plan9_9front_sys_src_cmd_ext4srv_include_queue_h_so_1d8a99a08982_research.md	9front:40 files	40	260970	12978	ok
group_820_linux_sources_os_linux_linux_fs_orangefs_orangefs_utils_c_sources_os_dca30ac312aa	GROUP	Docs/researches/groups/group_820_linux_sources_os_linux_linux_fs_orangefs_orangefs_utils_c_sources_os_dca30ac312aa_research.md	linux:14 files	14	225838	8546	ok
group_821_linux_sources_os_linux_linux_fs_overlayfs_namei_c_sources_os_linux_l_06a02af516de	GROUP	Docs/researches/groups/group_821_linux_sources_os_linux_linux_fs_overlayfs_namei_c_sources_os_linux_l_06a02af516de_research.md	linux:10 files	10	249671	9659	ok
group_822_linux_sources_os_linux_linux_fs_pipe_c_sources_os_linux_linux_fs_pno_50c501c9a5e3	GROUP	Docs/researches/groups/group_822_linux_sources_os_linux_linux_fs_pipe_c_sources_os_linux_linux_fs_pno_50c501c9a5e3_research.md	linux:16 files	16	256105	10281	ok
group_823_linux_sources_os_linux_linux_fs_proc_inode_c_sources_os_linux_linux__bce5a5013b3e	GROUP	Docs/researches/groups/group_823_linux_sources_os_linux_linux_fs_proc_inode_c_sources_os_linux_linux__bce5a5013b3e_research.md	linux:23 files	23	246654	9769	ok
group_824_linux_sources_os_linux_linux_fs_proc_vmcore_c_sources_os_linux_linux_ad213f84830d	GROUP	Docs/researches/groups/group_824_linux_sources_os_linux_linux_fs_proc_vmcore_c_sources_os_linux_linux_ad213f84830d_research.md	linux:31 files	31	250856	9799	ok
group_825_linux_sources_os_linux_linux_fs_quota_dquot_c_sources_os_linux_linux_d65ebabb97ed	GROUP	Docs/researches/groups/group_825_linux_sources_os_linux_linux_fs_quota_dquot_c_sources_os_linux_linux_d65ebabb97ed_research.md	linux:20 files	20	259359	9699	ok
group_826_linux_sources_os_linux_linux_fs_resctrl_ctrlmondata_c_sources_os_lin_4702f66981c6	GROUP	Docs/researches/groups/group_826_linux_sources_os_linux_linux_fs_resctrl_ctrlmondata_c_sources_os_lin_4702f66981c6_research.md	linux:11 files	11	253611	9773	ok
group_827_linux_sources_os_linux_linux_fs_romfs_super_c_sources_os_linux_linux_5e8b6c9bd8f0	GROUP	Docs/researches/groups/group_827_linux_sources_os_linux_linux_fs_romfs_super_c_sources_os_linux_linux_5e8b6c9bd8f0_research.md	linux:21 files	21	218284	8363	ok
group_828_linux_sources_os_linux_linux_fs_smb_client_cifsacl_c_sources_os_linu_b74e68999f4f	GROUP	Docs/researches/groups/group_828_linux_sources_os_linux_linux_fs_smb_client_cifsacl_c_sources_os_linu_b74e68999f4f_research.md	linux:9 files	9	244741	8039	ok
group_829_linux_sources_os_linux_linux_fs_smb_client_cifssmb_c_sources_os_linu_85d13f711dd4	GROUP	Docs/researches/groups/group_829_linux_sources_os_linux_linux_fs_smb_client_cifssmb_c_sources_os_linu_85d13f711dd4_research.md	linux:5 files	5	212443	7263	ok
group_82_9front_sources_os_plan9_9front_sys_src_cmd_gefs_check_c_sources_os_pl_36dcce8deb16	GROUP	Docs/researches/groups/group_82_9front_sources_os_plan9_9front_sys_src_cmd_gefs_check_c_sources_os_pl_36dcce8deb16_research.md	9front:29 files	29	261785	13443	ok
group_830_linux_sources_os_linux_linux_fs_smb_client_connect_c_sources_os_linu_dad16f7b55e7	GROUP	Docs/researches/groups/group_830_linux_sources_os_linux_linux_fs_smb_client_connect_c_sources_os_linu_dad16f7b55e7_research.md	linux:9 files	9	212784	8063	ok
group_831_linux_sources_os_linux_linux_fs_smb_client_file_c_sources_os_linux_l_3dfe408c4b2d	GROUP	Docs/researches/groups/group_831_linux_sources_os_linux_linux_fs_smb_client_file_c_sources_os_linux_l_3dfe408c4b2d_research.md	linux:7 files	7	180567	6578	ok
group_832_linux_sources_os_linux_linux_fs_smb_client_inode_c_sources_os_linux__e70128c736fe	GROUP	Docs/researches/groups/group_832_linux_sources_os_linux_linux_fs_smb_client_inode_c_sources_os_linux__e70128c736fe_research.md	linux:11 files	11	254444	8389	ok
group_833_linux_sources_os_linux_linux_fs_smb_client_reparse_c_sources_os_linu_8182ba103384	GROUP	Docs/researches/groups/group_833_linux_sources_os_linux_linux_fs_smb_client_reparse_c_sources_os_linu_8182ba103384_research.md	linux:13 files	13	251274	8414	ok
group_834_linux_sources_os_linux_linux_fs_smb_client_smb1transport_c_sources_o_332cc3ea8f68	GROUP	Docs/researches/groups/group_834_linux_sources_os_linux_linux_fs_smb_client_smb1transport_c_sources_o_332cc3ea8f68_research.md	linux:7 files	7	108119	3738	ok
group_835_linux_sources_os_linux_linux_fs_smb_client_smb2ops_c_3f35ab27880b	GROUP	Docs/researches/groups/group_835_linux_sources_os_linux_linux_fs_smb_client_smb2ops_c_3f35ab27880b_research.md	linux:1 files	1	172361	5980	ok
group_836_linux_sources_os_linux_linux_fs_smb_client_smb2pdu_c_sources_os_linu_aafe30c78e76	GROUP	Docs/researches/groups/group_836_linux_sources_os_linux_linux_fs_smb_client_smb2pdu_c_sources_os_linu_aafe30c78e76_research.md	linux:9 files	9	254193	8849	ok
group_837_linux_sources_os_linux_linux_fs_smb_client_trace_h_sources_os_linux__dba118c60896	GROUP	Docs/researches/groups/group_837_linux_sources_os_linux_linux_fs_smb_client_trace_h_sources_os_linux__dba118c60896_research.md	linux:11 files	11	231274	7149	ok
group_838_linux_sources_os_linux_linux_fs_smb_common_smb2status_h_sources_os_l_4537797954b0	GROUP	Docs/researches/groups/group_838_linux_sources_os_linux_linux_fs_smb_common_smb2status_h_sources_os_l_4537797954b0_research.md	linux:27 files	27	261575	6978	ok
group_839_linux_sources_os_linux_linux_fs_smb_server_mgmt_user_session_h_sourc_fec64bd71e01	GROUP	Docs/researches/groups/group_839_linux_sources_os_linux_linux_fs_smb_server_mgmt_user_session_h_sourc_fec64bd71e01_research.md	linux:13 files	13	131047	4996	ok
group_83_9front_sources_os_plan9_9front_sys_src_cmd_git_hist_sources_os_plan9__4e9b1a2cfb4b	GROUP	Docs/researches/groups/group_83_9front_sources_os_plan9_9front_sys_src_cmd_git_hist_sources_os_plan9__4e9b1a2cfb4b_research.md	9front:53 files	53	240101	12113	ok
group_840_linux_sources_os_linux_linux_fs_smb_server_smb2pdu_c_1ccffff09bff	GROUP	Docs/researches/groups/group_840_linux_sources_os_linux_linux_fs_smb_server_smb2pdu_c_1ccffff09bff_research.md	linux:1 files	1	251302	9326	ok
group_841_linux_sources_os_linux_linux_fs_smb_server_smb2pdu_h_sources_os_linu_e114b4eccbbc	GROUP	Docs/researches/groups/group_841_linux_sources_os_linux_linux_fs_smb_server_smb2pdu_h_sources_os_linu_e114b4eccbbc_research.md	linux:22 files	22	261701	10113	ok
group_842_linux_sources_os_linux_linux_fs_smb_smbdirect_accept_c_sources_os_li_4c0e822ea8e2	GROUP	Docs/researches/groups/group_842_linux_sources_os_linux_linux_fs_smb_smbdirect_accept_c_sources_os_li_4c0e822ea8e2_research.md	linux:14 files	14	253409	9277	ok
group_843_linux_sources_os_linux_linux_fs_squashfs_Kconfig_sources_os_linux_li_9aab1e853571	GROUP	Docs/researches/groups/group_843_linux_sources_os_linux_linux_fs_squashfs_Kconfig_sources_os_linux_li_9aab1e853571_research.md	linux:37 files	37	217928	8335	ok
group_844_linux_sources_os_linux_linux_fs_super_c_sources_os_linux_linux_fs_sy_efae12340f6a	GROUP	Docs/researches/groups/group_844_linux_sources_os_linux_linux_fs_super_c_sources_os_linux_linux_fs_sy_efae12340f6a_research.md	linux:23 files	23	256440	9306	ok
group_845_linux_sources_os_linux_linux_fs_ubifs_compress_c_sources_os_linux_li_bcab61e34652	GROUP	Docs/researches/groups/group_845_linux_sources_os_linux_linux_fs_ubifs_compress_c_sources_os_linux_li_bcab61e34652_research.md	linux:7 files	7	234738	8224	ok
group_846_linux_sources_os_linux_linux_fs_ubifs_gc_c_sources_os_linux_linux_fs_c905a378467c	GROUP	Docs/researches/groups/group_846_linux_sources_os_linux_linux_fs_ubifs_gc_c_sources_os_linux_linux_fs_c905a378467c_research.md	linux:7 files	7	201956	7178	ok
group_847_linux_sources_os_linux_linux_fs_ubifs_lpt_c_sources_os_linux_linux_f_bb06628a3f98	GROUP	Docs/researches/groups/group_847_linux_sources_os_linux_linux_fs_ubifs_lpt_c_sources_os_linux_linux_f_bb06628a3f98_research.md	linux:8 files	8	239459	9049	ok
group_848_linux_sources_os_linux_linux_fs_ubifs_sb_c_sources_os_linux_linux_fs_9fdcebd7e04e	GROUP	Docs/researches/groups/group_848_linux_sources_os_linux_linux_fs_ubifs_sb_c_sources_os_linux_linux_fs_9fdcebd7e04e_research.md	linux:8 files	8	252420	9516	ok
group_849_linux_sources_os_linux_linux_fs_ubifs_ubifs_media_h_sources_os_linux_758f214ba0bd	GROUP	Docs/researches/groups/group_849_linux_sources_os_linux_linux_fs_ubifs_ubifs_media_h_sources_os_linux_758f214ba0bd_research.md	linux:13 files	13	260097	8900	ok
group_84_9front_sources_os_plan9_9front_sys_src_cmd_gs_icclib_icc_h_sources_os_ccd88ebca87c	GROUP	Docs/researches/groups/group_84_9front_sources_os_plan9_9front_sys_src_cmd_gs_icclib_icc_h_sources_os_ccd88ebca87c_research.md	9front:12 files	12	261518	7796	ok
group_850_linux_sources_os_linux_linux_fs_udf_misc_c_sources_os_linux_linux_fs_fe5a91684911	GROUP	Docs/researches/groups/group_850_linux_sources_os_linux_linux_fs_udf_misc_c_sources_os_linux_linux_fs_fe5a91684911_research.md	linux:21 files	21	258556	9546	ok
group_851_linux_sources_os_linux_linux_fs_ufs_namei_c_sources_os_linux_linux_f_342976a0d6ab	GROUP	Docs/researches/groups/group_851_linux_sources_os_linux_linux_fs_ufs_namei_c_sources_os_linux_linux_f_342976a0d6ab_research.md	linux:14 files	14	229467	8590	ok
group_852_linux_sources_os_linux_linux_fs_userfaultfd_c_sources_os_linux_linux_6d1d486946df	GROUP	Docs/researches/groups/group_852_linux_sources_os_linux_linux_fs_userfaultfd_c_sources_os_linux_linux_6d1d486946df_research.md	linux:23 files	23	226180	8360	ok
group_853_linux_sources_os_linux_linux_fs_xattr_c_sources_os_linux_linux_fs_xf_17538b43cd40	GROUP	Docs/researches/groups/group_853_linux_sources_os_linux_linux_fs_xattr_c_sources_os_linux_linux_fs_xf_17538b43cd40_research.md	linux:11 files	11	252437	9241	ok
group_854_linux_sources_os_linux_linux_fs_xfs_libxfs_xfs_attr_c_sources_os_lin_221bb3b73b1f	GROUP	Docs/researches/groups/group_854_linux_sources_os_linux_linux_fs_xfs_libxfs_xfs_attr_c_sources_os_lin_221bb3b73b1f_research.md	linux:9 files	9	185587	6583	ok
group_855_linux_sources_os_linux_linux_fs_xfs_libxfs_xfs_bmap_c_sources_os_lin_295f155c2972	GROUP	Docs/researches/groups/group_855_linux_sources_os_linux_linux_fs_xfs_libxfs_xfs_bmap_c_sources_os_lin_295f155c2972_research.md	linux:4 files	4	209295	7633	ok
group_856_linux_sources_os_linux_linux_fs_xfs_libxfs_xfs_btree_c_sources_os_li_0f62dc9738b7	GROUP	Docs/researches/groups/group_856_linux_sources_os_linux_linux_fs_xfs_libxfs_xfs_btree_c_sources_os_li_0f62dc9738b7_research.md	linux:7 files	7	214416	7820	ok
group_857_linux_sources_os_linux_linux_fs_xfs_libxfs_xfs_da_btree_c_sources_os_5b556b4dcd3d	GROUP	Docs/researches/groups/group_857_linux_sources_os_linux_linux_fs_xfs_libxfs_xfs_da_btree_c_sources_os_5b556b4dcd3d_research.md	linux:8 files	8	240955	8527	ok
group_858_linux_sources_os_linux_linux_fs_xfs_libxfs_xfs_dir2_data_c_sources_o_15397f5c76a2	GROUP	Docs/researches/groups/group_858_linux_sources_os_linux_linux_fs_xfs_libxfs_xfs_dir2_data_c_sources_o_15397f5c76a2_research.md	linux:9 files	9	253487	8989	ok
group_859_linux_sources_os_linux_linux_fs_xfs_libxfs_xfs_format_h_sources_os_l_b6d377cf61f5	GROUP	Docs/researches/groups/group_859_linux_sources_os_linux_linux_fs_xfs_libxfs_xfs_format_h_sources_os_l_b6d377cf61f5_research.md	linux:9 files	9	251324	8280	ok
group_85_9front_sources_os_plan9_9front_sys_src_cmd_gs_jpeg_jcapimin_c_sources_ba005f0d5c51	GROUP	Docs/researches/groups/group_85_9front_sources_os_plan9_9front_sys_src_cmd_gs_jpeg_jcapimin_c_sources_ba005f0d5c51_research.md	9front:21 files	21	259859	7986	ok
group_860_linux_sources_os_linux_linux_fs_xfs_libxfs_xfs_iext_tree_c_sources_o_997e2eb77bfc	GROUP	Docs/researches/groups/group_860_linux_sources_os_linux_linux_fs_xfs_libxfs_xfs_iext_tree_c_sources_o_997e2eb77bfc_research.md	linux:18 files	18	212824	7360	ok
group_861_linux_sources_os_linux_linux_fs_xfs_libxfs_xfs_refcount_c_sources_os_b31e2a2b6dde	GROUP	Docs/researches/groups/group_861_linux_sources_os_linux_linux_fs_xfs_libxfs_xfs_refcount_c_sources_os_b31e2a2b6dde_research.md	linux:10 files	10	246333	9324	ok
group_862_linux_sources_os_linux_linux_fs_xfs_libxfs_xfs_rtgroup_c_sources_os__752e3bcf0532	GROUP	Docs/researches/groups/group_862_linux_sources_os_linux_linux_fs_xfs_libxfs_xfs_rtgroup_c_sources_os__752e3bcf0532_research.md	linux:22 files	22	251024	8795	ok
group_863_linux_sources_os_linux_linux_fs_xfs_scrub_agheader_c_sources_os_linu_03333314e4dc	GROUP	Docs/researches/groups/group_863_linux_sources_os_linux_linux_fs_xfs_scrub_agheader_c_sources_os_linu_03333314e4dc_research.md	linux:13 files	13	245250	9268	ok
group_864_linux_sources_os_linux_linux_fs_xfs_scrub_btree_c_sources_os_linux_l_617095eae354	GROUP	Docs/researches/groups/group_864_linux_sources_os_linux_linux_fs_xfs_scrub_btree_c_sources_os_linux_l_617095eae354_research.md	linux:14 files	14	253756	9723	ok
group_865_linux_sources_os_linux_linux_fs_xfs_scrub_findparent_c_sources_os_li_a64206ccb063	GROUP	Docs/researches/groups/group_865_linux_sources_os_linux_linux_fs_xfs_scrub_findparent_c_sources_os_li_a64206ccb063_research.md	linux:20 files	20	237374	8926	ok
group_866_linux_sources_os_linux_linux_fs_xfs_scrub_nlinks_c_sources_os_linux__54acc58d5a30	GROUP	Docs/researches/groups/group_866_linux_sources_os_linux_linux_fs_xfs_scrub_nlinks_c_sources_os_linux__54acc58d5a30_research.md	linux:22 files	22	258379	9943	ok
group_867_linux_sources_os_linux_linux_fs_xfs_scrub_refcount_c_sources_os_linu_4f20b75ec0d2	GROUP	Docs/researches/groups/group_867_linux_sources_os_linux_linux_fs_xfs_scrub_refcount_c_sources_os_linu_4f20b75ec0d2_research.md	linux:18 files	18	258963	9738	ok
group_868_linux_sources_os_linux_linux_fs_xfs_scrub_rtsummary_repair_c_sources_e11352939d09	GROUP	Docs/researches/groups/group_868_linux_sources_os_linux_linux_fs_xfs_scrub_rtsummary_repair_c_sources_e11352939d09_research.md	linux:16 files	16	262013	9103	ok
group_869_linux_sources_os_linux_linux_fs_xfs_scrub_xfile_c_sources_os_linux_l_27011604ec88	GROUP	Docs/researches/groups/group_869_linux_sources_os_linux_linux_fs_xfs_scrub_xfile_c_sources_os_linux_l_27011604ec88_research.md	linux:18 files	18	239019	8989	ok
group_86_9front_sources_os_plan9_9front_sys_src_cmd_gs_jpeg_jdatasrc_c_sources_28785a4a332f	GROUP	Docs/researches/groups/group_86_9front_sources_os_plan9_9front_sys_src_cmd_gs_jpeg_jdatasrc_c_sources_28785a4a332f_research.md	9front:17 files	17	258223	7682	ok
group_870_linux_sources_os_linux_linux_fs_xfs_xfs_buf_item_c_sources_os_linux__fc6efd745284	GROUP	Docs/researches/groups/group_870_linux_sources_os_linux_linux_fs_xfs_xfs_buf_item_c_sources_os_linux__fc6efd745284_research.md	linux:21 files	21	242250	8498	ok
group_871_linux_sources_os_linux_linux_fs_xfs_xfs_exchrange_c_sources_os_linux_7b8f295735d9	GROUP	Docs/researches/groups/group_871_linux_sources_os_linux_linux_fs_xfs_xfs_exchrange_c_sources_os_linux_7b8f295735d9_research.md	linux:20 files	20	256393	9616	ok
group_872_linux_sources_os_linux_linux_fs_xfs_xfs_healthmon_c_sources_os_linux_83892473dab8	GROUP	Docs/researches/groups/group_872_linux_sources_os_linux_linux_fs_xfs_xfs_healthmon_c_sources_os_linux_83892473dab8_research.md	linux:12 files	12	253496	9329	ok
group_873_linux_sources_os_linux_linux_fs_xfs_xfs_inode_item_recover_c_sources_37882b8d36f4	GROUP	Docs/researches/groups/group_873_linux_sources_os_linux_linux_fs_xfs_xfs_inode_item_recover_c_sources_37882b8d36f4_research.md	linux:15 files	15	229941	8380	ok
group_874_linux_sources_os_linux_linux_fs_xfs_xfs_log_c_sources_os_linux_linux_f03feb0567a2	GROUP	Docs/researches/groups/group_874_linux_sources_os_linux_linux_fs_xfs_xfs_log_c_sources_os_linux_linux_f03feb0567a2_research.md	linux:4 files	4	198472	6440	ok
group_875_linux_sources_os_linux_linux_fs_xfs_xfs_log_recover_c_sources_os_lin_7be14b6951b6	GROUP	Docs/researches/groups/group_875_linux_sources_os_linux_linux_fs_xfs_xfs_log_recover_c_sources_os_lin_7be14b6951b6_research.md	linux:14 files	14	234164	8206	ok
group_876_linux_sources_os_linux_linux_fs_xfs_xfs_qm_c_sources_os_linux_linux__e008bc19cfd5	GROUP	Docs/researches/groups/group_876_linux_sources_os_linux_linux_fs_xfs_xfs_qm_c_sources_os_linux_linux__e008bc19cfd5_research.md	linux:14 files	14	259249	9798	ok
group_877_linux_sources_os_linux_linux_fs_xfs_xfs_stats_c_sources_os_linux_lin_3d607ad3aab7	GROUP	Docs/researches/groups/group_877_linux_sources_os_linux_linux_fs_xfs_xfs_stats_c_sources_os_linux_lin_3d607ad3aab7_research.md	linux:11 files	11	123002	4924	ok
group_878_linux_sources_os_linux_linux_fs_xfs_xfs_trace_h_sources_os_linux_lin_d03b2b958634	GROUP	Docs/researches/groups/group_878_linux_sources_os_linux_linux_fs_xfs_xfs_trace_h_sources_os_linux_lin_d03b2b958634_research.md	linux:3 files	3	253629	8175	ok
group_879_linux_sources_os_linux_linux_fs_xfs_xfs_trans_ail_c_sources_os_linux_dc802e9c5f3c	GROUP	Docs/researches/groups/group_879_linux_sources_os_linux_linux_fs_xfs_xfs_trans_ail_c_sources_os_linux_dc802e9c5f3c_research.md	linux:21 files	21	260459	9978	ok
group_87_9front_sources_os_plan9_9front_sys_src_cmd_gs_jpeg_jerror_h_sources_o_944cbe101115	GROUP	Docs/researches/groups/group_87_9front_sources_os_plan9_9front_sys_src_cmd_gs_jpeg_jerror_h_sources_o_944cbe101115_research.md	9front:19 files	19	254909	7116	ok
group_880_linux_sources_os_linux_linux_include_linux_fs_h_sources_os_linux_lin_f00e873b644b	GROUP	Docs/researches/groups/group_880_linux_sources_os_linux_linux_include_linux_fs_h_sources_os_linux_lin_f00e873b644b_research.md	linux:29 files	29	258096	8963	ok
group_881_linux_sources_os_linux_linux_io_uring_io_uring_c_sources_os_linux_li_0e1b0a004930	GROUP	Docs/researches/groups/group_881_linux_sources_os_linux_linux_io_uring_io_uring_c_sources_os_linux_li_0e1b0a004930_research.md	linux:21 files	21	254821	9766	ok
group_882_linux_sources_os_linux_linux_io_uring_openclose_c_sources_os_linux_l_df3769087c3d	GROUP	Docs/researches/groups/group_882_linux_sources_os_linux_linux_io_uring_openclose_c_sources_os_linux_l_df3769087c3d_research.md	linux:38 files	38	260953	10136	ok
group_883_linux_sources_os_linux_linux_io_uring_zcrx_c_sources_os_linux_linux__2f14f9339062	GROUP	Docs/researches/groups/group_883_linux_sources_os_linux_linux_io_uring_zcrx_c_sources_os_linux_linux__2f14f9339062_research.md	linux:12 files	12	182257	6824	ok
group_884_linux_sources_os_linux_linux_mm_compaction_c_sources_os_linux_linux__5134adc67244	GROUP	Docs/researches/groups/group_884_linux_sources_os_linux_linux_mm_compaction_c_sources_os_linux_linux__5134adc67244_research.md	linux:14 files	14	249921	9128	ok
group_885_linux_sources_os_linux_linux_mm_damon_sysfs_schemes_c_sources_os_lin_364d1af45270	GROUP	Docs/researches/groups/group_885_linux_sources_os_linux_linux_mm_damon_sysfs_schemes_c_sources_os_lin_364d1af45270_research.md	linux:10 files	10	256891	9645	ok
group_886_linux_sources_os_linux_linux_mm_dmapool_c_sources_os_linux_linux_mm__8968fb292e7c	GROUP	Docs/researches/groups/group_886_linux_sources_os_linux_linux_mm_dmapool_c_sources_os_linux_linux_mm__8968fb292e7c_research.md	linux:9 files	9	187561	6802	ok
group_887_linux_sources_os_linux_linux_mm_gup_c_sources_os_linux_linux_mm_gup__48b3904520a8	GROUP	Docs/researches/groups/group_887_linux_sources_os_linux_linux_mm_gup_c_sources_os_linux_linux_mm_gup__48b3904520a8_research.md	linux:5 files	5	160697	5719	ok
group_888_linux_sources_os_linux_linux_mm_huge_memory_c_76fd5acd39dc	GROUP	Docs/researches/groups/group_888_linux_sources_os_linux_linux_mm_huge_memory_c_76fd5acd39dc_research.md	linux:1 files	1	143221	5117	ok
group_889_linux_sources_os_linux_linux_mm_hugetlb_c_sources_os_linux_linux_mm__7a8711afc7b8	GROUP	Docs/researches/groups/group_889_linux_sources_os_linux_linux_mm_hugetlb_c_sources_os_linux_linux_mm__7a8711afc7b8_research.md	linux:7 files	7	260551	9337	ok
group_88_9front_sources_os_plan9_9front_sys_src_cmd_gs_jpeg_jpegtran_c_sources_c21690c388a4	GROUP	Docs/researches/groups/group_88_9front_sources_os_plan9_9front_sys_src_cmd_gs_jpeg_jpegtran_c_sources_c21690c388a4_research.md	9front:11 files	11	253289	7877	ok
group_890_linux_sources_os_linux_linux_mm_hugetlb_vmemmap_c_sources_os_linux_l_8d99a0d20973	GROUP	Docs/researches/groups/group_890_linux_sources_os_linux_linux_mm_hugetlb_vmemmap_c_sources_os_linux_l_8d99a0d20973_research.md	linux:16 files	16	254023	9009	ok
group_891_linux_sources_os_linux_linux_mm_kasan_report_c_sources_os_linux_linu_068ba09614b3	GROUP	Docs/researches/groups/group_891_linux_sources_os_linux_linux_mm_kasan_report_c_sources_os_linux_linu_068ba09614b3_research.md	linux:14 files	14	223708	8053	ok
group_892_linux_sources_os_linux_linux_mm_kmemleak_c_sources_os_linux_linux_mm_e464c4611654	GROUP	Docs/researches/groups/group_892_linux_sources_os_linux_linux_mm_kmemleak_c_sources_os_linux_linux_mm_e464c4611654_research.md	linux:10 files	10	151648	5302	ok
group_893_linux_sources_os_linux_linux_mm_ksm_c_sources_os_linux_linux_mm_list_74e554330aeb	GROUP	Docs/researches/groups/group_893_linux_sources_os_linux_linux_mm_ksm_c_sources_os_linux_linux_mm_list_74e554330aeb_research.md	linux:5 files	5	203271	7466	ok
group_894_linux_sources_os_linux_linux_mm_memblock_c_sources_os_linux_linux_mm_4956e2869b39	GROUP	Docs/researches/groups/group_894_linux_sources_os_linux_linux_mm_memblock_c_sources_os_linux_linux_mm_4956e2869b39_research.md	linux:3 files	3	143615	5300	ok
group_895_linux_sources_os_linux_linux_mm_memcontrol_c_sources_os_linux_linux__b16b2d418fb1	GROUP	Docs/researches/groups/group_895_linux_sources_os_linux_linux_mm_memcontrol_c_sources_os_linux_linux__b16b2d418fb1_research.md	linux:3 files	3	186529	7112	ok
group_896_linux_sources_os_linux_linux_mm_memory_failure_c_sources_os_linux_li_2032808d2629	GROUP	Docs/researches/groups/group_896_linux_sources_os_linux_linux_mm_memory_failure_c_sources_os_linux_li_2032808d2629_research.md	linux:2 files	2	108877	3980	ok
group_897_linux_sources_os_linux_linux_mm_memory_c_5f04e38804ff	GROUP	Docs/researches/groups/group_897_linux_sources_os_linux_linux_mm_memory_c_5f04e38804ff_research.md	linux:1 files	1	217793	7603	ok
group_898_linux_sources_os_linux_linux_mm_memory_hotplug_c_sources_os_linux_li_e1776d8f8c58	GROUP	Docs/researches/groups/group_898_linux_sources_os_linux_linux_mm_memory_hotplug_c_sources_os_linux_li_e1776d8f8c58_research.md	linux:5 files	5	212820	7815	ok
group_899_linux_sources_os_linux_linux_mm_migrate_c_sources_os_linux_linux_mm__6b92afc7f45b	GROUP	Docs/researches/groups/group_899_linux_sources_os_linux_linux_mm_migrate_c_sources_os_linux_linux_mm__6b92afc7f45b_research.md	linux:6 files	6	227602	8234	ok
group_89_9front_sources_os_plan9_9front_sys_src_cmd_gs_jpeg_rdjpgcom_c_sources_affe8e3a51a5	GROUP	Docs/researches/groups/group_89_9front_sources_os_plan9_9front_sys_src_cmd_gs_jpeg_rdjpgcom_c_sources_affe8e3a51a5_research.md	9front:49 files	49	258649	8405	ok
group_8_9front_sources_os_plan9_9front_sys_src_9_omap_archomap_c_sources_os_pl_d2fb715b33bc	GROUP	Docs/researches/groups/group_8_9front_sources_os_plan9_9front_sys_src_9_omap_archomap_c_sources_os_pl_d2fb715b33bc_research.md	9front:36 files	36	259025	11964	ok
group_900_linux_sources_os_linux_linux_mm_mmap_c_sources_os_linux_linux_mm_mma_a810b39292f4	GROUP	Docs/researches/groups/group_900_linux_sources_os_linux_linux_mm_mmap_c_sources_os_linux_linux_mm_mma_a810b39292f4_research.md	linux:9 files	9	215056	7713	ok
group_901_linux_sources_os_linux_linux_mm_nommu_c_sources_os_linux_linux_mm_nu_1c37e9eb11f1	GROUP	Docs/researches/groups/group_901_linux_sources_os_linux_linux_mm_nommu_c_sources_os_linux_linux_mm_nu_1c37e9eb11f1_research.md	linux:6 files	6	211420	7535	ok
group_902_linux_sources_os_linux_linux_mm_page_alloc_c_sources_os_linux_linux__2aaec5e1bbeb	GROUP	Docs/researches/groups/group_902_linux_sources_os_linux_linux_mm_page_alloc_c_sources_os_linux_linux__2aaec5e1bbeb_research.md	linux:4 files	4	257283	9011	ok
group_903_linux_sources_os_linux_linux_mm_page_idle_c_sources_os_linux_linux_m_6b73231f6f80	GROUP	Docs/researches/groups/group_903_linux_sources_os_linux_linux_mm_page_idle_c_sources_os_linux_linux_m_6b73231f6f80_research.md	linux:14 files	14	161007	5860	ok
group_904_linux_sources_os_linux_linux_mm_percpu_c_sources_os_linux_linux_mm_p_872fe1ffab40	GROUP	Docs/researches/groups/group_904_linux_sources_os_linux_linux_mm_percpu_c_sources_os_linux_linux_mm_p_872fe1ffab40_research.md	linux:9 files	9	260583	8722	ok
group_905_linux_sources_os_linux_linux_mm_shmem_c_sources_os_linux_linux_mm_sh_def4e9ea9dab	GROUP	Docs/researches/groups/group_905_linux_sources_os_linux_linux_mm_shmem_c_sources_os_linux_linux_mm_sh_def4e9ea9dab_research.md	linux:8 files	8	238903	8874	ok
group_906_linux_sources_os_linux_linux_mm_slab_common_c_50d6b35dc2e9	GROUP	Docs/researches/groups/group_906_linux_sources_os_linux_linux_mm_slab_common_c_50d6b35dc2e9_research.md	linux:1 files	1	60420	2221	ok
group_907_linux_sources_os_linux_linux_mm_slub_c_3dd111eb7db9	GROUP	Docs/researches/groups/group_907_linux_sources_os_linux_linux_mm_slub_c_3dd111eb7db9_research.md	linux:1 files	1	253510	9953	ok
group_908_linux_sources_os_linux_linux_mm_sparse_vmemmap_c_sources_os_linux_li_55c8b1a90e9a	GROUP	Docs/researches/groups/group_908_linux_sources_os_linux_linux_mm_sparse_vmemmap_c_sources_os_linux_li_55c8b1a90e9a_research.md	linux:10 files	10	255414	9174	ok
group_909_linux_sources_os_linux_linux_mm_usercopy_c_sources_os_linux_linux_mm_7d4ec5baeee7	GROUP	Docs/researches/groups/group_909_linux_sources_os_linux_linux_mm_usercopy_c_sources_os_linux_linux_mm_7d4ec5baeee7_research.md	linux:8 files	8	242891	8672	ok
group_90_9front_sources_os_plan9_9front_sys_src_cmd_gs_libpng_png_h_sources_os_3cbb926c4560	GROUP	Docs/researches/groups/group_90_9front_sources_os_plan9_9front_sys_src_cmd_gs_libpng_png_h_sources_os_3cbb926c4560_research.md	9front:3 files	3	194561	5151	ok
group_910_linux_sources_os_linux_linux_mm_vmalloc_c_sources_os_linux_linux_mm__81d51bd2589d	GROUP	Docs/researches/groups/group_910_linux_sources_os_linux_linux_mm_vmalloc_c_sources_os_linux_linux_mm__81d51bd2589d_research.md	linux:2 files	2	159184	5967	ok
group_911_linux_sources_os_linux_linux_mm_vmscan_c_87476ed209b4	GROUP	Docs/researches/groups/group_911_linux_sources_os_linux_linux_mm_vmscan_c_87476ed209b4_research.md	linux:1 files	1	229140	8068	ok
group_912_linux_sources_os_linux_linux_mm_vmstat_c_sources_os_linux_linux_mm_w_1c31df5c6aef	GROUP	Docs/researches/groups/group_912_linux_sources_os_linux_linux_mm_vmstat_c_sources_os_linux_linux_mm_w_1c31df5c6aef_research.md	linux:5 files	5	207663	7562	ok
group_913_linux_apfs_rw_sources_local_fs_linux_apfs_rw_Makefile_sources_local__e7011f6d617f	GROUP	Docs/researches/groups/group_913_linux_apfs_rw_sources_local_fs_linux_apfs_rw_Makefile_sources_local__e7011f6d617f_research.md	linux-apfs-rw:10 files	10	254613	8720	ok
group_914_linux_apfs_rw_sources_local_fs_linux_apfs_rw_inode_c_sources_local_f_b0a1ffa91e1e	GROUP	Docs/researches/groups/group_914_linux_apfs_rw_sources_local_fs_linux_apfs_rw_inode_c_sources_local_f_b0a1ffa91e1e_research.md	linux-apfs-rw:15 files	15	256723	8283	ok
group_915_linux_apfs_rw_sources_local_fs_linux_apfs_rw_object_c_sources_local__8dd18480addd	GROUP	Docs/researches/groups/group_915_linux_apfs_rw_sources_local_fs_linux_apfs_rw_object_c_sources_local__8dd18480addd_research.md	linux-apfs-rw:6 files	6	161848	5858	ok
group_916_linux_apfs_rw_sources_local_fs_linux_apfs_rw_unicode_c_sources_local_5aa707485885	GROUP	Docs/researches/groups/group_916_linux_apfs_rw_sources_local_fs_linux_apfs_rw_unicode_c_sources_local_5aa707485885_research.md	linux-apfs-rw:4 files	4	187747	4268	ok
group_917_linux_dm_sources_block_storage_linux_dm_drivers_md_Kconfig_sources_b_a382e7a90823	GROUP	Docs/researches/groups/group_917_linux_dm_sources_block_storage_linux_dm_drivers_md_Kconfig_sources_b_a382e7a90823_research.md	linux-dm:18 files	18	260877	9818	ok
group_918_linux_dm_sources_block_storage_linux_dm_drivers_md_bcache_features_h_d400f1af3a25	GROUP	Docs/researches/groups/group_918_linux_dm_sources_block_storage_linux_dm_drivers_md_bcache_features_h_d400f1af3a25_research.md	linux-dm:19 files	19	255082	9943	ok
group_919_linux_dm_sources_block_storage_linux_dm_drivers_md_dm_bio_prison_v1__577136809f1d	GROUP	Docs/researches/groups/group_919_linux_dm_sources_block_storage_linux_dm_drivers_md_dm_bio_prison_v1__577136809f1d_research.md	linux-dm:16 files	16	197740	8147	ok
group_91_9front_sources_os_plan9_9front_sys_src_cmd_gs_libpng_pnggccrd_c_sourc_39e8911cc1e0	GROUP	Docs/researches/groups/group_91_9front_sources_os_plan9_9front_sys_src_cmd_gs_libpng_pnggccrd_c_sourc_39e8911cc1e0_research.md	9front:2 files	2	261095	6342	ok
group_920_linux_dm_sources_block_storage_linux_dm_drivers_md_dm_cache_target_c_34b5077442e2	GROUP	Docs/researches/groups/group_920_linux_dm_sources_block_storage_linux_dm_drivers_md_dm_cache_target_c_34b5077442e2_research.md	linux-dm:5 files	5	176790	7168	ok
group_921_linux_dm_sources_block_storage_linux_dm_drivers_md_dm_crypt_c_source_3b3b20a508f7	GROUP	Docs/researches/groups/group_921_linux_dm_sources_block_storage_linux_dm_drivers_md_dm_crypt_c_source_3b3b20a508f7_research.md	linux-dm:11 files	11	227176	9040	ok
group_922_linux_dm_sources_block_storage_linux_dm_drivers_md_dm_integrity_c_so_22df011f79ca	GROUP	Docs/researches/groups/group_922_linux_dm_sources_block_storage_linux_dm_drivers_md_dm_integrity_c_so_22df011f79ca_research.md	linux-dm:9 files	9	261550	10009	ok
group_923_linux_dm_sources_block_storage_linux_dm_drivers_md_dm_log_writes_c_s_66e978f4d748	GROUP	Docs/researches/groups/group_923_linux_dm_sources_block_storage_linux_dm_drivers_md_dm_log_writes_c_s_66e978f4d748_research.md	linux-dm:11 files	11	147310	6110	ok
group_924_linux_dm_sources_block_storage_linux_dm_drivers_md_dm_raid_c_sources_26afafd58e51	GROUP	Docs/researches/groups/group_924_linux_dm_sources_block_storage_linux_dm_drivers_md_dm_raid_c_sources_26afafd58e51_research.md	linux-dm:7 files	7	219830	8132	ok
group_925_linux_dm_sources_block_storage_linux_dm_drivers_md_dm_snap_c_sources_e7e28400eb7b	GROUP	Docs/researches/groups/group_925_linux_dm_sources_block_storage_linux_dm_drivers_md_dm_snap_c_sources_e7e28400eb7b_research.md	linux-dm:10 files	10	244927	10125	ok
group_926_linux_dm_sources_block_storage_linux_dm_drivers_md_dm_thin_c_sources_c812e79dcd9a	GROUP	Docs/researches/groups/group_926_linux_dm_sources_block_storage_linux_dm_drivers_md_dm_thin_c_sources_c812e79dcd9a_research.md	linux-dm:10 files	10	192847	7658	ok
group_927_linux_dm_sources_block_storage_linux_dm_drivers_md_dm_writecache_c_s_15a894366d58	GROUP	Docs/researches/groups/group_927_linux_dm_sources_block_storage_linux_dm_drivers_md_dm_writecache_c_s_15a894366d58_research.md	linux-dm:7 files	7	216245	8699	ok
group_928_linux_dm_sources_block_storage_linux_dm_drivers_md_dm_c_sources_bloc_b1b9460ba843	GROUP	Docs/researches/groups/group_928_linux_dm_sources_block_storage_linux_dm_drivers_md_dm_c_sources_bloc_b1b9460ba843_research.md	linux-dm:12 files	12	243687	9279	ok
group_929_linux_dm_sources_block_storage_linux_dm_drivers_md_md_h_sources_bloc_10d50aab75a9	GROUP	Docs/researches/groups/group_929_linux_dm_sources_block_storage_linux_dm_drivers_md_md_h_sources_bloc_10d50aab75a9_research.md	linux-dm:24 files	24	246697	9855	ok
group_92_9front_sources_os_plan9_9front_sys_src_cmd_gs_libpng_pngmem_c_sources_fb151a8ed23f	GROUP	Docs/researches/groups/group_92_9front_sources_os_plan9_9front_sys_src_cmd_gs_libpng_pngmem_c_sources_fb151a8ed23f_research.md	9front:5 files	5	257055	7962	ok
group_930_linux_dm_sources_block_storage_linux_dm_drivers_md_raid0_c_sources_b_ed85f6e99f7f	GROUP	Docs/researches/groups/group_930_linux_dm_sources_block_storage_linux_dm_drivers_md_raid0_c_sources_b_ed85f6e99f7f_research.md	linux-dm:5 files	5	126435	4602	ok
group_931_linux_dm_sources_block_storage_linux_dm_drivers_md_raid10_c_sources__d4c15d3f5a84	GROUP	Docs/researches/groups/group_931_linux_dm_sources_block_storage_linux_dm_drivers_md_raid10_c_sources__d4c15d3f5a84_research.md	linux-dm:4 files	4	248458	8799	ok
group_932_linux_dm_sources_block_storage_linux_dm_drivers_md_raid5_ppl_c_546127e86f5e	GROUP	Docs/researches/groups/group_932_linux_dm_sources_block_storage_linux_dm_drivers_md_raid5_ppl_c_546127e86f5e_research.md	linux-dm:1 files	1	43475	1557	ok
group_933_linux_dm_sources_block_storage_linux_dm_drivers_md_raid5_c_bf7a19e683e8	GROUP	Docs/researches/groups/group_933_linux_dm_sources_block_storage_linux_dm_drivers_md_raid5_c_bf7a19e683e8_research.md	linux-dm:1 files	1	254763	8846	ok
group_934_linux_dm_sources_block_storage_linux_dm_drivers_md_raid5_h_8cd2d2ea93f5	GROUP	Docs/researches/groups/group_934_linux_dm_sources_block_storage_linux_dm_drivers_md_raid5_h_8cd2d2ea93f5_research.md	linux-dm:1 files	1	29843	815	ok
group_935_linux_stable_sources_os_linux_linux_stable_fs_9p_Kconfig_sources_os__6e58c5cce5f6	GROUP	Docs/researches/groups/group_935_linux_stable_sources_os_linux_linux_stable_fs_9p_Kconfig_sources_os__6e58c5cce5f6_research.md	linux-stable:38 files	38	259227	10291	ok
group_936_linux_stable_sources_os_linux_linux_stable_fs_affs_amigaffs_h_source_078e64dea7a9	GROUP	Docs/researches/groups/group_936_linux_stable_sources_os_linux_linux_stable_fs_affs_amigaffs_h_source_078e64dea7a9_research.md	linux-stable:22 files	22	258967	9971	ok
group_937_linux_stable_sources_os_linux_linux_stable_fs_afs_dir_search_c_sourc_418f1c7712be	GROUP	Docs/researches/groups/group_937_linux_stable_sources_os_linux_linux_stable_fs_afs_dir_search_c_sourc_418f1c7712be_research.md	linux-stable:13 files	13	245584	8942	ok
group_938_linux_stable_sources_os_linux_linux_stable_fs_afs_proc_c_sources_os__15f6de43d11b	GROUP	Docs/researches/groups/group_938_linux_stable_sources_os_linux_linux_stable_fs_afs_proc_c_sources_os__15f6de43d11b_research.md	linux-stable:21 files	21	244353	9236	ok
group_939_linux_stable_sources_os_linux_linux_stable_fs_afs_yfsclient_c_source_0ba884e2f264	GROUP	Docs/researches/groups/group_939_linux_stable_sources_os_linux_linux_stable_fs_afs_yfsclient_c_source_0ba884e2f264_research.md	linux-stable:18 files	18	260429	10041	ok
group_93_9front_sources_os_plan9_9front_sys_src_cmd_gs_libpng_pngrutil_c_sourc_644e97900d2a	GROUP	Docs/researches/groups/group_93_9front_sources_os_plan9_9front_sys_src_cmd_gs_libpng_pngrutil_c_sourc_644e97900d2a_research.md	9front:4 files	4	196766	6547	ok
group_940_linux_stable_sources_os_linux_linux_stable_fs_befs_befs_h_sources_os_c647dc704c17	GROUP	Docs/researches/groups/group_940_linux_stable_sources_os_linux_linux_stable_fs_befs_befs_h_sources_os_c647dc704c17_research.md	linux-stable:24 files	24	251282	9359	ok
group_941_linux_stable_sources_os_linux_linux_stable_fs_binfmt_misc_c_sources__46b6f2e947af	GROUP	Docs/researches/groups/group_941_linux_stable_sources_os_linux_linux_stable_fs_binfmt_misc_c_sources__46b6f2e947af_research.md	linux-stable:14 files	14	261240	8790	ok
group_942_linux_stable_sources_os_linux_linux_stable_fs_btrfs_bio_h_sources_os_edcaeff8bf45	GROUP	Docs/researches/groups/group_942_linux_stable_sources_os_linux_linux_stable_fs_btrfs_bio_h_sources_os_edcaeff8bf45_research.md	linux-stable:6 files	6	220021	6978	ok
group_943_linux_stable_sources_os_linux_linux_stable_fs_btrfs_compression_c_so_859b18316105	GROUP	Docs/researches/groups/group_943_linux_stable_sources_os_linux_linux_stable_fs_btrfs_compression_c_so_859b18316105_research.md	linux-stable:6 files	6	255560	9254	ok
group_944_linux_stable_sources_os_linux_linux_stable_fs_btrfs_delalloc_space_c_af053c50648d	GROUP	Docs/researches/groups/group_944_linux_stable_sources_os_linux_linux_stable_fs_btrfs_delalloc_space_c_af053c50648d_research.md	linux-stable:12 files	12	239210	7877	ok
group_945_linux_stable_sources_os_linux_linux_stable_fs_btrfs_discard_c_source_80d9f5b74332	GROUP	Docs/researches/groups/group_945_linux_stable_sources_os_linux_linux_stable_fs_btrfs_discard_c_source_80d9f5b74332_research.md	linux-stable:8 files	8	249996	8585	ok
group_946_linux_stable_sources_os_linux_linux_stable_fs_btrfs_extent_tree_c_so_c895a4a9a0fa	GROUP	Docs/researches/groups/group_946_linux_stable_sources_os_linux_linux_stable_fs_btrfs_extent_tree_c_so_c895a4a9a0fa_research.md	linux-stable:2 files	2	202894	7090	ok
group_947_linux_stable_sources_os_linux_linux_stable_fs_btrfs_extent_io_c_sour_d7440ec1915e	GROUP	Docs/researches/groups/group_947_linux_stable_sources_os_linux_linux_stable_fs_btrfs_extent_io_c_sour_d7440ec1915e_research.md	linux-stable:6 files	6	226576	7637	ok
group_948_linux_stable_sources_os_linux_linux_stable_fs_btrfs_file_item_c_sour_ee8f129c3d97	GROUP	Docs/researches/groups/group_948_linux_stable_sources_os_linux_linux_stable_fs_btrfs_file_item_c_sour_ee8f129c3d97_research.md	linux-stable:4 files	4	159942	5446	ok
group_949_linux_stable_sources_os_linux_linux_stable_fs_btrfs_free_space_cache_43869d4f8c6f	GROUP	Docs/researches/groups/group_949_linux_stable_sources_os_linux_linux_stable_fs_btrfs_free_space_cache_43869d4f8c6f_research.md	linux-stable:8 files	8	246948	8890	ok
group_94_9front_sources_os_plan9_9front_sys_src_cmd_gs_libpng_pngvcrd_c_source_8861d02b7529	GROUP	Docs/researches/groups/group_94_9front_sources_os_plan9_9front_sys_src_cmd_gs_libpng_pngvcrd_c_source_8861d02b7529_research.md	9front:4 files	4	215781	6158	pending
group_950_linux_stable_sources_os_linux_linux_stable_fs_btrfs_ioctl_c_sources__7728bb1b432b	GROUP	Docs/researches/groups/group_950_linux_stable_sources_os_linux_linux_stable_fs_btrfs_ioctl_c_sources__7728bb1b432b_research.md	linux-stable:14 files	14	248462	9191	pending
group_951_linux_stable_sources_os_linux_linux_stable_fs_btrfs_print_tree_c_sou_348799f5f08d	GROUP	Docs/researches/groups/group_951_linux_stable_sources_os_linux_linux_stable_fs_btrfs_print_tree_c_sou_348799f5f08d_research.md	linux-stable:8 files	8	201330	7144	pending
group_952_linux_stable_sources_os_linux_linux_stable_fs_btrfs_raid56_c_sources_1bfe9ec20a9b	GROUP	Docs/researches/groups/group_952_linux_stable_sources_os_linux_linux_stable_fs_btrfs_raid56_c_sources_1bfe9ec20a9b_research.md	linux-stable:6 files	6	152741	5407	pending
group_953_linux_stable_sources_os_linux_linux_stable_fs_btrfs_relocation_c_sou_87bb24957d18	GROUP	Docs/researches/groups/group_953_linux_stable_sources_os_linux_linux_stable_fs_btrfs_relocation_c_sou_87bb24957d18_research.md	linux-stable:4 files	4	175540	6744	pending
group_954_linux_stable_sources_os_linux_linux_stable_fs_btrfs_scrub_c_sources__fc9fa2fb3c84	GROUP	Docs/researches/groups/group_954_linux_stable_sources_os_linux_linux_stable_fs_btrfs_scrub_c_sources__fc9fa2fb3c84_research.md	linux-stable:2 files	2	100824	3352	pending
group_955_linux_stable_sources_os_linux_linux_stable_fs_btrfs_send_c_sources_o_4436e6ac90ab	GROUP	Docs/researches/groups/group_955_linux_stable_sources_os_linux_linux_stable_fs_btrfs_send_c_sources_o_4436e6ac90ab_research.md	linux-stable:2 files	2	226521	8513	pending
group_956_linux_stable_sources_os_linux_linux_stable_fs_btrfs_space_info_c_sou_50bde871aaff	GROUP	Docs/researches/groups/group_956_linux_stable_sources_os_linux_linux_stable_fs_btrfs_space_info_c_sou_50bde871aaff_research.md	linux-stable:6 files	6	200417	6391	pending
group_957_linux_stable_sources_os_linux_linux_stable_fs_btrfs_sysfs_c_sources__3f1a086e64a4	GROUP	Docs/researches/groups/group_957_linux_stable_sources_os_linux_linux_stable_fs_btrfs_sysfs_c_sources__3f1a086e64a4_research.md	linux-stable:12 files	12	256392	9646	pending
group_958_linux_stable_sources_os_linux_linux_stable_fs_btrfs_tests_qgroup_tes_6d616d77f1ee	GROUP	Docs/researches/groups/group_958_linux_stable_sources_os_linux_linux_stable_fs_btrfs_tests_qgroup_tes_6d616d77f1ee_research.md	linux-stable:7 files	7	239041	8136	pending
group_959_linux_stable_sources_os_linux_linux_stable_fs_btrfs_tree_log_c_sourc_d0a562f042a2	GROUP	Docs/researches/groups/group_959_linux_stable_sources_os_linux_linux_stable_fs_btrfs_tree_log_c_sourc_d0a562f042a2_research.md	linux-stable:2 files	2	245186	8232	pending
group_95_9front_sources_os_plan9_9front_sys_src_cmd_gs_libpng_pngwutil_c_sourc_86d758493b2a	GROUP	Docs/researches/groups/group_95_9front_sources_os_plan9_9front_sys_src_cmd_gs_libpng_pngwutil_c_sourc_86d758493b2a_research.md	9front:14 files	14	234186	7308	pending
group_960_linux_stable_sources_os_linux_linux_stable_fs_btrfs_tree_mod_log_c_s_39462e0065c4	GROUP	Docs/researches/groups/group_960_linux_stable_sources_os_linux_linux_stable_fs_btrfs_tree_mod_log_c_s_39462e0065c4_research.md	linux-stable:8 files	8	78065	3001	pending
group_961_linux_stable_sources_os_linux_linux_stable_fs_btrfs_volumes_c_6459a0dfad14	GROUP	Docs/researches/groups/group_961_linux_stable_sources_os_linux_linux_stable_fs_btrfs_volumes_c_6459a0dfad14_research.md	linux-stable:1 files	1	249427	8868	pending
group_962_linux_stable_sources_os_linux_linux_stable_fs_btrfs_volumes_h_source_c9b54c72c3c5	GROUP	Docs/researches/groups/group_962_linux_stable_sources_os_linux_linux_stable_fs_btrfs_volumes_h_source_c9b54c72c3c5_research.md	linux-stable:7 files	7	182813	6438	pending
group_963_linux_stable_sources_os_linux_linux_stable_fs_buffer_c_sources_os_li_d927570354d4	GROUP	Docs/researches/groups/group_963_linux_stable_sources_os_linux_linux_stable_fs_buffer_c_sources_os_li_d927570354d4_research.md	linux-stable:19 files	19	234301	8900	pending
group_964_linux_stable_sources_os_linux_linux_stable_fs_ceph_addr_c_sources_os_dfdf86bee415	GROUP	Docs/researches/groups/group_964_linux_stable_sources_os_linux_linux_stable_fs_ceph_addr_c_sources_os_dfdf86bee415_research.md	linux-stable:7 files	7	244841	8866	pending
group_965_linux_stable_sources_os_linux_linux_stable_fs_ceph_debugfs_c_sources_c898e5eec590	GROUP	Docs/researches/groups/group_965_linux_stable_sources_os_linux_linux_stable_fs_ceph_debugfs_c_sources_c898e5eec590_research.md	linux-stable:4 files	4	182685	6789	pending
group_966_linux_stable_sources_os_linux_linux_stable_fs_ceph_inode_c_sources_o_10b67fc1ee09	GROUP	Docs/researches/groups/group_966_linux_stable_sources_os_linux_linux_stable_fs_ceph_inode_c_sources_o_10b67fc1ee09_research.md	linux-stable:6 files	6	127468	4541	pending
group_967_linux_stable_sources_os_linux_linux_stable_fs_ceph_mds_client_c_sour_d593575bf471	GROUP	Docs/researches/groups/group_967_linux_stable_sources_os_linux_linux_stable_fs_ceph_mds_client_c_sour_d593575bf471_research.md	linux-stable:7 files	7	251141	9200	pending
group_968_linux_stable_sources_os_linux_linux_stable_fs_ceph_snap_c_sources_os_e884cf03e4db	GROUP	Docs/researches/groups/group_968_linux_stable_sources_os_linux_linux_stable_fs_ceph_snap_c_sources_os_e884cf03e4db_research.md	linux-stable:21 files	21	256438	9200	pending
group_969_linux_stable_sources_os_linux_linux_stable_fs_coda_inode_c_sources_o_d272c955b36e	GROUP	Docs/researches/groups/group_969_linux_stable_sources_os_linux_linux_stable_fs_coda_inode_c_sources_o_d272c955b36e_research.md	linux-stable:27 files	27	259809	9779	pending
group_96_9front_sources_os_plan9_9front_sys_src_cmd_gs_src_devs_mak_sources_os_d248627b3d5b	GROUP	Docs/researches/groups/group_96_9front_sources_os_plan9_9front_sys_src_cmd_gs_src_devs_mak_sources_os_d248627b3d5b_research.md	9front:6 files	6	247544	8310	pending
group_970_linux_stable_sources_os_linux_linux_stable_fs_crypto_fscrypt_private_a1d0c944f836	GROUP	Docs/researches/groups/group_970_linux_stable_sources_os_linux_linux_stable_fs_crypto_fscrypt_private_a1d0c944f836_research.md	linux-stable:10 files	10	235550	7830	pending
group_971_linux_stable_sources_os_linux_linux_stable_fs_dcache_c_sources_os_li_c4ddee09d2b9	GROUP	Docs/researches/groups/group_971_linux_stable_sources_os_linux_linux_stable_fs_dcache_c_sources_os_li_c4ddee09d2b9_research.md	linux-stable:14 files	14	253748	9195	pending
group_972_linux_stable_sources_os_linux_linux_stable_fs_dlm_debug_fs_c_sources_ad0a7b993970	GROUP	Docs/researches/groups/group_972_linux_stable_sources_os_linux_linux_stable_fs_dlm_debug_fs_c_sources_ad0a7b993970_research.md	linux-stable:8 files	8	245467	9383	pending
group_973_linux_stable_sources_os_linux_linux_stable_fs_dlm_lowcomms_c_sources_c7af4a80b9d7	GROUP	Docs/researches/groups/group_973_linux_stable_sources_os_linux_linux_stable_fs_dlm_lowcomms_c_sources_c7af4a80b9d7_research.md	linux-stable:26 files	26	225112	8900	pending
group_974_linux_stable_sources_os_linux_linux_stable_fs_ecryptfs_crypto_c_sour_438bcc90500e	GROUP	Docs/researches/groups/group_974_linux_stable_sources_os_linux_linux_stable_fs_ecryptfs_crypto_c_sour_438bcc90500e_research.md	linux-stable:10 files	10	255289	8468	pending
group_975_linux_stable_sources_os_linux_linux_stable_fs_ecryptfs_miscdev_c_sou_8b1018e2a484	GROUP	Docs/researches/groups/group_975_linux_stable_sources_os_linux_linux_stable_fs_ecryptfs_miscdev_c_sou_8b1018e2a484_research.md	linux-stable:37 files	37	257440	9394	pending
group_976_linux_stable_sources_os_linux_linux_stable_fs_erofs_super_c_sources__a9166ad3908e	GROUP	Docs/researches/groups/group_976_linux_stable_sources_os_linux_linux_stable_fs_erofs_super_c_sources__a9166ad3908e_research.md	linux-stable:9 files	9	222957	8249	pending
group_977_linux_stable_sources_os_linux_linux_stable_fs_exec_c_sources_os_linu_e534f7cd161b	GROUP	Docs/researches/groups/group_977_linux_stable_sources_os_linux_linux_stable_fs_exec_c_sources_os_linu_e534f7cd161b_research.md	linux-stable:14 files	14	253942	9376	pending
group_978_linux_stable_sources_os_linux_linux_stable_fs_exfat_super_c_sources__be36a1a33be1	GROUP	Docs/researches/groups/group_978_linux_stable_sources_os_linux_linux_stable_fs_exfat_super_c_sources__be36a1a33be1_research.md	linux-stable:15 files	15	233726	8370	pending
group_979_linux_stable_sources_os_linux_linux_stable_fs_ext2_super_c_sources_o_06b28306ae84	GROUP	Docs/researches/groups/group_979_linux_stable_sources_os_linux_linux_stable_fs_ext2_super_c_sources_o_06b28306ae84_research.md	linux-stable:18 files	18	167600	6101	pending
group_97_9front_sources_os_plan9_9front_sys_src_cmd_gs_src_dscparse_h_sources__10466cb3a04a	GROUP	Docs/researches/groups/group_97_9front_sources_os_plan9_9front_sys_src_cmd_gs_src_dscparse_h_sources__10466cb3a04a_research.md	9front:25 files	25	259500	9570	pending
group_980_linux_stable_sources_os_linux_linux_stable_fs_ext4_ext4_h_sources_os_189de7f5de65	GROUP	Docs/researches/groups/group_980_linux_stable_sources_os_linux_linux_stable_fs_ext4_ext4_h_sources_os_189de7f5de65_research.md	linux-stable:5 files	5	210386	6158	pending
group_981_linux_stable_sources_os_linux_linux_stable_fs_ext4_extents_c_sources_42a75f19f557	GROUP	Docs/researches/groups/group_981_linux_stable_sources_os_linux_linux_stable_fs_ext4_extents_c_sources_42a75f19f557_research.md	linux-stable:3 files	3	253413	8954	pending
group_982_linux_stable_sources_os_linux_linux_stable_fs_ext4_fast_commit_c_sou_2d673081e8f8	GROUP	Docs/researches/groups/group_982_linux_stable_sources_os_linux_linux_stable_fs_ext4_fast_commit_c_sou_2d673081e8f8_research.md	linux-stable:9 files	9	226681	7970	pending
group_983_linux_stable_sources_os_linux_linux_stable_fs_ext4_inline_c_sources__cc3518948a2c	GROUP	Docs/researches/groups/group_983_linux_stable_sources_os_linux_linux_stable_fs_ext4_inline_c_sources__cc3518948a2c_research.md	linux-stable:3 files	3	259898	9109	pending
group_984_linux_stable_sources_os_linux_linux_stable_fs_ext4_ioctl_c_sources_o_04cc447b9832	GROUP	Docs/researches/groups/group_984_linux_stable_sources_os_linux_linux_stable_fs_ext4_ioctl_c_sources_o_04cc447b9832_research.md	linux-stable:2 files	2	82082	3022	pending
group_985_linux_stable_sources_os_linux_linux_stable_fs_ext4_mballoc_c_sources_79c0f8a2ce19	GROUP	Docs/researches/groups/group_985_linux_stable_sources_os_linux_linux_stable_fs_ext4_mballoc_c_sources_79c0f8a2ce19_research.md	linux-stable:4 files	4	246726	8674	pending
group_986_linux_stable_sources_os_linux_linux_stable_fs_ext4_move_extent_c_sou_dac448d606dc	GROUP	Docs/researches/groups/group_986_linux_stable_sources_os_linux_linux_stable_fs_ext4_move_extent_c_sou_dac448d606dc_research.md	linux-stable:6 files	6	246266	8826	pending
group_987_linux_stable_sources_os_linux_linux_stable_fs_ext4_super_c_sources_o_c15cacb70cfa	GROUP	Docs/researches/groups/group_987_linux_stable_sources_os_linux_linux_stable_fs_ext4_super_c_sources_o_c15cacb70cfa_research.md	linux-stable:5 files	5	251494	8883	pending
group_988_linux_stable_sources_os_linux_linux_stable_fs_ext4_xattr_c_sources_o_39eb07e8335a	GROUP	Docs/researches/groups/group_988_linux_stable_sources_os_linux_linux_stable_fs_ext4_xattr_c_sources_o_39eb07e8335a_research.md	linux-stable:12 files	12	222959	8643	pending
group_989_linux_stable_sources_os_linux_linux_stable_fs_f2fs_data_c_sources_os_1d35b2484086	GROUP	Docs/researches/groups/group_989_linux_stable_sources_os_linux_linux_stable_fs_f2fs_data_c_sources_os_1d35b2484086_research.md	linux-stable:4 files	4	206600	7868	pending
group_98_9front_sources_os_plan9_9front_sys_src_cmd_gs_src_dxmain_c_sources_os_83c61df77c71	GROUP	Docs/researches/groups/group_98_9front_sources_os_plan9_9front_sys_src_cmd_gs_src_dxmain_c_sources_os_83c61df77c71_research.md	9front:29 files	29	240478	7976	pending
group_990_linux_stable_sources_os_linux_linux_stable_fs_f2fs_f2fs_h_33b075d60d96	GROUP	Docs/researches/groups/group_990_linux_stable_sources_os_linux_linux_stable_fs_f2fs_f2fs_h_33b075d60d96_research.md	linux-stable:1 files	1	170075	5141	pending
group_991_linux_stable_sources_os_linux_linux_stable_fs_f2fs_file_c_sources_os_3c373ae23d46	GROUP	Docs/researches/groups/group_991_linux_stable_sources_os_linux_linux_stable_fs_f2fs_file_c_sources_os_3c373ae23d46_research.md	linux-stable:6 files	6	258413	10172	pending
group_992_linux_stable_sources_os_linux_linux_stable_fs_f2fs_iostat_c_sources__eee5c0735cfb	GROUP	Docs/researches/groups/group_992_linux_stable_sources_os_linux_linux_stable_fs_f2fs_iostat_c_sources__eee5c0735cfb_research.md	linux-stable:6 files	6	172732	6806	pending
group_993_linux_stable_sources_os_linux_linux_stable_fs_f2fs_segment_c_sources_f92c08fbbc5e	GROUP	Docs/researches/groups/group_993_linux_stable_sources_os_linux_linux_stable_fs_f2fs_segment_c_sources_f92c08fbbc5e_research.md	linux-stable:3 files	3	193141	7226	pending
group_994_linux_stable_sources_os_linux_linux_stable_fs_f2fs_super_c_sources_o_83635a0837ef	GROUP	Docs/researches/groups/group_994_linux_stable_sources_os_linux_linux_stable_fs_f2fs_super_c_sources_o_83635a0837ef_research.md	linux-stable:7 files	7	257764	9270	pending
group_995_linux_stable_sources_os_linux_linux_stable_fs_fat_cache_c_sources_os_6c5e209deed8	GROUP	Docs/researches/groups/group_995_linux_stable_sources_os_linux_linux_stable_fs_fat_cache_c_sources_os_6c5e209deed8_research.md	linux-stable:12 files	12	254082	9904	pending
group_996_linux_stable_sources_os_linux_linux_stable_fs_fhandle_c_sources_os_l_b679e6cf6497	GROUP	Docs/researches/groups/group_996_linux_stable_sources_os_linux_linux_stable_fs_fhandle_c_sources_os_l_b679e6cf6497_research.md	linux-stable:24 files	24	257250	9545	pending
group_997_linux_stable_sources_os_linux_linux_stable_fs_fs_parser_c_sources_os_02e97c284274	GROUP	Docs/researches/groups/group_997_linux_stable_sources_os_linux_linux_stable_fs_fs_parser_c_sources_os_02e97c284274_research.md	linux-stable:15 files	15	206915	8501	pending
group_998_linux_stable_sources_os_linux_linux_stable_fs_fuse_dir_c_sources_os__5224a33b6098	GROUP	Docs/researches/groups/group_998_linux_stable_sources_os_linux_linux_stable_fs_fuse_dir_c_sources_os__5224a33b6098_research.md	linux-stable:6 files	6	251130	9921	pending
group_999_linux_stable_sources_os_linux_linux_stable_fs_fuse_ioctl_c_sources_o_513ec38d13af	GROUP	Docs/researches/groups/group_999_linux_stable_sources_os_linux_linux_stable_fs_fuse_ioctl_c_sources_o_513ec38d13af_research.md	linux-stable:20 files	20	251146	9911	pending
group_99_9front_sources_os_plan9_9front_sys_src_cmd_gs_src_gdevbbox_c_sources__1b48f959a214	GROUP	Docs/researches/groups/group_99_9front_sources_os_plan9_9front_sys_src_cmd_gs_src_gdevbbox_c_sources__1b48f959a214_research.md	9front:13 files	13	240577	7509	pending
group_9_9front_sources_os_plan9_9front_sys_src_9_pc_apm_c_sources_os_plan9_9fr_4c668741d410	GROUP	Docs/researches/groups/group_9_9front_sources_os_plan9_9front_sys_src_9_pc_apm_c_sources_os_plan9_9fr_4c668741d410_research.md	9front:22 files	22	259066	13213	pending
